time_index,air_temperature_C,relative_humidity_percent,wind_speed_kmh,presion_hPa,hour,target_temp
2020-01-01 00:00:00,20.6,47,5.4,986.1,0,19.4
2020-01-01 01:00:00,19.4,51,6.8,986.0,1,18.1
2020-01-01 02:00:00,18.1,53,8.2,985.9,2,16.9
2020-01-01 03:00:00,16.9,57,8.4,985.7,3,16.1
2020-01-01 04:00:00,16.1,61,6.3,985.8,4,15.6
2020-01-01 05:00:00,15.6,65,4.9,986.1,5,15.4
2020-01-01 06:00:00,15.4,68,6.1,986.3,6,17.0
2020-01-01 07:00:00,17.0,63,6.1,986.8,7,18.6
2020-01-01 08:00:00,18.6,60,10.0,988.2,8,21.5
2020-01-01 09:00:00,21.5,49,11.2,988.5,9,24.2
2020-01-01 10:00:00,24.2,39,13.4,988.8,10,26.7
2020-01-01 11:00:00,26.7,32,12.0,988.9,11,29.0
2020-01-01 12:00:00,29.0,27,11.6,989.1,12,30.6
2020-01-01 13:00:00,30.6,25,9.4,988.6,13,31.9
2020-01-01 14:00:00,31.9,24,7.8,988.1,14,32.1
2020-01-01 15:00:00,32.1,25,10.1,987.4,15,31.0
2020-01-01 16:00:00,31.0,29,14.4,987.2,16,29.2
2020-01-01 17:00:00,29.2,31,15.2,986.9,17,27.3
2020-01-01 18:00:00,27.3,34,14.6,987.2,18,24.8
2020-01-01 19:00:00,24.8,40,14.3,987.7,19,22.2
2020-01-01 20:00:00,22.2,46,10.8,988.6,20,20.0
2020-01-01 21:00:00,20.0,56,9.8,989.3,21,18.5
2020-01-01 22:00:00,18.5,64,7.5,989.4,22,17.5
2020-01-01 23:00:00,17.5,69,6.6,989.2,23,16.6
2020-01-02 00:00:00,16.6,73,5.6,989.3,0,15.9
2020-01-02 01:00:00,15.9,77,7.1,988.7,1,15.2
2020-01-02 02:00:00,15.2,81,7.4,988.4,2,14.5
2020-01-02 03:00:00,14.5,84,6.1,988.2,3,14.0
2020-01-02 04:00:00,14.0,86,3.6,987.9,4,13.6
2020-01-02 05:00:00,13.6,88,2.3,988.2,5,13.6
2020-01-02 06:00:00,13.6,87,4.4,988.4,6,15.4
2020-01-02 07:00:00,15.4,77,3.3,989.2,7,16.5
2020-01-02 08:00:00,16.5,73,2.1,990.1,8,19.7
2020-01-02 09:00:00,19.7,61,0.4,990.2,9,23.0
2020-01-02 10:00:00,23.0,51,1.5,990.2,10,25.9
2020-01-02 11:00:00,25.9,44,2.1,990.3,11,28.5
2020-01-02 12:00:00,28.5,38,4.5,990.2,12,30.4
2020-01-02 13:00:00,30.4,34,7.6,989.7,13,31.6
2020-01-02 14:00:00,31.6,29,8.5,989.6,14,32.5
2020-01-02 15:00:00,32.5,26,9.7,989.0,15,32.5
2020-01-02 16:00:00,32.5,27,12.2,988.6,16,31.4
2020-01-02 17:00:00,31.4,30,16.2,988.4,17,28.8
2020-01-02 18:00:00,28.8,33,18.8,988.4,18,26.1
2020-01-02 19:00:00,26.1,38,16.0,988.6,19,23.8
2020-01-02 20:00:00,23.8,41,10.3,989.2,20,21.8
2020-01-02 21:00:00,21.8,47,7.1,990.1,21,20.0
2020-01-02 22:00:00,20.0,54,8.4,990.5,22,18.6
2020-01-02 23:00:00,18.6,59,5.8,990.3,23,17.7
2020-01-03 00:00:00,17.7,63,4.2,990.4,0,17.0
2020-01-03 01:00:00,17.0,67,2.5,990.2,1,16.8
2020-01-03 02:00:00,16.8,69,3.1,990.2,2,16.6
2020-01-03 03:00:00,16.6,69,1.8,989.7,3,16.4
2020-01-03 04:00:00,16.4,70,2.3,989.8,4,15.9
2020-01-03 05:00:00,15.9,72,2.9,989.9,5,15.3
2020-01-03 06:00:00,15.3,77,2.3,990.3,6,16.9
2020-01-03 07:00:00,16.9,69,3.8,991.0,7,18.4
2020-01-03 08:00:00,18.4,64,1.3,991.8,8,21.3
2020-01-03 09:00:00,21.3,55,1.3,992.2,9,24.1
2020-01-03 10:00:00,24.1,48,3.6,992.4,10,26.6
2020-01-03 11:00:00,26.6,43,7.4,992.6,11,28.5
2020-01-03 12:00:00,28.5,38,9.6,992.7,12,30.4
2020-01-03 13:00:00,30.4,33,10.9,992.3,13,32.3
2020-01-03 14:00:00,32.3,27,15.7,991.7,14,32.8
2020-01-03 15:00:00,32.8,26,18.2,991.2,15,32.8
2020-01-03 16:00:00,32.8,27,16.0,990.3,16,31.0
2020-01-03 17:00:00,31.0,33,17.1,990.0,17,29.5
2020-01-03 18:00:00,29.5,36,17.6,989.6,18,27.9
2020-01-03 19:00:00,27.9,38,15.3,989.7,19,25.6
2020-01-03 20:00:00,25.6,42,10.2,989.7,20,23.5
2020-01-03 21:00:00,23.5,49,4.0,989.7,21,22.6
2020-01-03 22:00:00,22.6,53,5.0,989.8,22,21.8
2020-01-03 23:00:00,21.8,54,6.2,989.4,23,22.0
2020-01-04 00:00:00,22.0,52,9.2,989.1,0,22.3
2020-01-04 01:00:00,22.3,45,14.2,988.7,1,21.4
2020-01-04 02:00:00,21.4,51,15.5,988.5,2,20.0
2020-01-04 03:00:00,20.0,62,15.1,988.2,3,18.6
2020-01-04 04:00:00,18.6,71,14.7,988.3,4,17.6
2020-01-04 05:00:00,17.6,77,13.1,988.6,5,16.9
2020-01-04 06:00:00,16.9,82,9.3,989.0,6,17.6
2020-01-04 07:00:00,17.6,79,10.6,989.3,7,18.4
2020-01-04 08:00:00,18.4,78,8.6,990.1,8,20.4
2020-01-04 09:00:00,20.4,69,6.4,989.9,9,23.0
2020-01-04 10:00:00,23.0,58,9.1,990.2,10,25.1
2020-01-04 11:00:00,25.1,50,7.4,989.9,11,27.3
2020-01-04 12:00:00,27.3,43,7.2,989.7,12,29.5
2020-01-04 13:00:00,29.5,36,10.9,989.2,13,30.9
2020-01-04 14:00:00,30.9,31,12.4,988.9,14,31.6
2020-01-04 15:00:00,31.6,28,12.6,988.1,15,32.3
2020-01-04 16:00:00,32.3,25,12.1,987.3,16,32.3
2020-01-04 17:00:00,32.3,25,16.1,986.6,17,32.0
2020-01-04 18:00:00,32.0,25,17.4,986.2,18,30.9
2020-01-04 19:00:00,30.9,23,14.6,986.2,19,28.6
2020-01-04 20:00:00,28.6,19,11.1,986.2,20,25.6
2020-01-04 21:00:00,25.6,29,10.2,986.4,21,24.5
2020-01-04 22:00:00,24.5,28,10.7,986.8,22,23.6
2020-01-04 23:00:00,23.6,26,12.5,987.1,23,22.4
2020-01-05 00:00:00,22.4,29,14.5,987.7,0,20.9
2020-01-05 01:00:00,20.9,35,13.8,987.7,1,19.1
2020-01-05 02:00:00,19.1,41,12.9,987.6,2,17.6
2020-01-05 03:00:00,17.6,47,13.5,987.5,3,16.1
2020-01-05 04:00:00,16.1,53,12.2,987.3,4,15.1
2020-01-05 05:00:00,15.1,58,10.7,988.1,5,14.4
2020-01-05 06:00:00,14.4,62,10.6,989.1,6,14.9
2020-01-05 07:00:00,14.9,61,11.3,990.1,7,15.5
2020-01-05 08:00:00,15.5,60,5.0,991.4,8,16.9
2020-01-05 09:00:00,16.9,55,6.9,991.6,9,17.1
2020-01-05 10:00:00,17.1,54,5.3,991.9,10,19.2
2020-01-05 11:00:00,19.2,46,2.6,991.8,11,22.5
2020-01-05 12:00:00,22.5,35,4.0,991.7,12,24.5
2020-01-05 13:00:00,24.5,30,3.1,991.1,13,26.6
2020-01-05 14:00:00,26.6,25,6.8,990.2,14,26.8
2020-01-05 15:00:00,26.8,22,7.2,989.6,15,27.2
2020-01-05 16:00:00,27.2,21,9.8,989.1,16,25.9
2020-01-05 17:00:00,25.9,26,17.3,989.3,17,23.7
2020-01-05 18:00:00,23.7,33,18.4,990.2,18,22.2
2020-01-05 19:00:00,22.2,37,17.1,991.0,19,21.5
2020-01-05 20:00:00,21.5,40,13.8,992.2,20,20.1
2020-01-05 21:00:00,20.1,43,8.4,992.9,21,19.1
2020-01-05 22:00:00,19.1,46,8.0,993.2,22,17.6
2020-01-05 23:00:00,17.6,49,15.0,992.9,23,16.6
2020-01-06 00:00:00,16.6,54,14.6,992.7,0,15.5
2020-01-06 01:00:00,15.5,60,16.7,992.3,1,14.4
2020-01-06 02:00:00,14.4,66,17.7,991.9,2,13.5
2020-01-06 03:00:00,13.5,72,15.9,991.4,3,12.9
2020-01-06 04:00:00,12.9,77,13.7,991.1,4,12.4
2020-01-06 05:00:00,12.4,81,11.1,991.0,5,12.1
2020-01-06 06:00:00,12.1,84,10.0,991.0,6,13.2
2020-01-06 07:00:00,13.2,79,8.7,991.4,7,15.4
2020-01-06 08:00:00,15.4,69,8.5,992.1,8,18.0
2020-01-06 09:00:00,18.0,56,7.8,992.5,9,20.8
2020-01-06 10:00:00,20.8,44,6.9,992.3,10,23.0
2020-01-06 11:00:00,23.0,36,7.4,992.0,11,24.6
2020-01-06 12:00:00,24.6,32,6.9,991.6,12,26.0
2020-01-06 13:00:00,26.0,28,6.3,991.1,13,27.0
2020-01-06 14:00:00,27.0,26,5.2,990.6,14,27.7
2020-01-06 15:00:00,27.7,25,4.5,989.8,15,28.1
2020-01-06 16:00:00,28.1,23,4.5,988.9,16,28.2
2020-01-06 17:00:00,28.2,23,5.8,988.5,17,27.4
2020-01-06 18:00:00,27.4,24,11.0,988.3,18,24.8
2020-01-06 19:00:00,24.8,31,17.6,988.5,19,22.3
2020-01-06 20:00:00,22.3,37,14.8,989.1,20,20.5
2020-01-06 21:00:00,20.5,41,9.4,989.3,21,19.2
2020-01-06 22:00:00,19.2,49,3.2,989.6,22,18.4
2020-01-06 23:00:00,18.4,50,4.0,989.5,23,17.6
2020-01-07 00:00:00,17.6,49,6.9,989.3,0,16.9
2020-01-07 01:00:00,16.9,52,5.7,989.0,1,16.4
2020-01-07 02:00:00,16.4,54,6.9,988.4,2,15.4
2020-01-07 03:00:00,15.4,58,4.4,987.9,3,14.6
2020-01-07 04:00:00,14.6,64,3.8,987.3,4,14.2
2020-01-07 05:00:00,14.2,65,4.4,987.3,5,14.6
2020-01-07 06:00:00,14.6,67,3.2,987.7,6,16.4
2020-01-07 07:00:00,16.4,55,1.8,988.4,7,17.9
2020-01-07 08:00:00,17.9,50,1.1,989.5,8,20.7
2020-01-07 09:00:00,20.7,43,3.3,989.5,9,23.5
2020-01-07 10:00:00,23.5,37,6.5,989.1,10,25.9
2020-01-07 11:00:00,25.9,32,8.7,988.9,11,27.7
2020-01-07 12:00:00,27.7,29,11.2,988.6,12,29.4
2020-01-07 13:00:00,29.4,27,16.5,988.0,13,30.0
2020-01-07 14:00:00,30.0,26,19.6,987.6,14,30.0
2020-01-07 15:00:00,30.0,25,19.6,987.1,15,26.8
2020-01-07 16:00:00,26.8,31,21.5,987.0,16,26.0
2020-01-07 17:00:00,26.0,31,18.7,986.9,17,25.1
2020-01-07 18:00:00,25.1,32,16.6,987.1,18,23.5
2020-01-07 19:00:00,23.5,35,14.1,987.4,19,22.1
2020-01-07 20:00:00,22.1,38,10.5,987.1,20,19.5
2020-01-07 21:00:00,19.5,42,13.0,987.9,21,17.5
2020-01-07 22:00:00,17.5,47,9.3,988.8,22,16.6
2020-01-07 23:00:00,16.6,52,6.7,989.2,23,15.9
2020-01-08 00:00:00,15.9,56,5.8,989.2,0,15.6
2020-01-08 01:00:00,15.6,60,6.2,989.4,1,15.4
2020-01-08 02:00:00,15.4,62,4.7,989.1,2,15.4
2020-01-08 03:00:00,15.4,62,2.6,989.1,3,15.6
2020-01-08 04:00:00,15.6,61,3.2,989.1,4,15.6
2020-01-08 05:00:00,15.6,61,4.7,989.4,5,15.1
2020-01-08 06:00:00,15.1,64,5.8,990.2,6,15.8
2020-01-08 07:00:00,15.8,64,6.9,991.2,7,17.0
2020-01-08 08:00:00,17.0,59,5.1,991.9,8,18.0
2020-01-08 09:00:00,18.0,55,5.8,992.3,9,19.2
2020-01-08 10:00:00,19.2,49,9.6,992.4,10,20.0
2020-01-08 11:00:00,20.0,47,14.2,992.7,11,20.7
2020-01-08 12:00:00,20.7,45,16.4,993.2,12,21.4
2020-01-08 13:00:00,21.4,41,15.3,993.2,13,23.0
2020-01-08 14:00:00,23.0,34,15.7,992.8,14,24.1
2020-01-08 15:00:00,24.1,31,13.8,992.2,15,24.2
2020-01-08 16:00:00,24.2,29,9.1,991.6,16,24.3
2020-01-08 17:00:00,24.3,29,6.7,991.3,17,23.4
2020-01-08 18:00:00,23.4,31,7.6,991.7,18,21.5
2020-01-08 19:00:00,21.5,42,17.1,992.2,19,19.8
2020-01-08 20:00:00,19.8,49,12.6,992.5,20,17.7
2020-01-08 21:00:00,17.7,61,13.0,993.4,21,16.9
2020-01-08 22:00:00,16.9,67,8.9,993.6,22,16.5
2020-01-08 23:00:00,16.5,70,8.0,993.5,23,16.1
2020-01-09 00:00:00,16.1,73,8.4,993.4,0,15.6
2020-01-09 01:00:00,15.6,76,6.9,992.9,1,15.1
2020-01-09 02:00:00,15.1,79,6.9,992.3,2,14.8
2020-01-09 03:00:00,14.8,80,8.2,991.8,3,14.4
2020-01-09 04:00:00,14.4,82,9.9,991.4,4,14.1
2020-01-09 05:00:00,14.1,84,9.5,991.6,5,13.9
2020-01-09 06:00:00,13.9,85,9.2,992.1,6,15.1
2020-01-09 07:00:00,15.1,79,11.6,992.4,7,17.0
2020-01-09 08:00:00,17.0,68,12.9,992.7,8,19.1
2020-01-09 09:00:00,19.1,57,13.2,992.7,9,21.2
2020-01-09 10:00:00,21.2,48,12.0,992.6,10,23.0
2020-01-09 11:00:00,23.0,42,11.2,992.3,11,24.6
2020-01-09 12:00:00,24.6,37,9.8,992.2,12,26.0
2020-01-09 13:00:00,26.0,33,9.7,991.7,13,27.0
2020-01-09 14:00:00,27.0,29,8.5,991.1,14,27.7
2020-01-09 15:00:00,27.7,26,10.0,990.8,15,27.8
2020-01-09 16:00:00,27.8,25,9.7,990.2,16,27.9
2020-01-09 17:00:00,27.9,23,9.9,989.8,17,27.4
2020-01-09 18:00:00,27.4,24,11.4,989.8,18,26.0
2020-01-09 19:00:00,26.0,24,12.6,989.9,19,24.0
2020-01-09 20:00:00,24.0,24,16.7,989.8,20,22.2
2020-01-09 21:00:00,22.2,27,17.4,990.2,21,20.6
2020-01-09 22:00:00,20.6,36,20.4,990.7,22,18.2
2020-01-09 23:00:00,18.2,51,21.1,990.8,23,16.7
2020-01-10 00:00:00,16.7,56,19.0,990.6,0,15.6
2020-01-10 01:00:00,15.6,61,17.8,990.0,1,14.5
2020-01-10 02:00:00,14.5,68,16.5,989.5,2,13.6
2020-01-10 03:00:00,13.6,72,14.8,989.3,3,12.9
2020-01-10 04:00:00,12.9,77,14.0,989.1,4,12.3
2020-01-10 05:00:00,12.3,80,12.5,989.3,5,11.9
2020-01-10 06:00:00,11.9,81,12.7,989.8,6,13.2
2020-01-10 07:00:00,13.2,73,14.3,990.2,7,15.1
2020-01-10 08:00:00,15.1,64,14.0,990.5,8,17.9
2020-01-10 09:00:00,17.9,50,13.7,990.0,9,21.0
2020-01-10 10:00:00,21.0,39,13.6,990.0,10,24.0
2020-01-10 11:00:00,24.0,30,13.4,989.7,11,26.8
2020-01-10 12:00:00,26.8,25,12.8,989.5,12,28.8
2020-01-10 13:00:00,28.8,21,12.0,988.9,13,30.3
2020-01-10 14:00:00,30.3,18,12.3,988.3,14,31.2
2020-01-10 15:00:00,31.2,17,12.9,987.8,15,31.5
2020-01-10 16:00:00,31.5,15,13.5,987.0,16,31.2
2020-01-10 17:00:00,31.2,14,14.0,986.6,17,30.6
2020-01-10 18:00:00,30.6,14,15.3,986.3,18,29.2
2020-01-10 19:00:00,29.2,15,15.9,986.2,19,27.1
2020-01-10 20:00:00,27.1,17,13.2,986.0,20,25.2
2020-01-10 21:00:00,25.2,20,13.8,986.5,21,23.5
2020-01-10 22:00:00,23.5,25,16.1,987.1,22,21.9
2020-01-10 23:00:00,21.9,35,17.6,987.0,23,20.3
2020-01-11 00:00:00,20.3,45,16.9,986.8,0,18.8
2020-01-11 01:00:00,18.8,52,15.5,986.3,1,17.6
2020-01-11 02:00:00,17.6,56,14.1,986.1,2,16.5
2020-01-11 03:00:00,16.5,60,12.5,985.8,3,15.4
2020-01-11 04:00:00,15.4,66,11.7,985.5,4,14.4
2020-01-11 05:00:00,14.4,72,12.2,985.8,5,13.5
2020-01-11 06:00:00,13.5,78,11.9,986.4,6,14.4
2020-01-11 07:00:00,14.4,75,12.4,987.2,7,16.3
2020-01-11 08:00:00,16.3,67,10.5,987.3,8,18.9
2020-01-11 09:00:00,18.9,57,8.2,987.5,9,22.0
2020-01-11 10:00:00,22.0,46,7.6,987.5,10,25.1
2020-01-11 11:00:00,25.1,35,8.9,987.3,11,28.0
2020-01-11 12:00:00,28.0,26,9.7,987.2,12,30.2
2020-01-11 13:00:00,30.2,21,9.5,987.0,13,31.7
2020-01-11 14:00:00,31.7,18,9.7,986.4,14,32.7
2020-01-11 15:00:00,32.7,16,9.2,985.7,15,33.1
2020-01-11 16:00:00,33.1,15,9.7,985.2,16,33.2
2020-01-11 17:00:00,33.2,15,10.9,984.6,17,32.5
2020-01-11 18:00:00,32.5,15,12.0,984.4,18,30.8
2020-01-11 19:00:00,30.8,19,11.5,984.5,19,27.5
2020-01-11 20:00:00,27.5,28,11.3,984.8,20,24.6
2020-01-11 21:00:00,24.6,34,10.5,984.8,21,22.6
2020-01-11 22:00:00,22.6,39,8.8,984.9,22,21.8
2020-01-11 23:00:00,21.8,42,8.3,985.0,23,20.0
2020-01-12 00:00:00,20.0,50,9.9,984.9,0,19.2
2020-01-12 01:00:00,19.2,53,9.8,984.7,1,18.5
2020-01-12 02:00:00,18.5,57,9.9,984.2,2,17.8
2020-01-12 03:00:00,17.8,61,10.2,984.1,3,17.4
2020-01-12 04:00:00,17.4,65,8.9,983.8,4,17.5
2020-01-12 05:00:00,17.5,65,6.8,984.3,5,17.0
2020-01-12 06:00:00,17.0,68,5.1,984.9,6,18.4
2020-01-12 07:00:00,18.4,65,3.1,985.7,7,20.1
2020-01-12 08:00:00,20.1,60,3.2,986.4,8,22.4
2020-01-12 09:00:00,22.4,53,3.7,986.6,9,25.0
2020-01-12 10:00:00,25.0,44,3.0,986.8,10,28.0
2020-01-12 11:00:00,28.0,37,1.1,986.8,11,30.3
2020-01-12 12:00:00,30.3,32,3.6,986.7,12,31.9
2020-01-12 13:00:00,31.9,28,6.3,986.7,13,33.0
2020-01-12 14:00:00,33.0,25,7.3,986.3,14,33.5
2020-01-12 15:00:00,33.5,24,8.7,985.9,15,33.3
2020-01-12 16:00:00,33.3,24,11.9,985.5,16,32.0
2020-01-12 17:00:00,32.0,25,16.0,985.1,17,30.4
2020-01-12 18:00:00,30.4,27,17.7,985.4,18,28.0
2020-01-12 19:00:00,28.0,31,16.2,985.8,19,25.8
2020-01-12 20:00:00,25.8,37,11.3,986.4,20,23.5
2020-01-12 21:00:00,23.5,44,3.9,987.1,21,21.9
2020-01-12 22:00:00,21.9,48,6.6,987.1,22,20.5
2020-01-12 23:00:00,20.5,52,6.4,987.1,23,19.4
2020-01-13 00:00:00,19.4,56,4.1,987.2,0,18.5
2020-01-13 01:00:00,18.5,60,4.6,987.1,1,17.5
2020-01-13 02:00:00,17.5,64,4.8,986.7,2,16.6
2020-01-13 03:00:00,16.6,68,6.1,986.1,3,15.9
2020-01-13 04:00:00,15.9,71,6.9,985.9,4,15.2
2020-01-13 05:00:00,15.2,74,7.0,986.3,5,14.7
2020-01-13 06:00:00,14.7,77,7.4,986.7,6,16.3
2020-01-13 07:00:00,16.3,71,8.0,987.5,7,17.5
2020-01-13 08:00:00,17.5,68,5.6,987.8,8,20.1
2020-01-13 09:00:00,20.1,58,4.1,987.9,9,23.1
2020-01-13 10:00:00,23.1,47,3.8,988.0,10,26.0
2020-01-13 11:00:00,26.0,38,4.5,987.8,11,28.5
2020-01-13 12:00:00,28.5,32,6.7,987.9,12,30.4
2020-01-13 13:00:00,30.4,27,9.1,987.7,13,31.9
2020-01-13 14:00:00,31.9,23,11.3,987.4,14,32.7
2020-01-13 15:00:00,32.7,20,12.2,986.9,15,33.0
2020-01-13 16:00:00,33.0,18,13.4,986.3,16,32.7
2020-01-13 17:00:00,32.7,17,15.0,985.8,17,31.8
2020-01-13 18:00:00,31.8,18,15.5,985.3,18,30.4
2020-01-13 19:00:00,30.4,20,14.0,985.4,19,27.5
2020-01-13 20:00:00,27.5,29,8.7,985.4,20,24.8
2020-01-13 21:00:00,24.8,40,7.9,985.8,21,23.4
2020-01-13 22:00:00,23.4,44,10.5,985.9,22,23.0
2020-01-13 23:00:00,23.0,51,17.4,985.8,23,21.4
2020-01-14 00:00:00,21.4,60,16.5,985.6,0,19.8
2020-01-14 01:00:00,19.8,66,15.2,985.2,1,18.5
2020-01-14 02:00:00,18.5,70,13.9,984.8,2,17.4
2020-01-14 03:00:00,17.4,75,12.6,984.7,3,16.5
2020-01-14 04:00:00,16.5,80,11.2,984.7,4,15.8
2020-01-14 05:00:00,15.8,84,9.8,985.4,5,15.1
2020-01-14 06:00:00,15.1,89,5.3,986.1,6,16.7
2020-01-14 07:00:00,16.7,82,8.6,987.0,7,17.7
2020-01-14 08:00:00,17.7,78,8.0,988.1,8,20.0
2020-01-14 09:00:00,20.0,67,9.0,988.2,9,23.0
2020-01-14 10:00:00,23.0,55,11.4,988.5,10,25.5
2020-01-14 11:00:00,25.5,45,15.5,988.3,11,27.6
2020-01-14 12:00:00,27.6,38,15.3,988.3,12,29.5
2020-01-14 13:00:00,29.5,32,16.9,988.0,13,31.0
2020-01-14 14:00:00,31.0,26,18.2,987.7,14,31.8
2020-01-14 15:00:00,31.8,21,17.4,987.4,15,32.2
2020-01-14 16:00:00,32.2,18,17.6,986.7,16,31.8
2020-01-14 17:00:00,31.8,17,19.2,986.2,17,30.8
2020-01-14 18:00:00,30.8,17,19.9,985.9,18,29.0
2020-01-14 19:00:00,29.0,24,19.4,985.8,19,27.0
2020-01-14 20:00:00,27.0,32,17.1,986.0,20,25.8
2020-01-14 21:00:00,25.8,39,18.8,986.4,21,24.0
2020-01-14 22:00:00,24.0,49,19.4,986.4,22,22.1
2020-01-14 23:00:00,22.1,54,18.6,986.6,23,21.1
2020-01-15 00:00:00,21.1,55,20.1,986.7,0,19.0
2020-01-15 01:00:00,19.0,61,24.5,986.8,1,17.2
2020-01-15 02:00:00,17.2,57,24.1,986.7,2,15.5
2020-01-15 03:00:00,15.5,54,24.1,987.0,3,13.9
2020-01-15 04:00:00,13.9,54,21.9,987.3,4,12.6
2020-01-15 05:00:00,12.6,57,19.7,987.9,5,11.4
2020-01-15 06:00:00,11.4,63,18.5,988.5,6,11.8
2020-01-15 07:00:00,11.8,64,18.2,989.3,7,13.6
2020-01-15 08:00:00,13.6,61,19.5,989.4,8,16.2
2020-01-15 09:00:00,16.2,51,18.2,989.7,9,19.4
2020-01-15 10:00:00,19.4,40,16.7,989.5,10,22.5
2020-01-15 11:00:00,22.5,30,19.6,989.6,11,25.3
2020-01-15 12:00:00,25.3,20,21.8,989.5,12,27.2
2020-01-15 13:00:00,27.2,16,24.1,989.3,13,28.5
2020-01-15 14:00:00,28.5,14,24.3,988.8,14,29.1
2020-01-15 15:00:00,29.1,14,23.7,988.5,15,29.1
2020-01-15 16:00:00,29.1,14,24.7,988.2,16,28.2
2020-01-15 17:00:00,28.2,15,26.8,988.0,17,27.0
2020-01-15 18:00:00,27.0,18,25.5,987.9,18,25.5
2020-01-15 19:00:00,25.5,20,23.3,987.8,19,23.6
2020-01-15 20:00:00,23.6,22,21.1,988.1,20,21.6
2020-01-15 21:00:00,21.6,24,23.4,988.4,21,19.6
2020-01-15 22:00:00,19.6,30,23.7,988.5,22,17.8
2020-01-15 23:00:00,17.8,37,22.4,988.1,23,16.1
2020-01-16 00:00:00,16.1,43,20.6,987.8,0,14.7
2020-01-16 01:00:00,14.7,49,18.3,987.1,1,13.4
2020-01-16 02:00:00,13.4,55,17.1,986.7,2,12.1
2020-01-16 03:00:00,12.1,61,16.5,985.9,3,11.1
2020-01-16 04:00:00,11.1,65,14.5,985.5,4,9.9
2020-01-16 05:00:00,9.9,72,12.6,985.5,5,8.8
2020-01-16 06:00:00,8.8,80,9.6,985.6,6,9.1
2020-01-16 07:00:00,9.1,80,6.5,986.0,7,9.8
2020-01-16 08:00:00,9.8,82,5.1,987.0,8,13.6
2020-01-16 09:00:00,13.6,66,2.9,986.7,9,18.8
2020-01-16 10:00:00,18.8,49,2.3,986.6,10,22.7
2020-01-16 11:00:00,22.7,39,0.7,986.6,11,25.7
2020-01-16 12:00:00,25.7,33,1.8,986.6,12,28.5
2020-01-16 13:00:00,28.5,28,4.7,986.0,13,30.7
2020-01-16 14:00:00,30.7,25,5.9,985.3,14,32.2
2020-01-16 15:00:00,32.2,23,6.6,984.5,15,33.2
2020-01-16 16:00:00,33.2,20,6.1,983.8,16,33.4
2020-01-16 17:00:00,33.4,18,7.7,983.1,17,33.0
2020-01-16 18:00:00,33.0,20,10.1,982.8,18,31.1
2020-01-16 19:00:00,31.1,26,4.1,982.8,19,28.0
2020-01-16 20:00:00,28.0,24,11.9,982.8,20,24.5
2020-01-16 21:00:00,24.5,31,6.5,983.2,21,25.0
2020-01-16 22:00:00,25.0,29,3.3,984.2,22,21.5
2020-01-16 23:00:00,21.5,39,7.3,984.2,23,20.3
2020-01-17 00:00:00,20.3,39,5.4,984.6,0,19.5
2020-01-17 01:00:00,19.5,41,7.0,984.8,1,18.4
2020-01-17 02:00:00,18.4,45,8.2,984.5,2,17.2
2020-01-17 03:00:00,17.2,49,7.7,984.3,3,16.2
2020-01-17 04:00:00,16.2,52,7.1,984.0,4,15.6
2020-01-17 05:00:00,15.6,54,6.9,984.4,5,15.2
2020-01-17 06:00:00,15.2,56,6.4,984.7,6,17.0
2020-01-17 07:00:00,17.0,51,5.8,985.0,7,18.8
2020-01-17 08:00:00,18.8,51,5.2,985.8,8,22.0
2020-01-17 09:00:00,22.0,43,4.3,985.9,9,25.5
2020-01-17 10:00:00,25.5,34,4.7,985.9,10,28.7
2020-01-17 11:00:00,28.7,28,4.0,985.9,11,31.2
2020-01-17 12:00:00,31.2,24,2.6,986.0,12,33.2
2020-01-17 13:00:00,33.2,22,1.3,985.6,13,34.5
2020-01-17 14:00:00,34.5,20,0.7,985.2,14,35.3
2020-01-17 15:00:00,35.3,19,4.1,984.6,15,35.5
2020-01-17 16:00:00,35.5,19,7.9,984.1,16,34.7
2020-01-17 17:00:00,34.7,20,13.7,983.7,17,32.0
2020-01-17 18:00:00,32.0,26,18.7,983.8,18,29.0
2020-01-17 19:00:00,29.0,32,15.9,983.7,19,27.3
2020-01-17 20:00:00,27.3,35,10.5,983.7,20,24.4
2020-01-17 21:00:00,24.4,43,7.4,985.0,21,22.1
2020-01-17 22:00:00,22.1,49,8.4,985.4,22,20.4
2020-01-17 23:00:00,20.4,55,6.2,985.3,23,19.0
2020-01-18 00:00:00,19.0,63,3.9,985.1,0,18.1
2020-01-18 01:00:00,18.1,66,4.5,984.6,1,17.2
2020-01-18 02:00:00,17.2,68,5.2,984.1,2,17.3
2020-01-18 03:00:00,17.3,66,3.8,983.6,3,16.9
2020-01-18 04:00:00,16.9,69,0.7,983.1,4,16.9
2020-01-18 05:00:00,16.9,69,2.7,982.9,5,16.8
2020-01-18 06:00:00,16.8,69,1.6,983.4,6,18.2
2020-01-18 07:00:00,18.2,64,1.8,983.8,7,20.4
2020-01-18 08:00:00,20.4,53,0.4,984.7,8,23.0
2020-01-18 09:00:00,23.0,46,2.3,984.6,9,25.6
2020-01-18 10:00:00,25.6,40,1.4,984.8,10,28.6
2020-01-18 11:00:00,28.6,33,3.1,985.2,11,31.2
2020-01-18 12:00:00,31.2,29,2.4,984.7,12,33.2
2020-01-18 13:00:00,33.2,26,3.4,984.4,13,34.6
2020-01-18 14:00:00,34.6,24,4.7,984.1,14,35.4
2020-01-18 15:00:00,35.4,23,6.9,983.6,15,35.2
2020-01-18 16:00:00,35.2,23,9.2,983.2,16,33.1
2020-01-18 17:00:00,33.1,27,13.6,982.9,17,30.5
2020-01-18 18:00:00,30.5,32,15.1,982.7,18,28.9
2020-01-18 19:00:00,28.9,35,10.9,982.8,19,27.0
2020-01-18 20:00:00,27.0,39,7.6,982.9,20,25.2
2020-01-18 21:00:00,25.2,43,6.8,983.5,21,23.7
2020-01-18 22:00:00,23.7,48,5.9,983.7,22,23.1
2020-01-18 23:00:00,23.1,49,4.5,984.1,23,23.0
2020-01-19 00:00:00,23.0,49,5.4,984.6,0,22.2
2020-01-19 01:00:00,22.2,51,4.7,984.2,1,21.8
2020-01-19 02:00:00,21.8,54,6.5,984.0,2,20.4
2020-01-19 03:00:00,20.4,59,6.4,984.5,3,19.0
2020-01-19 04:00:00,19.0,66,9.1,984.6,4,17.9
2020-01-19 05:00:00,17.9,74,8.3,984.5,5,17.2
2020-01-19 06:00:00,17.2,78,4.5,985.0,6,18.3
2020-01-19 07:00:00,18.3,74,5.4,985.7,7,19.7
2020-01-19 08:00:00,19.7,67,2.1,986.3,8,22.5
2020-01-19 09:00:00,22.5,56,2.3,986.5,9,25.0
2020-01-19 10:00:00,25.0,48,3.3,986.9,10,27.4
2020-01-19 11:00:00,27.4,41,4.0,987.1,11,30.1
2020-01-19 12:00:00,30.1,36,3.6,987.3,12,31.9
2020-01-19 13:00:00,31.9,32,2.8,986.8,13,32.8
2020-01-19 14:00:00,32.8,29,4.0,986.8,14,32.7
2020-01-19 15:00:00,32.7,29,6.9,986.6,15,30.5
2020-01-19 16:00:00,30.5,35,16.9,986.4,16,28.6
2020-01-19 17:00:00,28.6,39,14.6,986.4,17,27.9
2020-01-19 18:00:00,27.9,41,11.5,986.1,18,26.8
2020-01-19 19:00:00,26.8,43,8.6,986.2,19,23.5
2020-01-19 20:00:00,23.5,52,10.4,986.8,20,22.0
2020-01-19 21:00:00,22.0,57,8.0,987.1,21,20.8
2020-01-19 22:00:00,20.8,61,7.6,987.7,22,19.7
2020-01-19 23:00:00,19.7,65,6.5,987.7,23,19.0
2020-01-20 00:00:00,19.0,68,5.4,987.8,0,18.5
2020-01-20 01:00:00,18.5,70,2.9,987.7,1,17.9
2020-01-20 02:00:00,17.9,74,2.5,987.5,2,17.4
2020-01-20 03:00:00,17.4,77,2.7,987.1,3,16.6
2020-01-20 04:00:00,16.6,80,3.5,986.8,4,16.5
2020-01-20 05:00:00,16.5,80,3.3,987.1,5,15.9
2020-01-20 06:00:00,15.9,83,3.0,987.2,6,17.3
2020-01-20 07:00:00,17.3,75,2.5,987.3,7,18.6
2020-01-20 08:00:00,18.6,74,3.0,988.0,8,21.5
2020-01-20 09:00:00,21.5,63,3.3,988.1,9,24.5
2020-01-20 10:00:00,24.5,52,3.6,988.1,10,27.1
2020-01-20 11:00:00,27.1,44,4.5,988.4,11,29.2
2020-01-20 12:00:00,29.2,37,6.4,988.3,12,30.9
2020-01-20 13:00:00,30.9,30,8.5,988.1,13,32.3
2020-01-20 14:00:00,32.3,25,9.8,987.9,14,33.2
2020-01-20 15:00:00,33.2,23,9.5,987.3,15,34.0
2020-01-20 16:00:00,34.0,20,10.7,986.8,16,33.8
2020-01-20 17:00:00,33.8,19,12.7,986.3,17,32.9
2020-01-20 18:00:00,32.9,20,13.5,986.0,18,30.2
2020-01-20 19:00:00,30.2,29,14.2,986.0,19,26.9
2020-01-20 20:00:00,26.9,36,10.1,986.1,20,24.5
2020-01-20 21:00:00,24.5,40,8.3,986.1,21,22.7
2020-01-20 22:00:00,22.7,43,6.8,986.2,22,21.1
2020-01-20 23:00:00,21.1,47,5.4,986.3,23,20.0
2020-01-21 00:00:00,20.0,50,5.9,986.5,0,19.2
2020-01-21 01:00:00,19.2,53,5.9,986.0,1,19.3
2020-01-21 02:00:00,19.3,49,7.4,985.6,2,19.1
2020-01-21 03:00:00,19.1,45,8.8,985.3,3,18.1
2020-01-21 04:00:00,18.1,48,8.0,985.4,4,17.1
2020-01-21 05:00:00,17.1,56,6.6,985.6,5,16.2
2020-01-21 06:00:00,16.2,65,6.0,985.8,6,18.0
2020-01-21 07:00:00,18.0,64,8.1,986.3,7,19.0
2020-01-21 08:00:00,19.0,60,4.2,987.2,8,21.6
2020-01-21 09:00:00,21.6,51,1.8,986.9,9,24.9
2020-01-21 10:00:00,24.9,42,2.6,987.2,10,28.2
2020-01-21 11:00:00,28.2,35,1.4,987.2,11,30.8
2020-01-21 12:00:00,30.8,30,3.3,987.3,12,32.2
2020-01-21 13:00:00,32.2,26,6.6,987.2,13,33.2
2020-01-21 14:00:00,33.2,24,8.8,986.8,14,33.6
2020-01-21 15:00:00,33.6,23,8.9,986.2,15,33.7
2020-01-21 16:00:00,33.7,22,9.5,985.8,16,33.2
2020-01-21 17:00:00,33.2,22,10.8,985.3,17,32.2
2020-01-21 18:00:00,32.2,23,13.4,985.1,18,30.3
2020-01-21 19:00:00,30.3,26,13.8,985.1,19,28.0
2020-01-21 20:00:00,28.0,31,10.3,984.9,20,24.7
2020-01-21 21:00:00,24.7,41,7.2,985.0,21,22.5
2020-01-21 22:00:00,22.5,49,6.1,985.6,22,20.5
2020-01-21 23:00:00,20.5,58,7.2,985.6,23,19.1
2020-01-22 00:00:00,19.1,65,3.0,985.7,0,18.2
2020-01-22 01:00:00,18.2,70,4.3,985.4,1,17.9
2020-01-22 02:00:00,17.9,69,4.9,984.9,2,17.5
2020-01-22 03:00:00,17.5,68,4.0,984.6,3,16.5
2020-01-22 04:00:00,16.5,71,3.3,984.6,4,16.3
2020-01-22 05:00:00,16.3,73,5.7,984.9,5,15.9
2020-01-22 06:00:00,15.9,77,7.5,985.6,6,17.3
2020-01-22 07:00:00,17.3,73,9.4,986.6,7,18.0
2020-01-22 08:00:00,18.0,72,6.8,987.6,8,20.5
2020-01-22 09:00:00,20.5,61,8.0,988.2,9,23.0
2020-01-22 10:00:00,23.0,53,9.0,988.6,10,25.4
2020-01-22 11:00:00,25.4,46,8.8,988.4,11,27.5
2020-01-22 12:00:00,27.5,41,7.7,987.9,12,29.4
2020-01-22 13:00:00,29.4,37,6.5,987.7,13,31.0
2020-01-22 14:00:00,31.0,34,5.8,987.3,14,31.8
2020-01-22 15:00:00,31.8,32,5.6,986.7,15,32.1
2020-01-22 16:00:00,32.1,32,7.3,986.3,16,31.3
2020-01-22 17:00:00,31.3,33,11.3,986.2,17,28.9
2020-01-22 18:00:00,28.9,39,17.0,986.2,18,26.0
2020-01-22 19:00:00,26.0,45,15.2,986.5,19,24.9
2020-01-22 20:00:00,24.9,48,8.6,987.0,20,23.4
2020-01-22 21:00:00,23.4,52,5.2,987.7,21,22.2
2020-01-22 22:00:00,22.2,56,4.8,988.3,22,21.0
2020-01-22 23:00:00,21.0,60,6.5,988.6,23,19.7
2020-01-23 00:00:00,19.7,65,7.4,988.6,0,18.7
2020-01-23 01:00:00,18.7,69,7.1,988.4,1,18.1
2020-01-23 02:00:00,18.1,71,3.6,988.7,2,17.9
2020-01-23 03:00:00,17.9,76,2.2,989.0,3,17.5
2020-01-23 04:00:00,17.5,77,3.0,989.2,4,17.4
2020-01-23 05:00:00,17.4,75,3.3,989.7,5,17.0
2020-01-23 06:00:00,17.0,78,4.7,990.1,6,17.7
2020-01-23 07:00:00,17.7,75,5.4,990.6,7,18.5
2020-01-23 08:00:00,18.5,72,4.3,991.6,8,21.1
2020-01-23 09:00:00,21.1,61,4.1,991.8,9,23.8
2020-01-23 10:00:00,23.8,53,2.2,992.0,10,26.5
2020-01-23 11:00:00,26.5,45,1.0,992.1,11,28.8
2020-01-23 12:00:00,28.8,40,0.4,992.0,12,30.4
2020-01-23 13:00:00,30.4,36,2.2,991.4,13,31.6
2020-01-23 14:00:00,31.6,34,4.2,990.7,14,32.5
2020-01-23 15:00:00,32.5,32,5.4,989.9,15,32.8
2020-01-23 16:00:00,32.8,31,10.1,989.5,16,30.5
2020-01-23 17:00:00,30.5,35,18.3,989.5,17,28.1
2020-01-23 18:00:00,28.1,41,18.9,989.5,18,27.0
2020-01-23 19:00:00,27.0,43,15.9,989.5,19,25.8
2020-01-23 20:00:00,25.8,47,12.1,989.8,20,24.1
2020-01-23 21:00:00,24.1,52,8.4,990.0,21,22.6
2020-01-23 22:00:00,22.6,56,8.8,990.7,22,21.3
2020-01-23 23:00:00,21.3,61,8.4,990.4,23,20.4
2020-01-24 00:00:00,20.4,65,6.6,990.2,0,19.9
2020-01-24 01:00:00,19.9,67,4.2,989.9,1,19.6
2020-01-24 02:00:00,19.6,68,4.0,989.6,2,19.1
2020-01-24 03:00:00,19.1,70,3.4,989.2,3,18.5
2020-01-24 04:00:00,18.5,74,3.5,989.0,4,18.1
2020-01-24 05:00:00,18.1,76,3.4,989.1,5,17.7
2020-01-24 06:00:00,17.7,77,2.9,989.1,6,19.0
2020-01-24 07:00:00,19.0,71,5.3,989.6,7,20.6
2020-01-24 08:00:00,20.6,62,6.5,990.2,8,22.6
2020-01-24 09:00:00,22.6,54,5.9,990.6,9,25.1
2020-01-24 10:00:00,25.1,45,5.4,990.7,10,27.2
2020-01-24 11:00:00,27.2,38,5.4,990.7,11,29.7
2020-01-24 12:00:00,29.7,29,8.0,990.4,12,31.9
2020-01-24 13:00:00,31.9,21,10.4,989.8,13,33.5
2020-01-24 14:00:00,33.5,15,13.5,989.5,14,34.2
2020-01-24 15:00:00,34.2,13,14.7,988.9,15,34.8
2020-01-24 16:00:00,34.8,12,15.3,988.3,16,34.8
2020-01-24 17:00:00,34.8,13,14.3,987.9,17,33.9
2020-01-24 18:00:00,33.9,15,12.3,987.7,18,30.6
2020-01-24 19:00:00,30.6,26,16.2,988.0,19,27.9
2020-01-24 20:00:00,27.9,33,13.7,988.6,20,25.6
2020-01-24 21:00:00,25.6,38,6.6,989.1,21,23.6
2020-01-24 22:00:00,23.6,47,7.4,989.5,22,24.0
2020-01-24 23:00:00,24.0,43,3.2,989.7,23,21.3
2020-01-25 00:00:00,21.3,53,5.4,989.7,0,20.1
2020-01-25 01:00:00,20.1,53,9.5,989.4,1,20.5
2020-01-25 02:00:00,20.5,36,8.2,989.3,2,20.1
2020-01-25 03:00:00,20.1,34,8.7,989.2,3,18.8
2020-01-25 04:00:00,18.8,42,9.3,989.2,4,17.5
2020-01-25 05:00:00,17.5,50,9.0,989.5,5,16.4
2020-01-25 06:00:00,16.4,56,8.2,990.0,6,17.2
2020-01-25 07:00:00,17.2,54,8.9,990.5,7,18.8
2020-01-25 08:00:00,18.8,51,6.2,991.6,8,21.0
2020-01-25 09:00:00,21.0,45,4.6,991.5,9,23.9
2020-01-25 10:00:00,23.9,38,5.2,991.5,10,27.0
2020-01-25 11:00:00,27.0,31,5.7,991.3,11,29.7
2020-01-25 12:00:00,29.7,24,7.1,991.2,12,31.9
2020-01-25 13:00:00,31.9,19,8.7,990.6,13,33.3
2020-01-25 14:00:00,33.3,17,9.8,990.2,14,34.0
2020-01-25 15:00:00,34.0,16,10.5,989.6,15,34.3
2020-01-25 16:00:00,34.3,15,10.7,989.0,16,34.4
2020-01-25 17:00:00,34.4,14,12.4,988.5,17,33.5
2020-01-25 18:00:00,33.5,15,12.2,988.1,18,31.4
2020-01-25 19:00:00,31.4,22,11.1,988.0,19,28.5
2020-01-25 20:00:00,28.5,32,10.8,988.3,20,26.1
2020-01-25 21:00:00,26.1,38,8.8,988.8,21,24.3
2020-01-25 22:00:00,24.3,44,6.0,989.3,22,23.2
2020-01-25 23:00:00,23.2,50,8.7,989.4,23,23.0
2020-01-26 00:00:00,23.0,45,8.6,989.9,0,23.8
2020-01-26 01:00:00,23.8,39,10.2,990.1,1,22.8
2020-01-26 02:00:00,22.8,46,12.0,990.0,2,21.5
2020-01-26 03:00:00,21.5,55,13.1,990.1,3,20.2
2020-01-26 04:00:00,20.2,63,11.6,990.2,4,19.2
2020-01-26 05:00:00,19.2,69,9.5,990.6,5,18.4
2020-01-26 06:00:00,18.4,74,8.1,991.0,6,19.2
2020-01-26 07:00:00,19.2,72,9.2,991.9,7,21.0
2020-01-26 08:00:00,21.0,67,6.3,992.9,8,23.0
2020-01-26 09:00:00,23.0,60,5.3,993.2,9,25.5
2020-01-26 10:00:00,25.5,51,6.6,992.9,10,28.2
2020-01-26 11:00:00,28.2,41,8.7,992.9,11,30.6
2020-01-26 12:00:00,30.6,33,9.9,992.7,12,32.2
2020-01-26 13:00:00,32.2,29,10.5,992.1,13,33.5
2020-01-26 14:00:00,33.5,26,11.3,991.4,14,34.2
2020-01-26 15:00:00,34.2,24,12.7,990.6,15,34.3
2020-01-26 16:00:00,34.3,22,13.8,990.1,16,34.0
2020-01-26 17:00:00,34.0,23,14.8,989.4,17,33.6
2020-01-26 18:00:00,33.6,25,16.1,988.9,18,32.7
2020-01-26 19:00:00,32.7,27,14.4,988.7,19,31.0
2020-01-26 20:00:00,31.0,30,12.4,988.5,20,29.5
2020-01-26 21:00:00,29.5,34,13.5,989.0,21,28.1
2020-01-26 22:00:00,28.1,37,15.8,989.4,22,27.0
2020-01-26 23:00:00,27.0,36,15.9,989.4,23,26.0
2020-01-27 00:00:00,26.0,34,16.0,989.5,0,24.5
2020-01-27 01:00:00,24.5,36,15.7,989.3,1,23.2
2020-01-27 02:00:00,23.2,40,14.4,988.8,2,22.0
2020-01-27 03:00:00,22.0,45,14.3,988.3,3,20.9
2020-01-27 04:00:00,20.9,51,12.7,988.0,4,19.9
2020-01-27 05:00:00,19.9,56,10.8,988.1,5,18.9
2020-01-27 06:00:00,18.9,61,8.9,988.2,6,19.5
2020-01-27 07:00:00,19.5,59,11.4,989.0,7,20.7
2020-01-27 08:00:00,20.7,57,7.9,989.5,8,23.0
2020-01-27 09:00:00,23.0,50,5.4,989.7,9,25.5
2020-01-27 10:00:00,25.5,43,4.9,989.5,10,28.1
2020-01-27 11:00:00,28.1,37,5.9,989.5,11,30.4
2020-01-27 12:00:00,30.4,31,5.9,989.3,12,32.5
2020-01-27 13:00:00,32.5,26,7.1,988.9,13,33.9
2020-01-27 14:00:00,33.9,23,10.0,988.6,14,34.6
2020-01-27 15:00:00,34.6,20,12.7,988.0,15,34.8
2020-01-27 16:00:00,34.8,18,12.9,987.4,16,34.8
2020-01-27 17:00:00,34.8,17,13.9,986.7,17,34.6
2020-01-27 18:00:00,34.6,15,13.7,986.3,18,32.8
2020-01-27 19:00:00,32.8,19,11.8,986.0,19,29.5
2020-01-27 20:00:00,29.5,28,11.5,986.0,20,27.0
2020-01-27 21:00:00,27.0,34,9.7,986.4,21,25.7
2020-01-27 22:00:00,25.7,38,7.9,986.8,22,24.4
2020-01-27 23:00:00,24.4,45,7.6,986.9,23,24.1
2020-01-28 00:00:00,24.1,41,6.4,987.3,0,23.8
2020-01-28 01:00:00,23.8,41,8.8,987.3,1,22.5
2020-01-28 02:00:00,22.5,44,7.4,986.9,2,21.5
2020-01-28 03:00:00,21.5,49,5.9,986.7,3,21.0
2020-01-28 04:00:00,21.0,51,6.1,987.0,4,20.4
2020-01-28 05:00:00,20.4,51,7.4,987.3,5,19.5
2020-01-28 06:00:00,19.5,54,9.0,987.7,6,20.0
2020-01-28 07:00:00,20.0,56,12.6,988.1,7,21.1
2020-01-28 08:00:00,21.1,54,8.2,988.7,8,22.6
2020-01-28 09:00:00,22.6,51,6.8,988.8,9,24.8
2020-01-28 10:00:00,24.8,46,5.4,988.6,10,27.4
2020-01-28 11:00:00,27.4,40,5.3,988.6,11,29.8
2020-01-28 12:00:00,29.8,34,8.1,988.2,12,31.5
2020-01-28 13:00:00,31.5,31,14.0,987.8,13,32.1
2020-01-28 14:00:00,32.1,29,16.2,987.3,14,32.8
2020-01-28 15:00:00,32.8,28,13.0,987.0,15,33.5
2020-01-28 16:00:00,33.5,27,11.8,986.2,16,32.5
2020-01-28 17:00:00,32.5,30,16.7,985.7,17,29.6
2020-01-28 18:00:00,29.6,40,16.7,986.0,18,28.6
2020-01-28 19:00:00,28.6,41,15.1,986.3,19,28.0
2020-01-28 20:00:00,28.0,40,20.1,986.0,20,26.2
2020-01-28 21:00:00,26.2,47,16.8,986.4,21,24.8
2020-01-28 22:00:00,24.8,53,16.2,986.9,22,24.5
2020-01-28 23:00:00,24.5,52,13.8,987.3,23,23.7
2020-01-29 00:00:00,23.7,48,4.1,988.2,0,22.2
2020-01-29 01:00:00,22.2,50,8.3,988.0,1,20.0
2020-01-29 02:00:00,20.0,60,8.9,988.2,2,18.6
2020-01-29 03:00:00,18.6,75,6.8,988.1,3,17.9
2020-01-29 04:00:00,17.9,84,6.4,988.4,4,16.7
2020-01-29 05:00:00,16.7,84,8.9,988.5,5,15.2
2020-01-29 06:00:00,15.2,76,10.8,989.2,6,15.1
2020-01-29 07:00:00,15.1,68,8.1,990.0,7,17.1
2020-01-29 08:00:00,17.1,60,6.8,990.3,8,19.4
2020-01-29 09:00:00,19.4,54,5.8,990.5,9,21.6
2020-01-29 10:00:00,21.6,49,5.7,990.9,10,23.9
2020-01-29 11:00:00,23.9,44,3.4,990.3,11,26.5
2020-01-29 12:00:00,26.5,39,3.5,990.3,12,28.5
2020-01-29 13:00:00,28.5,35,4.7,990.0,13,30.4
2020-01-29 14:00:00,30.4,32,9.2,989.5,14,30.8
2020-01-29 15:00:00,30.8,30,11.3,988.9,15,30.7
2020-01-29 16:00:00,30.7,30,13.3,988.5,16,30.3
2020-01-29 17:00:00,30.3,31,13.0,988.2,17,29.8
2020-01-29 18:00:00,29.8,32,13.4,988.0,18,28.5
2020-01-29 19:00:00,28.5,35,12.7,988.4,19,25.8
2020-01-29 20:00:00,25.8,35,14.3,988.9,20,23.4
2020-01-29 21:00:00,23.4,38,12.0,989.3,21,21.8
2020-01-29 22:00:00,21.8,42,8.2,989.7,22,20.8
2020-01-29 23:00:00,20.8,49,5.6,989.8,23,21.2
2020-01-30 00:00:00,21.2,44,2.6,989.8,0,19.7
2020-01-30 01:00:00,19.7,48,7.2,989.5,1,19.4
2020-01-30 02:00:00,19.4,40,6.5,989.0,2,18.3
2020-01-30 03:00:00,18.3,37,6.9,988.7,3,18.0
2020-01-30 04:00:00,18.0,36,7.3,988.7,4,17.0
2020-01-30 05:00:00,17.0,38,8.4,989.0,5,15.9
2020-01-30 06:00:00,15.9,42,7.8,989.3,6,16.6
2020-01-30 07:00:00,16.6,41,8.9,989.8,7,18.1
2020-01-30 08:00:00,18.1,40,6.3,990.5,8,20.6
2020-01-30 09:00:00,20.6,37,4.2,990.6,9,23.5
2020-01-30 10:00:00,23.5,35,5.2,990.5,10,26.0
2020-01-30 11:00:00,26.0,35,8.4,990.4,11,28.1
2020-01-30 12:00:00,28.1,32,10.8,990.2,12,29.9
2020-01-30 13:00:00,29.9,28,12.8,989.7,13,31.4
2020-01-30 14:00:00,31.4,25,13.0,989.5,14,32.2
2020-01-30 15:00:00,32.2,23,12.2,988.9,15,32.7
2020-01-30 16:00:00,32.7,22,10.9,988.4,16,32.8
2020-01-30 17:00:00,32.8,21,11.2,987.7,17,32.3
2020-01-30 18:00:00,32.3,21,11.9,987.8,18,30.2
2020-01-30 19:00:00,30.2,24,12.2,987.8,19,26.8
2020-01-30 20:00:00,26.8,31,11.4,988.1,20,24.3
2020-01-30 21:00:00,24.3,32,11.7,988.4,21,22.2
2020-01-30 22:00:00,22.2,35,5.9,988.6,22,21.1
2020-01-30 23:00:00,21.1,40,7.4,988.7,23,21.6
2020-01-31 00:00:00,21.6,34,4.2,988.6,0,19.4
2020-01-31 01:00:00,19.4,42,4.6,988.2,1,18.9
2020-01-31 02:00:00,18.9,42,4.3,988.0,2,19.0
2020-01-31 03:00:00,19.0,41,4.1,987.9,3,18.9
2020-01-31 04:00:00,18.9,40,4.3,988.0,4,17.1
2020-01-31 05:00:00,17.1,48,7.1,988.0,5,17.2
2020-01-31 06:00:00,17.2,50,6.1,988.4,6,17.7
2020-01-31 07:00:00,17.7,54,5.6,988.8,7,19.4
2020-01-31 08:00:00,19.4,49,6.6,990.0,8,21.1
2020-01-31 09:00:00,21.1,45,6.2,990.0,9,23.5
2020-01-31 10:00:00,23.5,40,4.4,989.8,10,26.5
2020-01-31 11:00:00,26.5,35,6.4,989.9,11,28.9
2020-01-31 12:00:00,28.9,30,10.2,989.9,12,30.6
2020-01-31 13:00:00,30.6,27,12.6,989.8,13,32.0
2020-01-31 14:00:00,32.0,24,11.6,989.0,14,32.6
2020-01-31 15:00:00,32.6,22,11.3,988.3,15,32.9
2020-01-31 16:00:00,32.9,22,10.8,987.6,16,33.0
2020-01-31 17:00:00,33.0,21,9.9,986.7,17,32.4
2020-01-31 18:00:00,32.4,21,10.7,986.5,18,29.9
2020-01-31 19:00:00,29.9,30,11.2,986.7,19,27.4
2020-01-31 20:00:00,27.4,37,9.7,986.9,20,25.0
2020-01-31 21:00:00,25.0,43,7.6,987.2,21,22.9
2020-01-31 22:00:00,22.9,53,6.3,987.8,22,22.0
2020-01-31 23:00:00,22.0,54,5.2,988.4,23,21.5
2020-02-01 00:00:00,21.5,54,7.6,988.3,0,20.1
2020-02-01 01:00:00,20.1,60,6.3,988.2,1,19.0
2020-02-01 02:00:00,19.0,66,7.1,987.8,2,17.9
2020-02-01 03:00:00,17.9,72,7.0,987.3,3,17.0
2020-02-01 04:00:00,17.0,79,6.2,987.0,4,16.3
2020-02-01 05:00:00,16.3,84,5.4,987.2,5,15.8
2020-02-01 06:00:00,15.8,88,5.5,987.6,6,16.9
2020-02-01 07:00:00,16.9,84,5.7,988.1,7,18.6
2020-02-01 08:00:00,18.6,75,3.7,989.3,8,21.5
2020-02-01 09:00:00,21.5,62,2.3,989.4,9,24.2
2020-02-01 10:00:00,24.2,52,4.4,990.0,10,26.4
2020-02-01 11:00:00,26.4,46,5.9,990.2,11,28.2
2020-02-01 12:00:00,28.2,41,7.5,990.1,12,29.9
2020-02-01 13:00:00,29.9,36,7.8,989.6,13,31.3
2020-02-01 14:00:00,31.3,32,7.2,988.9,14,32.2
2020-02-01 15:00:00,32.2,29,8.5,988.2,15,32.6
2020-02-01 16:00:00,32.6,27,7.9,987.6,16,32.2
2020-02-01 17:00:00,32.2,30,13.7,987.3,17,28.5
2020-02-01 18:00:00,28.5,38,22.4,987.5,18,28.0
2020-02-01 19:00:00,28.0,35,21.0,987.8,19,26.0
2020-02-01 20:00:00,26.0,42,20.8,988.0,20,25.0
2020-02-01 21:00:00,25.0,42,18.5,988.2,21,23.8
2020-02-01 22:00:00,23.8,45,17.7,988.5,22,22.5
2020-02-01 23:00:00,22.5,51,17.6,988.5,23,21.2
2020-02-02 00:00:00,21.2,60,16.4,988.4,0,19.9
2020-02-02 01:00:00,19.9,67,13.9,988.2,1,19.0
2020-02-02 02:00:00,19.0,72,11.8,988.0,2,18.0
2020-02-02 03:00:00,18.0,78,10.1,987.6,3,17.2
2020-02-02 04:00:00,17.2,83,8.2,987.6,4,16.5
2020-02-02 05:00:00,16.5,89,5.4,987.7,5,15.7
2020-02-02 06:00:00,15.7,94,4.5,987.9,6,16.9
2020-02-02 07:00:00,16.9,88,4.7,988.3,7,18.5
2020-02-02 08:00:00,18.5,81,5.5,989.1,8,21.1
2020-02-02 09:00:00,21.1,69,6.9,989.4,9,24.0
2020-02-02 10:00:00,24.0,57,7.4,989.4,10,26.5
2020-02-02 11:00:00,26.5,47,8.8,989.7,11,28.6
2020-02-02 12:00:00,28.6,39,10.9,989.8,12,30.2
2020-02-02 13:00:00,30.2,33,10.5,989.6,13,31.5
2020-02-02 14:00:00,31.5,29,8.7,989.5,14,32.2
2020-02-02 15:00:00,32.2,28,7.7,989.0,15,32.5
2020-02-02 16:00:00,32.5,27,10.9,988.8,16,30.9
2020-02-02 17:00:00,30.9,27,17.8,988.8,17,28.6
2020-02-02 18:00:00,28.6,24,19.1,989.0,18,25.8
2020-02-02 19:00:00,25.8,20,16.7,989.6,19,24.1
2020-02-02 20:00:00,24.1,18,9.2,989.9,20,23.1
2020-02-02 21:00:00,23.1,19,3.7,991.4,21,20.6
2020-02-02 22:00:00,20.6,23,7.8,990.9,22,19.0
2020-02-02 23:00:00,19.0,28,5.5,990.6,23,18.3
2020-02-03 00:00:00,18.3,31,6.7,990.5,0,17.8
2020-02-03 01:00:00,17.8,33,8.3,990.2,1,17.1
2020-02-03 02:00:00,17.1,32,10.6,989.9,2,16.1
2020-02-03 03:00:00,16.1,37,11.1,989.7,3,15.0
2020-02-03 04:00:00,15.0,44,10.4,989.6,4,13.9
2020-02-03 05:00:00,13.9,53,9.2,989.6,5,13.1
2020-02-03 06:00:00,13.1,61,7.8,989.8,6,13.6
2020-02-03 07:00:00,13.6,64,9.6,990.0,7,15.8
2020-02-03 08:00:00,15.8,61,8.7,990.6,8,18.5
2020-02-03 09:00:00,18.5,49,10.2,990.5,9,21.2
2020-02-03 10:00:00,21.2,38,10.5,990.6,10,23.6
2020-02-03 11:00:00,23.6,31,9.4,990.3,11,25.9
2020-02-03 12:00:00,25.9,27,8.7,990.2,12,27.7
2020-02-03 13:00:00,27.7,24,8.9,989.7,13,29.0
2020-02-03 14:00:00,29.0,23,8.9,989.4,14,29.8
2020-02-03 15:00:00,29.8,23,8.7,988.7,15,29.9
2020-02-03 16:00:00,29.9,24,12.2,988.2,16,28.4
2020-02-03 17:00:00,28.4,26,16.8,988.1,17,26.0
2020-02-03 18:00:00,26.0,27,18.7,988.4,18,23.2
2020-02-03 19:00:00,23.2,33,17.3,988.7,19,21.1
2020-02-03 20:00:00,21.1,42,13.9,988.5,20,19.6
2020-02-03 21:00:00,19.6,49,4.3,989.7,21,18.5
2020-02-03 22:00:00,18.5,55,8.6,990.3,22,17.2
2020-02-03 23:00:00,17.2,61,6.8,990.1,23,16.1
2020-02-04 00:00:00,16.1,69,4.0,990.2,0,15.5
2020-02-04 01:00:00,15.5,72,3.7,990.2,1,14.9
2020-02-04 02:00:00,14.9,76,3.8,990.1,2,14.2
2020-02-04 03:00:00,14.2,80,4.0,990.0,3,13.9
2020-02-04 04:00:00,13.9,83,4.5,990.3,4,13.4
2020-02-04 05:00:00,13.4,86,5.9,990.7,5,13.1
2020-02-04 06:00:00,13.1,88,5.0,991.8,6,14.6
2020-02-04 07:00:00,14.6,81,1.1,992.2,7,16.8
2020-02-04 08:00:00,16.8,71,9.2,993.1,8,19.1
2020-02-04 09:00:00,19.1,60,11.3,992.9,9,21.2
2020-02-04 10:00:00,21.2,50,12.6,992.8,10,23.2
2020-02-04 11:00:00,23.2,42,13.6,992.6,11,24.8
2020-02-04 12:00:00,24.8,37,14.2,992.0,12,25.1
2020-02-04 13:00:00,25.1,38,17.5,991.8,13,26.2
2020-02-04 14:00:00,26.2,34,16.4,991.2,14,27.0
2020-02-04 15:00:00,27.0,33,15.4,990.6,15,27.2
2020-02-04 16:00:00,27.2,32,14.7,989.8,16,26.9
2020-02-04 17:00:00,26.9,30,14.8,989.2,17,26.4
2020-02-04 18:00:00,26.4,28,15.5,989.1,18,25.2
2020-02-04 19:00:00,25.2,28,12.3,989.1,19,23.6
2020-02-04 20:00:00,23.6,30,11.1,988.7,20,22.3
2020-02-04 21:00:00,22.3,33,12.6,989.1,21,20.5
2020-02-04 22:00:00,20.5,35,21.2,989.4,22,18.5
2020-02-04 23:00:00,18.5,37,18.7,989.2,23,17.1
2020-02-05 00:00:00,17.1,41,17.8,989.1,0,15.9
2020-02-05 01:00:00,15.9,48,16.4,988.6,1,15.1
2020-02-05 02:00:00,15.1,55,16.3,988.3,2,14.4
2020-02-05 03:00:00,14.4,59,13.5,987.9,3,13.8
2020-02-05 04:00:00,13.8,61,11.9,987.6,4,13.2
2020-02-05 05:00:00,13.2,63,9.7,987.6,5,12.7
2020-02-05 06:00:00,12.7,66,9.0,987.8,6,13.1
2020-02-05 07:00:00,13.1,65,11.1,988.2,7,14.4
2020-02-05 08:00:00,14.4,61,10.1,988.3,8,16.4
2020-02-05 09:00:00,16.4,56,8.1,988.3,9,18.7
2020-02-05 10:00:00,18.7,49,8.2,988.3,10,21.0
2020-02-05 11:00:00,21.0,42,8.7,988.2,11,23.0
2020-02-05 12:00:00,23.0,36,9.9,988.2,12,24.7
2020-02-05 13:00:00,24.7,32,9.2,987.7,13,25.8
2020-02-05 14:00:00,25.8,30,7.4,987.8,14,26.4
2020-02-05 15:00:00,26.4,29,3.4,987.5,15,27.1
2020-02-05 16:00:00,27.1,27,3.6,986.9,16,27.0
2020-02-05 17:00:00,27.0,27,9.7,986.5,17,24.3
2020-02-05 18:00:00,24.3,31,20.2,986.7,18,21.9
2020-02-05 19:00:00,21.9,32,18.8,987.3,19,20.4
2020-02-05 20:00:00,20.4,33,13.0,987.7,20,18.5
2020-02-05 21:00:00,18.5,38,4.2,988.6,21,17.3
2020-02-05 22:00:00,17.3,41,4.2,988.9,22,16.5
2020-02-05 23:00:00,16.5,42,5.2,988.8,23,15.3
2020-02-06 00:00:00,15.3,52,5.4,988.6,0,15.0
2020-02-06 01:00:00,15.0,53,5.2,988.6,1,14.6
2020-02-06 02:00:00,14.6,53,5.4,988.7,2,13.9
2020-02-06 03:00:00,13.9,57,4.6,988.8,3,12.9
2020-02-06 04:00:00,12.9,63,4.5,988.8,4,13.1
2020-02-06 05:00:00,13.1,62,3.1,989.3,5,12.6
2020-02-06 06:00:00,12.6,67,2.6,989.9,6,12.9
2020-02-06 07:00:00,12.9,69,2.2,990.5,7,14.2
2020-02-06 08:00:00,14.2,70,2.3,991.4,8,16.9
2020-02-06 09:00:00,16.9,55,0.4,991.6,9,19.2
2020-02-06 10:00:00,19.2,46,2.3,991.9,10,21.7
2020-02-06 11:00:00,21.7,39,2.8,992.1,11,23.9
2020-02-06 12:00:00,23.9,35,2.2,992.0,12,25.5
2020-02-06 13:00:00,25.5,33,2.8,991.3,13,26.9
2020-02-06 14:00:00,26.9,31,2.8,991.2,14,28.0
2020-02-06 15:00:00,28.0,28,3.9,990.6,15,28.7
2020-02-06 16:00:00,28.7,25,5.8,990.2,16,28.6
2020-02-06 17:00:00,28.6,24,8.4,989.9,17,27.6
2020-02-06 18:00:00,27.6,24,14.6,989.7,18,24.4
2020-02-06 19:00:00,24.4,30,17.4,990.1,19,22.2
2020-02-06 20:00:00,22.2,35,13.0,990.1,20,20.7
2020-02-06 21:00:00,20.7,39,9.8,990.4,21,19.6
2020-02-06 22:00:00,19.6,43,8.0,990.7,22,19.0
2020-02-06 23:00:00,19.0,43,9.7,990.6,23,18.0
2020-02-07 00:00:00,18.0,44,12.6,991.0,0,16.7
2020-02-07 01:00:00,16.7,48,11.5,990.6,1,15.7
2020-02-07 02:00:00,15.7,52,11.0,990.4,2,14.7
2020-02-07 03:00:00,14.7,58,8.7,990.1,3,13.9
2020-02-07 04:00:00,13.9,63,7.6,989.9,4,13.1
2020-02-07 05:00:00,13.1,67,7.2,989.9,5,12.2
2020-02-07 06:00:00,12.2,72,5.5,990.2,6,13.1
2020-02-07 07:00:00,13.1,70,6.8,990.9,7,14.7
2020-02-07 08:00:00,14.7,63,6.8,991.7,8,17.2
2020-02-07 09:00:00,17.2,57,7.2,991.5,9,20.3
2020-02-07 10:00:00,20.3,48,6.9,991.6,10,23.5
2020-02-07 11:00:00,23.5,38,8.7,991.8,11,25.8
2020-02-07 12:00:00,25.8,30,11.2,991.6,12,27.8
2020-02-07 13:00:00,27.8,25,12.9,991.3,13,29.3
2020-02-07 14:00:00,29.3,22,12.6,990.6,14,30.6
2020-02-07 15:00:00,30.6,20,12.1,990.3,15,31.0
2020-02-07 16:00:00,31.0,19,10.9,989.6,16,30.6
2020-02-07 17:00:00,30.6,19,10.9,989.2,17,30.2
2020-02-07 18:00:00,30.2,19,9.5,989.0,18,28.3
2020-02-07 19:00:00,28.3,26,6.8,988.5,19,25.0
2020-02-07 20:00:00,25.0,25,9.8,988.5,20,22.8
2020-02-07 21:00:00,22.8,29,10.5,988.9,21,22.0
2020-02-07 22:00:00,22.0,27,8.5,989.2,22,22.1
2020-02-07 23:00:00,22.1,24,11.0,989.1,23,21.6
2020-02-08 00:00:00,21.6,23,13.2,988.8,0,20.5
2020-02-08 01:00:00,20.5,27,13.5,988.4,1,19.0
2020-02-08 02:00:00,19.0,34,13.3,988.0,2,17.4
2020-02-08 03:00:00,17.4,43,11.4,987.6,3,16.0
2020-02-08 04:00:00,16.0,50,9.0,987.3,4,14.6
2020-02-08 05:00:00,14.6,59,6.9,987.5,5,13.4
2020-02-08 06:00:00,13.4,67,5.6,987.7,6,14.0
2020-02-08 07:00:00,14.0,68,6.6,988.4,7,15.2
2020-02-08 08:00:00,15.2,68,5.8,988.5,8,18.4
2020-02-08 09:00:00,18.4,57,2.1,988.6,9,22.1
2020-02-08 10:00:00,22.1,46,1.1,988.5,10,25.9
2020-02-08 11:00:00,25.9,36,1.5,988.5,11,29.0
2020-02-08 12:00:00,29.0,29,3.0,988.3,12,31.4
2020-02-08 13:00:00,31.4,24,5.2,987.8,13,32.8
2020-02-08 14:00:00,32.8,21,6.3,987.5,14,33.8
2020-02-08 15:00:00,33.8,18,6.4,986.8,15,34.1
2020-02-08 16:00:00,34.1,17,7.3,986.3,16,33.5
2020-02-08 17:00:00,33.5,18,10.0,985.9,17,31.8
2020-02-08 18:00:00,31.8,21,15.5,986.1,18,28.7
2020-02-08 19:00:00,28.7,24,14.4,986.3,19,25.0
2020-02-08 20:00:00,25.0,34,9.1,986.7,20,23.5
2020-02-08 21:00:00,23.5,38,7.6,987.3,21,21.0
2020-02-08 22:00:00,21.0,45,7.3,987.4,22,19.4
2020-02-08 23:00:00,19.4,50,6.8,987.6,23,19.8
2020-02-09 00:00:00,19.8,47,2.4,987.6,0,17.4
2020-02-09 01:00:00,17.4,55,4.4,987.9,1,16.5
2020-02-09 02:00:00,16.5,55,6.5,987.7,2,15.4
2020-02-09 03:00:00,15.4,58,6.4,987.7,3,14.4
2020-02-09 04:00:00,14.4,63,4.9,987.5,4,13.6
2020-02-09 05:00:00,13.6,69,4.7,987.5,5,13.1
2020-02-09 06:00:00,13.1,73,5.1,987.9,6,14.4
2020-02-09 07:00:00,14.4,71,6.5,988.4,7,17.1
2020-02-09 08:00:00,17.1,67,6.0,989.7,8,20.6
2020-02-09 09:00:00,20.6,54,5.4,989.8,9,24.2
2020-02-09 10:00:00,24.2,42,4.0,990.0,10,27.2
2020-02-09 11:00:00,27.2,34,3.4,989.9,11,29.4
2020-02-09 12:00:00,29.4,29,5.6,989.7,12,31.0
2020-02-09 13:00:00,31.0,27,7.4,989.4,13,32.0
2020-02-09 14:00:00,32.0,25,8.9,989.4,14,32.6
2020-02-09 15:00:00,32.6,24,9.0,989.0,15,33.0
2020-02-09 16:00:00,33.0,24,8.8,988.3,16,32.5
2020-02-09 17:00:00,32.5,26,9.8,987.7,17,30.5
2020-02-09 18:00:00,30.5,33,15.1,987.6,18,27.5
2020-02-09 19:00:00,27.5,40,13.4,987.9,19,25.1
2020-02-09 20:00:00,25.1,45,8.3,987.8,20,22.9
2020-02-09 21:00:00,22.9,52,4.8,988.4,21,21.5
2020-02-09 22:00:00,21.5,57,4.7,988.8,22,20.7
2020-02-09 23:00:00,20.7,62,4.6,988.3,23,19.4
2020-02-10 00:00:00,19.4,68,5.2,988.0,0,18.4
2020-02-10 01:00:00,18.4,69,4.8,987.7,1,17.2
2020-02-10 02:00:00,17.2,75,5.8,987.3,2,16.5
2020-02-10 03:00:00,16.5,77,4.2,987.1,3,16.1
2020-02-10 04:00:00,16.1,77,4.3,986.6,4,15.4
2020-02-10 05:00:00,15.4,81,4.7,986.6,5,14.9
2020-02-10 06:00:00,14.9,85,4.5,987.1,6,15.9
2020-02-10 07:00:00,15.9,81,5.8,987.9,7,18.8
2020-02-10 08:00:00,18.8,72,5.0,989.0,8,21.7
2020-02-10 09:00:00,21.7,61,6.5,989.0,9,24.8
2020-02-10 10:00:00,24.8,50,6.2,989.3,10,27.5
2020-02-10 11:00:00,27.5,43,4.0,989.4,11,29.6
2020-02-10 12:00:00,29.6,37,3.6,989.3,12,31.2
2020-02-10 13:00:00,31.2,34,7.1,988.9,13,32.1
2020-02-10 14:00:00,32.1,32,11.0,989.0,14,32.2
2020-02-10 15:00:00,32.2,30,12.8,988.8,15,32.1
2020-02-10 16:00:00,32.1,29,11.5,988.0,16,31.5
2020-02-10 17:00:00,31.5,31,13.1,987.6,17,29.9
2020-02-10 18:00:00,29.9,35,15.5,987.2,18,27.4
2020-02-10 19:00:00,27.4,41,13.0,987.1,19,25.1
2020-02-10 20:00:00,25.1,47,9.3,987.5,20,23.2
2020-02-10 21:00:00,23.2,54,6.7,987.9,21,21.6
2020-02-10 22:00:00,21.6,60,8.4,987.7,22,20.3
2020-02-10 23:00:00,20.3,65,5.8,987.4,23,19.4
2020-02-11 00:00:00,19.4,70,3.7,987.1,0,18.2
2020-02-11 01:00:00,18.2,76,4.3,986.7,1,18.0
2020-02-11 02:00:00,18.0,73,4.0,986.1,2,17.2
2020-02-11 03:00:00,17.2,77,3.3,985.8,3,16.5
2020-02-11 04:00:00,16.5,81,3.3,985.2,4,16.2
2020-02-11 05:00:00,16.2,83,2.2,985.1,5,15.9
2020-02-11 06:00:00,15.9,85,0.4,985.1,6,16.4
2020-02-11 07:00:00,16.4,82,1.5,985.5,7,19.5
2020-02-11 08:00:00,19.5,65,0.7,986.6,8,22.1
2020-02-11 09:00:00,22.1,57,2.3,987.0,9,24.6
2020-02-11 10:00:00,24.6,51,2.7,987.6,10,27.1
2020-02-11 11:00:00,27.1,45,2.0,987.9,11,29.5
2020-02-11 12:00:00,29.5,40,4.6,988.1,12,31.0
2020-02-11 13:00:00,31.0,36,8.3,987.9,13,32.0
2020-02-11 14:00:00,32.0,31,11.0,987.8,14,32.1
2020-02-11 15:00:00,32.1,30,12.0,987.3,15,32.0
2020-02-11 16:00:00,32.0,30,12.2,986.8,16,31.2
2020-02-11 17:00:00,31.2,31,14.5,986.3,17,29.4
2020-02-11 18:00:00,29.4,35,17.3,986.2,18,26.5
2020-02-11 19:00:00,26.5,42,16.3,986.2,19,24.3
2020-02-11 20:00:00,24.3,47,13.0,986.4,20,22.4
2020-02-11 21:00:00,22.4,53,6.8,987.2,21,21.0
2020-02-11 22:00:00,21.0,57,9.5,987.4,22,19.9
2020-02-11 23:00:00,19.9,61,6.3,987.1,23,19.0
2020-02-12 00:00:00,19.0,67,4.2,987.2,0,18.6
2020-02-12 01:00:00,18.6,65,6.0,987.0,1,18.1
2020-02-12 02:00:00,18.1,61,6.9,986.8,2,17.7
2020-02-12 03:00:00,17.7,57,7.6,986.7,3,17.0
2020-02-12 04:00:00,17.0,60,7.4,986.5,4,16.5
2020-02-12 05:00:00,16.5,63,6.0,986.7,5,15.8
2020-02-12 06:00:00,15.8,68,5.5,987.2,6,17.1
2020-02-12 07:00:00,17.1,63,6.6,988.1,7,18.3
2020-02-12 08:00:00,18.3,60,6.2,989.2,8,20.0
2020-02-12 09:00:00,20.0,56,6.3,989.4,9,22.1
2020-02-12 10:00:00,22.1,50,8.2,989.9,10,24.2
2020-02-12 11:00:00,24.2,45,8.7,990.0,11,26.2
2020-02-12 12:00:00,26.2,41,9.1,989.6,12,27.9
2020-02-12 13:00:00,27.9,38,9.7,989.4,13,29.0
2020-02-12 14:00:00,29.0,35,9.0,988.9,14,29.8
2020-02-12 15:00:00,29.8,32,9.5,988.2,15,30.4
2020-02-12 16:00:00,30.4,31,10.2,987.5,16,29.8
2020-02-12 17:00:00,29.8,33,14.7,987.0,17,27.1
2020-02-12 18:00:00,27.1,40,20.2,987.2,18,26.4
2020-02-12 19:00:00,26.4,38,17.9,987.5,19,25.5
2020-02-12 20:00:00,25.5,40,19.2,986.9,20,23.8
2020-02-12 21:00:00,23.8,43,19.5,987.5,21,22.3
2020-02-12 22:00:00,22.3,43,19.2,987.9,22,21.4
2020-02-12 23:00:00,21.4,39,17.0,987.9,23,20.5
2020-02-13 00:00:00,20.5,38,16.6,987.8,0,19.2
2020-02-13 01:00:00,19.2,41,16.1,987.7,1,17.9
2020-02-13 02:00:00,17.9,45,15.1,987.4,2,16.8
2020-02-13 03:00:00,16.8,47,14.7,987.5,3,16.0
2020-02-13 04:00:00,16.0,46,16.5,987.7,4,14.9
2020-02-13 05:00:00,14.9,49,17.1,988.3,5,13.9
2020-02-13 06:00:00,13.9,53,15.1,989.0,6,13.6
2020-02-13 07:00:00,13.6,56,13.0,989.5,7,14.6
2020-02-13 08:00:00,14.6,56,12.1,990.5,8,16.8
2020-02-13 09:00:00,16.8,50,12.1,990.5,9,19.5
2020-02-13 10:00:00,19.5,43,14.0,990.6,10,21.7
2020-02-13 11:00:00,21.7,35,16.8,990.8,11,23.6
2020-02-13 12:00:00,23.6,30,16.9,990.7,12,25.2
2020-02-13 13:00:00,25.2,26,16.1,990.3,13,26.5
2020-02-13 14:00:00,26.5,22,15.8,989.9,14,27.4
2020-02-13 15:00:00,27.4,18,16.8,989.3,15,27.8
2020-02-13 16:00:00,27.8,17,17.1,988.7,16,27.5
2020-02-13 17:00:00,27.5,16,17.1,988.2,17,26.8
2020-02-13 18:00:00,26.8,16,17.4,988.1,18,25.2
2020-02-13 19:00:00,25.2,17,15.2,988.1,19,23.4
2020-02-13 20:00:00,23.4,18,12.2,988.3,20,22.2
2020-02-13 21:00:00,22.2,19,14.9,989.1,21,21.3
2020-02-13 22:00:00,21.3,19,15.7,989.0,22,20.2
2020-02-13 23:00:00,20.2,21,16.3,989.1,23,18.9
2020-02-14 00:00:00,18.9,25,15.3,989.0,0,17.6
2020-02-14 01:00:00,17.6,29,14.7,988.4,1,16.5
2020-02-14 02:00:00,16.5,35,14.7,987.9,2,15.2
2020-02-14 03:00:00,15.2,42,15.3,987.7,3,13.9
2020-02-14 04:00:00,13.9,52,14.7,987.6,4,12.8
2020-02-14 05:00:00,12.8,60,13.9,987.8,5,11.9
2020-02-14 06:00:00,11.9,66,12.5,988.1,6,12.0
2020-02-14 07:00:00,12.0,67,14.2,988.8,7,13.1
2020-02-14 08:00:00,13.1,64,13.8,989.0,8,15.6
2020-02-14 09:00:00,15.6,54,11.9,989.3,9,18.5
2020-02-14 10:00:00,18.5,43,8.7,989.8,10,21.5
2020-02-14 11:00:00,21.5,34,10.0,989.7,11,24.4
2020-02-14 12:00:00,24.4,27,13.0,989.2,12,26.9
2020-02-14 13:00:00,26.9,22,13.8,988.9,13,29.0
2020-02-14 14:00:00,29.0,18,15.3,988.4,14,30.5
2020-02-14 15:00:00,30.5,15,16.7,987.7,15,31.4
2020-02-14 16:00:00,31.4,13,16.7,987.1,16,31.4
2020-02-14 17:00:00,31.4,12,16.5,986.5,17,30.5
2020-02-14 18:00:00,30.5,13,16.1,986.2,18,28.4
2020-02-14 19:00:00,28.4,16,12.2,986.2,19,25.3
2020-02-14 20:00:00,25.3,19,8.9,985.7,20,24.4
2020-02-14 21:00:00,24.4,20,11.2,986.4,21,23.2
2020-02-14 22:00:00,23.2,22,12.2,986.7,22,22.0
2020-02-14 23:00:00,22.0,27,13.6,986.9,23,20.4
2020-02-15 00:00:00,20.4,40,13.5,987.1,0,18.7
2020-02-15 01:00:00,18.7,52,13.0,986.7,1,17.4
2020-02-15 02:00:00,17.4,61,12.2,986.4,2,16.3
2020-02-15 03:00:00,16.3,67,11.2,986.3,3,15.4
2020-02-15 04:00:00,15.4,72,9.8,986.3,4,14.6
2020-02-15 05:00:00,14.6,75,9.3,986.3,5,13.9
2020-02-15 06:00:00,13.9,79,8.0,986.6,6,14.3
2020-02-15 07:00:00,14.3,77,10.1,987.2,7,15.6
2020-02-15 08:00:00,15.6,70,8.4,987.8,8,18.3
2020-02-15 09:00:00,18.3,59,5.8,987.8,9,21.3
2020-02-15 10:00:00,21.3,48,6.0,987.9,10,24.5
2020-02-15 11:00:00,24.5,37,7.7,987.7,11,27.3
2020-02-15 12:00:00,27.3,30,9.3,987.7,12,29.5
2020-02-15 13:00:00,29.5,26,9.1,987.4,13,30.9
2020-02-15 14:00:00,30.9,23,8.7,987.2,14,31.8
2020-02-15 15:00:00,31.8,21,7.7,986.3,15,32.4
2020-02-15 16:00:00,32.4,20,7.9,985.4,16,32.2
2020-02-15 17:00:00,32.2,21,10.9,984.8,17,30.0
2020-02-15 18:00:00,30.0,29,15.7,984.6,18,26.7
2020-02-15 19:00:00,26.7,36,14.5,984.6,19,24.4
2020-02-15 20:00:00,24.4,40,10.1,984.2,20,21.8
2020-02-15 21:00:00,21.8,51,6.6,984.6,21,20.9
2020-02-15 22:00:00,20.9,49,4.4,985.0,22,19.7
2020-02-15 23:00:00,19.7,51,5.5,984.9,23,18.0
2020-02-16 00:00:00,18.0,61,6.5,984.6,0,17.1
2020-02-16 01:00:00,17.1,62,7.1,984.3,1,16.4
2020-02-16 02:00:00,16.4,65,8.5,984.4,2,15.9
2020-02-16 03:00:00,15.9,65,8.7,984.1,3,16.3
2020-02-16 04:00:00,16.3,61,6.9,984.2,4,16.5
2020-02-16 05:00:00,16.5,58,4.0,984.4,5,15.8
2020-02-16 06:00:00,15.8,61,1.8,984.8,6,15.4
2020-02-16 07:00:00,15.4,65,1.1,985.5,7,17.5
2020-02-16 08:00:00,17.5,57,2.9,986.2,8,20.3
2020-02-16 09:00:00,20.3,50,3.5,986.4,9,22.9
2020-02-16 10:00:00,22.9,45,4.8,985.9,10,25.8
2020-02-16 11:00:00,25.8,40,4.6,986.0,11,28.0
2020-02-16 12:00:00,28.0,35,4.5,985.5,12,29.9
2020-02-16 13:00:00,29.9,31,6.0,984.9,13,31.0
2020-02-16 14:00:00,31.0,28,8.0,984.7,14,31.7
2020-02-16 15:00:00,31.7,26,8.2,984.1,15,31.7
2020-02-16 16:00:00,31.7,26,11.2,983.4,16,29.9
2020-02-16 17:00:00,29.9,31,16.8,983.5,17,27.5
2020-02-16 18:00:00,27.5,33,17.7,983.8,18,25.3
2020-02-16 19:00:00,25.3,36,14.1,984.2,19,23.6
2020-02-16 20:00:00,23.6,41,6.3,984.4,20,22.0
2020-02-16 21:00:00,22.0,46,6.2,985.3,21,20.6
2020-02-16 22:00:00,20.6,53,5.6,985.9,22,19.1
2020-02-16 23:00:00,19.1,61,4.2,985.8,23,18.1
2020-02-17 00:00:00,18.1,67,4.3,986.0,0,17.2
2020-02-17 01:00:00,17.2,72,4.9,986.2,1,16.4
2020-02-17 02:00:00,16.4,77,3.4,986.5,2,15.6
2020-02-17 03:00:00,15.6,82,3.4,986.7,3,15.0
2020-02-17 04:00:00,15.0,86,3.4,986.9,4,15.4
2020-02-17 05:00:00,15.4,83,2.2,987.7,5,15.4
2020-02-17 06:00:00,15.4,83,4.3,988.1,6,15.4
2020-02-17 07:00:00,15.4,83,2.3,988.7,7,16.6
2020-02-17 08:00:00,16.6,73,9.2,989.1,8,18.2
2020-02-17 09:00:00,18.2,65,7.1,989.6,9,19.7
2020-02-17 10:00:00,19.7,59,4.4,989.9,10,21.9
2020-02-17 11:00:00,21.9,52,5.6,990.1,11,24.0
2020-02-17 12:00:00,24.0,43,11.2,990.4,12,25.1
2020-02-17 13:00:00,25.1,39,12.6,990.5,13,26.0
2020-02-17 14:00:00,26.0,33,12.7,990.8,14,26.9
2020-02-17 15:00:00,26.9,28,10.8,990.3,15,27.3
2020-02-17 16:00:00,27.3,28,14.4,989.9,16,26.8
2020-02-17 17:00:00,26.8,26,15.9,989.5,17,26.1
2020-02-17 18:00:00,26.1,24,17.4,988.9,18,24.4
2020-02-17 19:00:00,24.4,24,19.1,988.8,19,23.0
2020-02-17 20:00:00,23.0,28,17.3,988.5,20,21.8
2020-02-17 21:00:00,21.8,32,16.0,988.7,21,21.0
2020-02-17 22:00:00,21.0,29,17.4,988.9,22,19.7
2020-02-17 23:00:00,19.7,31,16.8,988.2,23,18.4
2020-02-18 00:00:00,18.4,35,15.3,987.9,0,17.2
2020-02-18 01:00:00,17.2,39,15.0,987.6,1,16.2
2020-02-18 02:00:00,16.2,44,14.8,987.2,2,15.3
2020-02-18 03:00:00,15.3,48,14.4,986.9,3,14.3
2020-02-18 04:00:00,14.3,53,13.2,986.5,4,13.2
2020-02-18 05:00:00,13.2,58,11.9,986.5,5,12.4
2020-02-18 06:00:00,12.4,63,11.1,986.5,6,12.4
2020-02-18 07:00:00,12.4,64,11.8,987.0,7,13.9
2020-02-18 08:00:00,13.9,60,12.1,987.3,8,16.3
2020-02-18 09:00:00,16.3,52,11.3,987.1,9,19.5
2020-02-18 10:00:00,19.5,42,9.4,987.1,10,22.5
2020-02-18 11:00:00,22.5,34,8.9,987.1,11,25.3
2020-02-18 12:00:00,25.3,28,10.6,986.9,12,27.8
2020-02-18 13:00:00,27.8,23,12.1,986.2,13,30.0
2020-02-18 14:00:00,30.0,19,12.7,985.8,14,31.5
2020-02-18 15:00:00,31.5,15,12.4,985.1,15,32.4
2020-02-18 16:00:00,32.4,13,12.4,984.3,16,32.3
2020-02-18 17:00:00,32.3,12,12.3,983.9,17,31.4
2020-02-18 18:00:00,31.4,13,12.2,983.8,18,28.5
2020-02-18 19:00:00,28.5,17,8.0,983.7,19,25.5
2020-02-18 20:00:00,25.5,17,10.0,983.6,20,24.5
2020-02-18 21:00:00,24.5,20,9.2,984.2,21,23.5
2020-02-18 22:00:00,23.5,26,11.4,984.5,22,22.6
2020-02-18 23:00:00,22.6,33,13.1,984.6,23,21.4
2020-02-19 00:00:00,21.4,40,14.8,984.7,0,19.9
2020-02-19 01:00:00,19.9,49,15.6,984.9,1,18.1
2020-02-19 02:00:00,18.1,58,13.7,985.0,2,16.5
2020-02-19 03:00:00,16.5,66,12.1,985.0,3,15.1
2020-02-19 04:00:00,15.1,73,10.9,985.0,4,14.1
2020-02-19 05:00:00,14.1,79,10.4,985.2,5,13.2
2020-02-19 06:00:00,13.2,85,8.5,985.6,6,13.3
2020-02-19 07:00:00,13.3,85,10.4,986.3,7,14.6
2020-02-19 08:00:00,14.6,81,8.0,987.0,8,17.4
2020-02-19 09:00:00,17.4,69,9.5,987.0,9,20.5
2020-02-19 10:00:00,20.5,55,10.8,987.5,10,23.8
2020-02-19 11:00:00,23.8,44,10.3,988.0,11,26.5
2020-02-19 12:00:00,26.5,35,11.2,987.8,12,28.7
2020-02-19 13:00:00,28.7,29,10.9,987.3,13,30.5
2020-02-19 14:00:00,30.5,25,11.1,987.0,14,32.0
2020-02-19 15:00:00,32.0,22,12.8,986.4,15,32.9
2020-02-19 16:00:00,32.9,20,14.6,985.6,16,33.0
2020-02-19 17:00:00,33.0,19,15.9,985.3,17,31.8
2020-02-19 18:00:00,31.8,18,17.8,985.2,18,29.5
2020-02-19 19:00:00,29.5,17,16.5,985.3,19,27.5
2020-02-19 20:00:00,27.5,18,13.8,985.1,20,26.1
2020-02-19 21:00:00,26.1,17,15.0,985.2,21,24.3
2020-02-19 22:00:00,24.3,22,15.2,985.4,22,22.5
2020-02-19 23:00:00,22.5,28,15.2,985.4,23,20.7
2020-02-20 00:00:00,20.7,33,14.5,985.3,0,19.0
2020-02-20 01:00:00,19.0,38,14.0,984.7,1,17.4
2020-02-20 02:00:00,17.4,42,12.6,984.0,2,15.8
2020-02-20 03:00:00,15.8,47,10.3,983.5,3,14.5
2020-02-20 04:00:00,14.5,52,8.9,983.4,4,13.1
2020-02-20 05:00:00,13.1,58,7.1,983.5,5,12.1
2020-02-20 06:00:00,12.1,64,6.3,983.6,6,11.9
2020-02-20 07:00:00,11.9,66,5.5,984.0,7,13.9
2020-02-20 08:00:00,13.9,65,3.3,984.5,8,17.8
2020-02-20 09:00:00,17.8,54,0.8,984.7,9,22.6
2020-02-20 10:00:00,22.6,41,3.5,985.2,10,27.0
2020-02-20 11:00:00,27.0,31,5.1,985.6,11,30.3
2020-02-20 12:00:00,30.3,25,5.0,985.5,12,32.6
2020-02-20 13:00:00,32.6,22,4.8,985.1,13,34.0
2020-02-20 14:00:00,34.0,20,5.0,985.0,14,34.5
2020-02-20 15:00:00,34.5,19,6.4,984.9,15,33.8
2020-02-20 16:00:00,33.8,22,9.7,984.6,16,32.1
2020-02-20 17:00:00,32.1,27,11.8,984.5,17,29.8
2020-02-20 18:00:00,29.8,31,12.8,984.8,18,26.6
2020-02-20 19:00:00,26.6,37,9.7,985.4,19,24.2
2020-02-20 20:00:00,24.2,42,6.5,986.1,20,22.0
2020-02-20 21:00:00,22.0,47,3.8,986.7,21,20.4
2020-02-20 22:00:00,20.4,53,4.2,987.1,22,19.4
2020-02-20 23:00:00,19.4,57,4.4,987.1,23,18.5
2020-02-21 00:00:00,18.5,61,4.5,986.9,0,17.6
2020-02-21 01:00:00,17.6,67,4.7,986.8,1,16.5
2020-02-21 02:00:00,16.5,74,5.0,986.4,2,15.5
2020-02-21 03:00:00,15.5,80,4.6,986.0,3,14.6
2020-02-21 04:00:00,14.6,85,4.7,985.8,4,14.0
2020-02-21 05:00:00,14.0,89,5.2,986.1,5,13.6
2020-02-21 06:00:00,13.6,92,6.4,986.6,6,14.0
2020-02-21 07:00:00,14.0,89,8.2,987.3,7,15.2
2020-02-21 08:00:00,15.2,83,9.5,988.0,8,17.5
2020-02-21 09:00:00,17.5,72,9.4,988.6,9,20.1
2020-02-21 10:00:00,20.1,60,9.8,989.2,10,22.9
2020-02-21 11:00:00,22.9,51,10.5,989.6,11,24.7
2020-02-21 12:00:00,24.7,46,9.0,989.5,12,26.6
2020-02-21 13:00:00,26.6,41,7.7,989.3,13,28.3
2020-02-21 14:00:00,28.3,37,8.0,988.9,14,29.4
2020-02-21 15:00:00,29.4,35,8.4,988.7,15,29.8
2020-02-21 16:00:00,29.8,34,8.0,988.2,16,29.2
2020-02-21 17:00:00,29.2,34,9.5,987.9,17,27.2
2020-02-21 18:00:00,27.2,39,11.5,987.9,18,24.5
2020-02-21 19:00:00,24.5,45,10.1,988.0,19,23.0
2020-02-21 20:00:00,23.0,49,7.7,988.4,20,21.0
2020-02-21 21:00:00,21.0,53,8.2,988.7,21,19.5
2020-02-21 22:00:00,19.5,56,5.6,989.1,22,18.5
2020-02-21 23:00:00,18.5,60,3.5,989.4,23,17.5
2020-02-22 00:00:00,17.5,63,4.2,989.7,0,16.5
2020-02-22 01:00:00,16.5,68,3.9,990.0,1,15.5
2020-02-22 02:00:00,15.5,74,3.7,990.0,2,15.3
2020-02-22 03:00:00,15.3,75,3.4,990.2,3,14.6
2020-02-22 04:00:00,14.6,78,5.1,990.5,4,14.4
2020-02-22 05:00:00,14.4,76,4.2,990.6,5,14.0
2020-02-22 06:00:00,14.0,78,8.0,990.7,6,14.0
2020-02-22 07:00:00,14.0,82,9.0,991.2,7,15.7
2020-02-22 08:00:00,15.7,76,5.7,992.0,8,17.9
2020-02-22 09:00:00,17.9,66,4.6,992.6,9,19.8
2020-02-22 10:00:00,19.8,59,4.2,993.1,10,22.0
2020-02-22 11:00:00,22.0,52,3.3,992.9,11,24.2
2020-02-22 12:00:00,24.2,46,2.4,992.1,12,26.2
2020-02-22 13:00:00,26.2,41,1.8,991.3,13,27.8
2020-02-22 14:00:00,27.8,37,1.9,990.5,14,29.1
2020-02-22 15:00:00,29.1,32,2.3,989.9,15,29.8
2020-02-22 16:00:00,29.8,28,3.2,988.9,16,30.0
2020-02-22 17:00:00,30.0,25,5.9,988.4,17,28.3
2020-02-22 18:00:00,28.3,30,13.8,988.0,18,24.0
2020-02-22 19:00:00,24.0,44,17.0,987.9,19,21.6
2020-02-22 20:00:00,21.6,52,12.1,988.0,20,20.2
2020-02-22 21:00:00,20.2,57,8.7,988.1,21,18.9
2020-02-22 22:00:00,18.9,63,9.7,988.4,22,17.5
2020-02-22 23:00:00,17.5,69,8.7,988.6,23,16.5
2020-02-23 00:00:00,16.5,73,4.3,988.6,0,15.8
2020-02-23 01:00:00,15.8,77,3.2,988.4,1,15.0
2020-02-23 02:00:00,15.0,81,5.1,987.9,2,15.2
2020-02-23 03:00:00,15.2,78,3.3,987.7,3,14.9
2020-02-23 04:00:00,14.9,80,3.0,987.8,4,14.7
2020-02-23 05:00:00,14.7,81,1.1,988.2,5,13.8
2020-02-23 06:00:00,13.8,87,2.4,988.7,6,14.2
2020-02-23 07:00:00,14.2,85,3.6,989.2,7,16.1
2020-02-23 08:00:00,16.1,75,3.9,990.4,8,18.6
2020-02-23 09:00:00,18.6,65,5.4,990.5,9,21.5
2020-02-23 10:00:00,21.5,55,7.3,991.1,10,24.0
2020-02-23 11:00:00,24.0,48,5.5,991.2,11,26.0
2020-02-23 12:00:00,26.0,43,4.2,991.2,12,27.5
2020-02-23 13:00:00,27.5,39,5.1,990.9,13,28.6
2020-02-23 14:00:00,28.6,37,8.2,990.5,14,28.8
2020-02-23 15:00:00,28.8,36,11.3,990.2,15,28.3
2020-02-23 16:00:00,28.3,37,12.2,989.5,16,27.0
2020-02-23 17:00:00,27.0,40,15.3,988.9,17,24.9
2020-02-23 18:00:00,24.9,45,17.7,989.1,18,22.1
2020-02-23 19:00:00,22.1,53,16.6,989.2,19,19.5
2020-02-23 20:00:00,19.5,64,12.2,989.9,20,17.6
2020-02-23 21:00:00,17.6,71,8.1,990.8,21,16.5
2020-02-23 22:00:00,16.5,75,7.3,990.7,22,15.9
2020-02-23 23:00:00,15.9,77,5.4,990.8,23,15.4
2020-02-24 00:00:00,15.4,79,5.5,990.8,0,14.9
2020-02-24 01:00:00,14.9,81,5.3,990.8,1,14.3
2020-02-24 02:00:00,14.3,84,5.7,990.4,2,13.9
2020-02-24 03:00:00,13.9,85,4.0,990.3,3,13.6
2020-02-24 04:00:00,13.6,87,3.2,990.1,4,13.2
2020-02-24 05:00:00,13.2,89,3.5,990.2,5,12.9
2020-02-24 06:00:00,12.9,89,4.9,990.5,6,13.4
2020-02-24 07:00:00,13.4,86,8.4,990.9,7,14.9
2020-02-24 08:00:00,14.9,77,11.5,991.5,8,16.8
2020-02-24 09:00:00,16.8,69,9.1,991.5,9,19.3
2020-02-24 10:00:00,19.3,60,5.9,991.7,10,21.5
2020-02-24 11:00:00,21.5,52,4.3,991.7,11,23.0
2020-02-24 12:00:00,23.0,46,7.6,991.5,12,24.0
2020-02-24 13:00:00,24.0,42,9.7,991.1,13,24.1
2020-02-24 14:00:00,24.1,40,12.8,990.9,14,24.0
2020-02-24 15:00:00,24.0,40,14.2,990.7,15,23.2
2020-02-24 16:00:00,23.2,41,12.7,990.3,16,22.8
2020-02-24 17:00:00,22.8,40,13.4,990.1,17,21.9
2020-02-24 18:00:00,21.9,38,14.7,990.4,18,21.4
2020-02-24 19:00:00,21.4,36,14.0,990.5,19,20.6
2020-02-24 20:00:00,20.6,38,11.3,990.4,20,19.4
2020-02-24 21:00:00,19.4,39,8.2,990.7,21,18.0
2020-02-24 22:00:00,18.0,41,7.0,990.6,22,17.8
2020-02-24 23:00:00,17.8,37,11.8,991.2,23,17.1
2020-02-25 00:00:00,17.1,34,12.7,991.5,0,16.4
2020-02-25 01:00:00,16.4,33,12.6,991.6,1,15.1
2020-02-25 02:00:00,15.1,39,11.8,991.1,2,13.9
2020-02-25 03:00:00,13.9,49,10.9,990.8,3,13.2
2020-02-25 04:00:00,13.2,56,11.7,990.8,4,12.6
2020-02-25 05:00:00,12.6,60,11.0,990.8,5,12.1
2020-02-25 06:00:00,12.1,63,8.7,991.1,6,12.1
2020-02-25 07:00:00,12.1,65,11.0,991.5,7,13.4
2020-02-25 08:00:00,13.4,64,12.9,992.4,8,15.9
2020-02-25 09:00:00,15.9,57,10.6,992.2,9,19.1
2020-02-25 10:00:00,19.1,48,9.9,992.3,10,22.5
2020-02-25 11:00:00,22.5,38,10.9,992.3,11,25.2
2020-02-25 12:00:00,25.2,32,11.2,991.8,12,27.2
2020-02-25 13:00:00,27.2,28,12.1,991.3,13,28.8
2020-02-25 14:00:00,28.8,25,13.0,991.0,14,29.8
2020-02-25 15:00:00,29.8,22,13.7,990.6,15,30.2
2020-02-25 16:00:00,30.2,21,14.0,990.0,16,29.9
2020-02-25 17:00:00,29.9,20,14.2,989.7,17,29.1
2020-02-25 18:00:00,29.1,20,13.5,989.9,18,27.1
2020-02-25 19:00:00,27.1,22,8.7,990.0,19,24.8
2020-02-25 20:00:00,24.8,23,8.6,989.6,20,23.9
2020-02-25 21:00:00,23.9,22,10.3,989.8,21,22.7
2020-02-25 22:00:00,22.7,24,12.2,990.2,22,21.2
2020-02-25 23:00:00,21.2,27,10.9,990.3,23,19.8
2020-02-26 00:00:00,19.8,31,10.3,990.4,0,18.8
2020-02-26 01:00:00,18.8,34,12.3,990.3,1,17.5
2020-02-26 02:00:00,17.5,39,12.5,990.0,2,16.3
2020-02-26 03:00:00,16.3,45,10.8,989.8,3,15.1
2020-02-26 04:00:00,15.1,51,9.7,989.6,4,14.1
2020-02-26 05:00:00,14.1,59,9.7,989.4,5,13.1
2020-02-26 06:00:00,13.1,66,9.7,989.4,6,12.6
2020-02-26 07:00:00,12.6,71,10.2,989.7,7,13.9
2020-02-26 08:00:00,13.9,69,9.7,990.4,8,16.5
2020-02-26 09:00:00,16.5,59,9.0,990.3,9,20.1
2020-02-26 10:00:00,20.1,48,5.0,990.3,10,23.9
2020-02-26 11:00:00,23.9,37,4.2,990.3,11,27.1
2020-02-26 12:00:00,27.1,30,4.6,990.1,12,29.6
2020-02-26 13:00:00,29.6,24,5.6,989.6,13,31.5
2020-02-26 14:00:00,31.5,21,6.2,989.3,14,32.7
2020-02-26 15:00:00,32.7,19,8.1,988.8,15,32.8
2020-02-26 16:00:00,32.8,18,10.0,988.2,16,32.6
2020-02-26 17:00:00,32.6,17,10.0,987.5,17,32.0
2020-02-26 18:00:00,32.0,17,9.7,987.5,18,28.7
2020-02-26 19:00:00,28.7,23,7.1,987.5,19,26.3
2020-02-26 20:00:00,26.3,27,10.9,987.4,20,23.6
2020-02-26 21:00:00,23.6,34,8.4,987.6,21,21.1
2020-02-26 22:00:00,21.1,43,6.4,988.1,22,19.8
2020-02-26 23:00:00,19.8,49,5.9,988.1,23,18.8
2020-02-27 00:00:00,18.8,53,6.3,988.2,0,18.0
2020-02-27 01:00:00,18.0,56,6.0,988.3,1,16.5
2020-02-27 02:00:00,16.5,62,5.4,988.1,2,16.0
2020-02-27 03:00:00,16.0,60,4.2,988.1,3,15.1
2020-02-27 04:00:00,15.1,63,5.4,988.0,4,14.4
2020-02-27 05:00:00,14.4,67,4.6,988.0,5,13.9
2020-02-27 06:00:00,13.9,72,4.7,988.3,6,14.1
2020-02-27 07:00:00,14.1,74,7.2,989.1,7,16.6
2020-02-27 08:00:00,16.6,72,6.6,991.0,8,19.9
2020-02-27 09:00:00,19.9,57,6.2,991.3,9,22.9
2020-02-27 10:00:00,22.9,44,6.9,991.3,10,25.6
2020-02-27 11:00:00,25.6,37,6.7,991.1,11,28.1
2020-02-27 12:00:00,28.1,32,4.8,990.8,12,30.0
2020-02-27 13:00:00,30.0,28,2.9,990.3,13,31.3
2020-02-27 14:00:00,31.3,27,6.6,989.9,14,31.8
2020-02-27 15:00:00,31.8,26,9.7,989.4,15,32.0
2020-02-27 16:00:00,32.0,24,9.7,988.6,16,31.5
2020-02-27 17:00:00,31.5,26,11.2,988.2,17,29.6
2020-02-27 18:00:00,29.6,32,14.6,988.1,18,26.6
2020-02-27 19:00:00,26.6,38,13.3,988.4,19,24.7
2020-02-27 20:00:00,24.7,41,11.6,988.5,20,22.5
2020-02-27 21:00:00,22.5,46,6.3,988.7,21,20.8
2020-02-27 22:00:00,20.8,52,5.0,989.0,22,19.1
2020-02-27 23:00:00,19.1,61,5.4,988.9,23,19.1
2020-02-28 00:00:00,19.1,60,4.8,989.0,0,17.8
2020-02-28 01:00:00,17.8,66,7.5,988.8,1,17.6
2020-02-28 02:00:00,17.6,64,8.2,988.5,2,17.6
2020-02-28 03:00:00,17.6,61,6.9,988.5,3,17.0
2020-02-28 04:00:00,17.0,65,6.7,988.5,4,16.0
2020-02-28 05:00:00,16.0,72,6.5,988.6,5,15.2
2020-02-28 06:00:00,15.2,79,6.3,989.0,6,15.6
2020-02-28 07:00:00,15.6,79,5.6,989.8,7,17.3
2020-02-28 08:00:00,17.3,75,6.0,991.3,8,19.7
2020-02-28 09:00:00,19.7,65,3.1,991.3,9,22.6
2020-02-28 10:00:00,22.6,54,3.3,991.3,10,25.7
2020-02-28 11:00:00,25.7,44,4.5,991.6,11,28.4
2020-02-28 12:00:00,28.4,36,4.8,991.6,12,30.5
2020-02-28 13:00:00,30.5,29,6.9,991.1,13,32.0
2020-02-28 14:00:00,32.0,25,7.7,990.7,14,32.8
2020-02-28 15:00:00,32.8,22,8.9,990.1,15,33.2
2020-02-28 16:00:00,33.2,21,8.5,989.4,16,32.8
2020-02-28 17:00:00,32.8,22,10.0,989.0,17,31.5
2020-02-28 18:00:00,31.5,26,13.0,989.1,18,28.0
2020-02-28 19:00:00,28.0,36,12.6,989.3,19,25.7
2020-02-28 20:00:00,25.7,46,9.1,989.2,20,23.2
2020-02-28 21:00:00,23.2,54,5.1,989.7,21,21.9
2020-02-28 22:00:00,21.9,58,4.5,990.0,22,20.2
2020-02-28 23:00:00,20.2,65,5.4,989.6,23,19.4
2020-02-29 00:00:00,19.4,68,4.7,989.2,0,18.0
2020-02-29 01:00:00,18.0,74,4.5,989.0,1,17.5
2020-02-29 02:00:00,17.5,77,3.9,988.5,2,17.0
2020-02-29 03:00:00,17.0,79,2.3,988.4,3,17.1
2020-02-29 04:00:00,17.1,78,0.7,988.0,4,15.9
2020-02-29 05:00:00,15.9,85,2.3,987.7,5,15.9
2020-02-29 06:00:00,15.9,84,2.5,987.8,6,15.9
2020-02-29 07:00:00,15.9,84,2.2,988.2,7,17.8
2020-02-29 08:00:00,17.8,76,0.5,989.0,8,20.9
2020-02-29 09:00:00,20.9,62,2.6,989.3,9,24.2
2020-02-29 10:00:00,24.2,50,4.0,989.5,10,27.2
2020-02-29 11:00:00,27.2,41,2.1,989.6,11,30.1
2020-02-29 12:00:00,30.1,33,2.3,989.1,12,32.3
2020-02-29 13:00:00,32.3,28,4.4,988.7,13,33.7
2020-02-29 14:00:00,33.7,25,6.9,988.5,14,33.8
2020-02-29 15:00:00,33.8,25,11.8,988.4,15,32.0
2020-02-29 16:00:00,32.0,27,16.9,988.1,16,30.0
2020-02-29 17:00:00,30.0,29,16.6,987.9,17,28.0
2020-02-29 18:00:00,28.0,31,14.5,987.9,18,25.4
2020-02-29 19:00:00,25.4,38,9.4,988.1,19,23.4
2020-02-29 20:00:00,23.4,47,7.0,988.1,20,21.5
2020-02-29 21:00:00,21.5,55,7.4,988.5,21,20.0
2020-02-29 22:00:00,20.0,64,3.3,988.4,22,19.0
2020-02-29 23:00:00,19.0,67,3.2,988.4,23,18.2
2020-03-01 00:00:00,18.2,71,4.0,988.2,0,17.2
2020-03-01 01:00:00,17.2,78,4.6,988.0,1,17.4
2020-03-01 02:00:00,17.4,76,2.8,987.9,2,17.0
2020-03-01 03:00:00,17.0,79,2.9,987.8,3,15.9
2020-03-01 04:00:00,15.9,86,4.4,987.8,4,15.4
2020-03-01 05:00:00,15.4,89,4.5,988.0,5,15.4
2020-03-01 06:00:00,15.4,87,3.9,988.3,6,15.9
2020-03-01 07:00:00,15.9,85,5.7,989.0,7,16.6
2020-03-01 08:00:00,16.6,80,8.4,990.5,8,18.0
2020-03-01 09:00:00,18.0,74,9.0,990.6,9,20.2
2020-03-01 10:00:00,20.2,64,8.6,991.0,10,23.0
2020-03-01 11:00:00,23.0,53,8.3,991.2,11,25.8
2020-03-01 12:00:00,25.8,43,7.8,991.0,12,28.0
2020-03-01 13:00:00,28.0,36,6.4,990.5,13,29.6
2020-03-01 14:00:00,29.6,32,4.5,990.7,14,30.5
2020-03-01 15:00:00,30.5,30,5.1,990.3,15,30.0
2020-03-01 16:00:00,30.0,32,9.2,989.8,16,28.0
2020-03-01 17:00:00,28.0,37,13.7,989.8,17,25.5
2020-03-01 18:00:00,25.5,42,14.3,989.6,18,23.4
2020-03-01 19:00:00,23.4,46,11.8,989.8,19,21.9
2020-03-01 20:00:00,21.9,52,10.4,989.5,20,20.4
2020-03-01 21:00:00,20.4,55,8.0,989.9,21,19.2
2020-03-01 22:00:00,19.2,59,6.3,989.8,22,18.2
2020-03-01 23:00:00,18.2,63,6.0,989.5,23,17.4
2020-03-02 00:00:00,17.4,66,6.1,989.5,0,16.4
2020-03-02 01:00:00,16.4,70,6.1,989.2,1,15.4
2020-03-02 02:00:00,15.4,75,5.6,988.8,2,14.6
2020-03-02 03:00:00,14.6,80,4.3,988.4,3,14.0
2020-03-02 04:00:00,14.0,84,3.1,988.1,4,13.4
2020-03-02 05:00:00,13.4,87,2.9,988.0,5,12.9
2020-03-02 06:00:00,12.9,91,2.7,988.0,6,13.1
2020-03-02 07:00:00,13.1,90,4.7,988.6,7,15.1
2020-03-02 08:00:00,15.1,79,3.8,989.8,8,18.0
2020-03-02 09:00:00,18.0,66,0.7,989.9,9,20.9
2020-03-02 10:00:00,20.9,57,1.3,990.0,10,24.0
2020-03-02 11:00:00,24.0,48,1.3,990.2,11,27.0
2020-03-02 12:00:00,27.0,41,3.4,989.9,12,29.2
2020-03-02 13:00:00,29.2,37,6.1,989.8,13,30.5
2020-03-02 14:00:00,30.5,34,8.9,989.9,14,30.9
2020-03-02 15:00:00,30.9,33,10.8,989.4,15,30.3
2020-03-02 16:00:00,30.3,33,12.4,989.3,16,28.7
2020-03-02 17:00:00,28.7,36,14.9,988.9,17,26.5
2020-03-02 18:00:00,26.5,40,16.2,989.1,18,23.4
2020-03-02 19:00:00,23.4,48,12.0,989.2,19,21.8
2020-03-02 20:00:00,21.8,55,8.5,989.3,20,20.2
2020-03-02 21:00:00,20.2,60,8.6,990.0,21,18.7
2020-03-02 22:00:00,18.7,66,6.7,990.2,22,17.6
2020-03-02 23:00:00,17.6,70,4.9,989.9,23,16.7
2020-03-03 00:00:00,16.7,75,5.0,989.7,0,15.9
2020-03-03 01:00:00,15.9,79,4.8,989.5,1,14.9
2020-03-03 02:00:00,14.9,84,5.1,988.8,2,14.3
2020-03-03 03:00:00,14.3,88,3.3,988.2,3,13.7
2020-03-03 04:00:00,13.7,91,2.3,987.8,4,13.1
2020-03-03 05:00:00,13.1,95,1.4,987.5,5,12.9
2020-03-03 06:00:00,12.9,96,0.4,987.5,6,12.9
2020-03-03 07:00:00,12.9,96,0.7,987.7,7,14.1
2020-03-03 08:00:00,14.1,90,1.8,988.8,8,16.5
2020-03-03 09:00:00,16.5,80,2.1,988.6,9,19.8
2020-03-03 10:00:00,19.8,67,1.5,989.0,10,23.1
2020-03-03 11:00:00,23.1,55,3.2,989.1,11,26.2
2020-03-03 12:00:00,26.2,47,5.8,989.0,12,28.5
2020-03-03 13:00:00,28.5,40,7.4,988.7,13,30.3
2020-03-03 14:00:00,30.3,35,8.6,988.5,14,31.3
2020-03-03 15:00:00,31.3,32,8.9,988.1,15,31.5
2020-03-03 16:00:00,31.5,31,9.7,987.6,16,30.8
2020-03-03 17:00:00,30.8,32,11.8,987.5,17,29.0
2020-03-03 18:00:00,29.0,36,14.9,987.6,18,26.0
2020-03-03 19:00:00,26.0,42,13.1,987.9,19,23.4
2020-03-03 20:00:00,23.4,49,9.3,987.9,20,21.6
2020-03-03 21:00:00,21.6,54,6.9,989.0,21,20.3
2020-03-03 22:00:00,20.3,58,6.0,989.2,22,19.2
2020-03-03 23:00:00,19.2,62,3.6,989.2,23,19.0
2020-03-04 00:00:00,19.0,62,3.6,989.2,0,18.1
2020-03-04 01:00:00,18.1,66,3.3,989.0,1,16.8
2020-03-04 02:00:00,16.8,73,3.5,988.4,2,15.9
2020-03-04 03:00:00,15.9,77,3.9,987.7,3,15.8
2020-03-04 04:00:00,15.8,77,0.7,987.5,4,15.1
2020-03-04 05:00:00,15.1,81,2.2,987.5,5,14.4
2020-03-04 06:00:00,14.4,84,3.7,987.7,6,14.4
2020-03-04 07:00:00,14.4,86,4.3,988.0,7,16.6
2020-03-04 08:00:00,16.6,72,4.0,989.2,8,19.3
2020-03-04 09:00:00,19.3,51,7.7,989.5,9,21.4
2020-03-04 10:00:00,21.4,46,8.1,989.8,10,23.9
2020-03-04 11:00:00,23.9,40,7.1,989.9,11,26.6
2020-03-04 12:00:00,26.6,33,9.0,989.3,12,29.0
2020-03-04 13:00:00,29.0,25,11.8,988.7,13,31.0
2020-03-04 14:00:00,31.0,20,13.8,988.4,14,31.8
2020-03-04 15:00:00,31.8,18,15.1,988.0,15,32.2
2020-03-04 16:00:00,32.2,18,14.6,987.4,16,32.1
2020-03-04 17:00:00,32.1,17,15.1,986.8,17,31.7
2020-03-04 18:00:00,31.7,17,14.8,986.8,18,28.7
2020-03-04 19:00:00,28.7,20,8.2,987.0,19,24.4
2020-03-04 20:00:00,24.4,32,7.3,986.6,20,23.0
2020-03-04 21:00:00,23.0,38,7.6,987.3,21,21.1
2020-03-04 22:00:00,21.1,43,8.2,987.6,22,20.8
2020-03-04 23:00:00,20.8,42,10.1,987.8,23,20.7
2020-03-05 00:00:00,20.7,43,10.4,988.0,0,20.7
2020-03-05 01:00:00,20.7,46,11.4,988.0,1,19.9
2020-03-05 02:00:00,19.9,51,11.3,987.6,2,18.5
2020-03-05 03:00:00,18.5,58,11.6,987.6,3,17.5
2020-03-05 04:00:00,17.5,63,11.6,987.5,4,16.1
2020-03-05 05:00:00,16.1,69,9.8,987.2,5,15.8
2020-03-05 06:00:00,15.8,73,11.8,987.9,6,14.9
2020-03-05 07:00:00,14.9,78,10.2,988.2,7,16.1
2020-03-05 08:00:00,16.1,74,13.0,989.4,8,18.0
2020-03-05 09:00:00,18.0,67,8.9,989.1,9,20.8
2020-03-05 10:00:00,20.8,57,8.7,988.7,10,23.9
2020-03-05 11:00:00,23.9,47,13.0,988.5,11,26.1
2020-03-05 12:00:00,26.1,40,14.5,988.3,12,28.5
2020-03-05 13:00:00,28.5,33,11.2,988.0,13,30.2
2020-03-05 14:00:00,30.2,28,13.2,987.8,14,31.6
2020-03-05 15:00:00,31.6,25,15.2,987.2,15,32.8
2020-03-05 16:00:00,32.8,22,16.3,986.6,16,32.8
2020-03-05 17:00:00,32.8,20,16.7,986.2,17,32.3
2020-03-05 18:00:00,32.3,19,14.6,985.9,18,29.6
2020-03-05 19:00:00,29.6,21,11.5,985.9,19,27.9
2020-03-05 20:00:00,27.9,18,15.2,986.1,20,26.3
2020-03-05 21:00:00,26.3,20,12.2,986.1,21,24.4
2020-03-05 22:00:00,24.4,24,10.7,986.2,22,23.3
2020-03-05 23:00:00,23.3,29,10.6,986.3,23,22.2
2020-03-06 00:00:00,22.2,34,11.0,986.6,0,21.1
2020-03-06 01:00:00,21.1,40,11.3,986.6,1,19.5
2020-03-06 02:00:00,19.5,47,7.8,986.3,2,17.8
2020-03-06 03:00:00,17.8,55,6.6,985.9,3,17.0
2020-03-06 04:00:00,17.0,61,6.4,985.9,4,15.8
2020-03-06 05:00:00,15.8,70,7.2,986.1,5,14.8
2020-03-06 06:00:00,14.8,77,8.4,986.2,6,14.9
2020-03-06 07:00:00,14.9,78,5.6,986.7,7,17.5
2020-03-06 08:00:00,17.5,68,6.0,988.0,8,19.9
2020-03-06 09:00:00,19.9,60,6.6,988.1,9,22.8
2020-03-06 10:00:00,22.8,50,6.1,988.5,10,25.5
2020-03-06 11:00:00,25.5,41,6.0,988.8,11,27.7
2020-03-06 12:00:00,27.7,36,6.4,989.0,12,29.5
2020-03-06 13:00:00,29.5,31,6.6,988.5,13,31.0
2020-03-06 14:00:00,31.0,27,7.4,988.4,14,31.9
2020-03-06 15:00:00,31.9,26,8.9,987.7,15,32.2
2020-03-06 16:00:00,32.2,28,9.5,987.2,16,32.6
2020-03-06 17:00:00,32.6,27,12.2,986.8,17,31.6
2020-03-06 18:00:00,31.6,28,11.5,986.8,18,28.0
2020-03-06 19:00:00,28.0,35,11.2,987.1,19,25.4
2020-03-06 20:00:00,25.4,40,11.9,987.1,20,22.9
2020-03-06 21:00:00,22.9,48,10.1,987.8,21,21.8
2020-03-06 22:00:00,21.8,53,7.8,988.1,22,20.7
2020-03-06 23:00:00,20.7,57,5.5,987.8,23,20.1
2020-03-07 00:00:00,20.1,54,6.9,987.3,0,19.5
2020-03-07 01:00:00,19.5,53,9.8,987.7,1,18.5
2020-03-07 02:00:00,18.5,56,12.5,987.9,2,17.4
2020-03-07 03:00:00,17.4,60,10.3,987.9,3,16.7
2020-03-07 04:00:00,16.7,65,9.8,988.1,4,16.1
2020-03-07 05:00:00,16.1,71,10.5,988.3,5,15.4
2020-03-07 06:00:00,15.4,77,7.2,988.2,6,14.9
2020-03-07 07:00:00,14.9,81,5.4,988.4,7,15.8
2020-03-07 08:00:00,15.8,78,3.6,988.8,8,18.5
2020-03-07 09:00:00,18.5,68,7.1,989.3,9,21.1
2020-03-07 10:00:00,21.1,59,9.3,989.4,10,23.9
2020-03-07 11:00:00,23.9,50,9.4,989.1,11,26.5
2020-03-07 12:00:00,26.5,41,11.8,988.7,12,28.5
2020-03-07 13:00:00,28.5,33,13.5,988.3,13,30.1
2020-03-07 14:00:00,30.1,28,12.7,988.0,14,31.0
2020-03-07 15:00:00,31.0,25,11.2,987.5,15,31.2
2020-03-07 16:00:00,31.2,25,10.7,987.0,16,30.8
2020-03-07 17:00:00,30.8,29,11.7,986.4,17,28.6
2020-03-07 18:00:00,28.6,39,15.3,986.5,18,26.0
2020-03-07 19:00:00,26.0,47,12.9,986.9,19,24.9
2020-03-07 20:00:00,24.9,51,10.5,986.4,20,23.5
2020-03-07 21:00:00,23.5,56,4.3,986.7,21,22.1
2020-03-07 22:00:00,22.1,61,3.6,986.8,22,21.0
2020-03-07 23:00:00,21.0,64,4.0,986.7,23,20.0
2020-03-08 00:00:00,20.0,68,4.6,986.6,0,19.5
2020-03-08 01:00:00,19.5,67,5.6,986.7,1,19.1
2020-03-08 02:00:00,19.1,64,6.4,986.6,2,18.9
2020-03-08 03:00:00,18.9,54,7.7,986.6,3,18.3
2020-03-08 04:00:00,18.3,46,6.9,986.6,4,17.6
2020-03-08 05:00:00,17.6,45,6.4,987.0,5,16.8
2020-03-08 06:00:00,16.8,46,5.9,987.5,6,16.5
2020-03-08 07:00:00,16.5,48,6.0,987.9,7,17.6
2020-03-08 08:00:00,17.6,44,6.4,989.4,8,19.9
2020-03-08 09:00:00,19.9,41,6.2,989.2,9,22.8
2020-03-08 10:00:00,22.8,37,5.7,989.3,10,25.7
2020-03-08 11:00:00,25.7,34,4.9,989.5,11,28.0
2020-03-08 12:00:00,28.0,32,7.9,989.7,12,29.6
2020-03-08 13:00:00,29.6,30,10.7,989.6,13,30.5
2020-03-08 14:00:00,30.5,26,11.2,989.7,14,30.9
2020-03-08 15:00:00,30.9,24,9.2,988.9,15,31.2
2020-03-08 16:00:00,31.2,22,8.9,988.4,16,31.1
2020-03-08 17:00:00,31.1,21,10.7,987.8,17,30.6
2020-03-08 18:00:00,30.6,21,12.5,987.8,18,27.8
2020-03-08 19:00:00,27.8,24,8.7,987.8,19,25.5
2020-03-08 20:00:00,25.5,30,10.0,987.8,20,23.4
2020-03-08 21:00:00,23.4,34,9.3,988.2,21,22.1
2020-03-08 22:00:00,22.1,36,10.3,988.6,22,21.9
2020-03-08 23:00:00,21.9,34,10.2,988.7,23,21.5
2020-03-09 00:00:00,21.5,29,11.5,988.6,0,20.6
2020-03-09 01:00:00,20.6,30,12.0,988.6,1,19.4
2020-03-09 02:00:00,19.4,36,10.4,988.6,2,18.5
2020-03-09 03:00:00,18.5,40,9.4,988.3,3,17.3
2020-03-09 04:00:00,17.3,44,7.4,988.2,4,16.4
2020-03-09 05:00:00,16.4,47,6.5,988.2,5,15.5
2020-03-09 06:00:00,15.5,51,6.0,988.8,6,15.2
2020-03-09 07:00:00,15.2,53,5.2,989.3,7,16.4
2020-03-09 08:00:00,16.4,51,4.3,989.9,8,19.2
2020-03-09 09:00:00,19.2,44,7.7,990.3,9,22.3
2020-03-09 10:00:00,22.3,38,9.3,990.8,10,25.3
2020-03-09 11:00:00,25.3,32,8.9,991.2,11,28.1
2020-03-09 12:00:00,28.1,25,9.7,990.9,12,30.5
2020-03-09 13:00:00,30.5,18,10.7,990.8,13,32.3
2020-03-09 14:00:00,32.3,15,12.0,990.5,14,33.3
2020-03-09 15:00:00,33.3,13,14.5,990.0,15,33.3
2020-03-09 16:00:00,33.3,14,16.3,989.2,16,32.8
2020-03-09 17:00:00,32.8,15,16.2,988.6,17,31.6
2020-03-09 18:00:00,31.6,16,16.3,988.3,18,29.1
2020-03-09 19:00:00,29.1,19,11.4,987.9,19,28.1
2020-03-09 20:00:00,28.1,21,15.0,987.2,20,26.6
2020-03-09 21:00:00,26.6,23,14.7,987.1,21,25.3
2020-03-09 22:00:00,25.3,26,14.3,987.6,22,24.0
2020-03-09 23:00:00,24.0,29,14.0,987.3,23,22.4
2020-03-10 00:00:00,22.4,33,9.7,987.6,0,20.5
2020-03-10 01:00:00,20.5,37,6.9,987.4,1,19.4
2020-03-10 02:00:00,19.4,40,6.6,987.2,2,18.0
2020-03-10 03:00:00,18.0,45,9.0,987.0,3,18.1
2020-03-10 04:00:00,18.1,46,6.8,986.7,4,16.8
2020-03-10 05:00:00,16.8,50,4.0,986.9,5,15.7
2020-03-10 06:00:00,15.7,54,5.4,987.1,6,16.1
2020-03-10 07:00:00,16.1,54,4.4,987.9,7,18.7
2020-03-10 08:00:00,18.7,48,4.7,989.2,8,21.2
2020-03-10 09:00:00,21.2,44,1.8,989.7,9,23.6
2020-03-10 10:00:00,23.6,35,2.2,989.6,10,25.9
2020-03-10 11:00:00,25.9,30,4.1,990.0,11,28.1
2020-03-10 12:00:00,28.1,26,6.9,989.9,12,30.0
2020-03-10 13:00:00,30.0,23,8.7,989.5,13,31.3
2020-03-10 14:00:00,31.3,21,10.0,989.1,14,32.5
2020-03-10 15:00:00,32.5,18,11.3,988.5,15,32.9
2020-03-10 16:00:00,32.9,17,12.8,987.5,16,32.2
2020-03-10 17:00:00,32.2,19,14.5,987.0,17,30.4
2020-03-10 18:00:00,30.4,24,14.2,987.0,18,26.9
2020-03-10 19:00:00,26.9,31,11.7,986.9,19,24.9
2020-03-10 20:00:00,24.9,36,10.7,987.1,20,22.9
2020-03-10 21:00:00,22.9,41,11.0,987.2,21,23.0
2020-03-10 22:00:00,23.0,41,17.8,987.9,22,21.4
2020-03-10 23:00:00,21.4,52,17.6,987.9,23,20.1
2020-03-11 00:00:00,20.1,59,15.5,988.0,0,19.1
2020-03-11 01:00:00,19.1,64,13.1,988.0,1,18.2
2020-03-11 02:00:00,18.2,69,12.0,987.5,2,17.6
2020-03-11 03:00:00,17.6,73,10.6,987.4,3,17.2
2020-03-11 04:00:00,17.2,75,8.4,987.1,4,15.9
2020-03-11 05:00:00,15.9,83,5.1,987.0,5,15.1
2020-03-11 06:00:00,15.1,88,5.9,987.1,6,15.3
2020-03-11 07:00:00,15.3,88,3.3,987.6,7,16.7
2020-03-11 08:00:00,16.7,78,6.9,988.0,8,18.8
2020-03-11 09:00:00,18.8,69,8.7,988.3,9,21.0
2020-03-11 10:00:00,21.0,59,6.7,988.4,10,24.3
2020-03-11 11:00:00,24.3,45,8.0,988.2,11,27.1
2020-03-11 12:00:00,27.1,35,9.3,987.8,12,29.5
2020-03-11 13:00:00,29.5,27,10.8,987.2,13,31.0
2020-03-11 14:00:00,31.0,23,11.4,986.6,14,31.5
2020-03-11 15:00:00,31.5,21,11.5,986.1,15,31.7
2020-03-11 16:00:00,31.7,20,9.7,985.6,16,31.4
2020-03-11 17:00:00,31.4,20,10.0,985.0,17,29.9
2020-03-11 18:00:00,29.9,24,9.7,985.1,18,26.5
2020-03-11 19:00:00,26.5,37,12.7,985.4,19,24.7
2020-03-11 20:00:00,24.7,41,12.8,985.0,20,23.1
2020-03-11 21:00:00,23.1,43,9.7,985.2,21,21.6
2020-03-11 22:00:00,21.6,47,6.4,985.7,22,21.9
2020-03-11 23:00:00,21.9,46,5.9,986.0,23,21.5
2020-03-12 00:00:00,21.5,47,3.9,986.3,0,20.9
2020-03-12 01:00:00,20.9,48,3.7,986.6,1,20.0
2020-03-12 02:00:00,20.0,51,1.5,986.6,2,17.9
2020-03-12 03:00:00,17.9,63,3.9,986.2,3,17.4
2020-03-12 04:00:00,17.4,65,3.9,986.4,4,16.9
2020-03-12 05:00:00,16.9,70,6.0,986.5,5,15.8
2020-03-12 06:00:00,15.8,80,4.9,986.8,6,15.8
2020-03-12 07:00:00,15.8,83,3.1,987.4,7,17.1
2020-03-12 08:00:00,17.1,78,4.7,987.9,8,19.6
2020-03-12 09:00:00,19.6,64,5.2,988.3,9,22.5
2020-03-12 10:00:00,22.5,49,2.9,988.8,10,24.8
2020-03-12 11:00:00,24.8,40,2.4,989.0,11,26.7
2020-03-12 12:00:00,26.7,33,3.8,988.8,12,28.2
2020-03-12 13:00:00,28.2,29,6.1,988.5,13,29.2
2020-03-12 14:00:00,29.2,26,8.4,988.2,14,29.6
2020-03-12 15:00:00,29.6,25,9.4,987.7,15,29.8
2020-03-12 16:00:00,29.8,25,9.7,987.4,16,29.3
2020-03-12 17:00:00,29.3,26,10.3,986.8,17,26.8
2020-03-12 18:00:00,26.8,33,16.7,987.0,18,23.0
2020-03-12 19:00:00,23.0,46,15.2,987.4,19,20.6
2020-03-12 20:00:00,20.6,61,12.0,988.0,20,19.4
2020-03-12 21:00:00,19.4,66,6.2,988.7,21,18.4
2020-03-12 22:00:00,18.4,70,6.6,989.1,22,17.6
2020-03-12 23:00:00,17.6,73,6.9,988.6,23,17.0
2020-03-13 00:00:00,17.0,75,4.0,988.7,0,16.5
2020-03-13 01:00:00,16.5,77,3.9,988.8,1,16.4
2020-03-13 02:00:00,16.4,77,6.6,988.7,2,16.0
2020-03-13 03:00:00,16.0,78,6.8,988.7,3,15.6
2020-03-13 04:00:00,15.6,80,6.5,988.6,4,15.1
2020-03-13 05:00:00,15.1,83,5.4,989.0,5,14.8
2020-03-13 06:00:00,14.8,86,5.9,989.6,6,14.6
2020-03-13 07:00:00,14.6,89,5.1,990.5,7,15.8
2020-03-13 08:00:00,15.8,86,5.4,991.6,8,17.9
2020-03-13 09:00:00,17.9,76,7.1,992.3,9,20.2
2020-03-13 10:00:00,20.2,65,7.6,992.8,10,22.9
2020-03-13 11:00:00,22.9,52,8.3,993.2,11,25.3
2020-03-13 12:00:00,25.3,42,11.0,993.1,12,27.0
2020-03-13 13:00:00,27.0,34,11.7,992.7,13,28.0
2020-03-13 14:00:00,28.0,30,13.0,992.3,14,28.4
2020-03-13 15:00:00,28.4,28,14.3,992.1,15,28.1
2020-03-13 16:00:00,28.1,29,15.3,991.5,16,27.5
2020-03-13 17:00:00,27.5,31,15.0,991.0,17,26.5
2020-03-13 18:00:00,26.5,32,15.6,990.8,18,24.8
2020-03-13 19:00:00,24.8,35,12.8,991.0,19,24.0
2020-03-13 20:00:00,24.0,36,12.3,991.1,20,23.1
2020-03-13 21:00:00,23.1,39,15.2,991.9,21,21.8
2020-03-13 22:00:00,21.8,48,19.5,992.0,22,20.4
2020-03-13 23:00:00,20.4,56,20.4,991.8,23,19.1
2020-03-14 00:00:00,19.1,61,19.0,991.5,0,18.2
2020-03-14 01:00:00,18.2,65,17.2,991.3,1,17.5
2020-03-14 02:00:00,17.5,66,16.3,990.9,2,16.7
2020-03-14 03:00:00,16.7,69,15.1,990.5,3,15.9
2020-03-14 04:00:00,15.9,71,15.5,990.3,4,15.1
2020-03-14 05:00:00,15.1,73,15.0,990.3,5,14.3
2020-03-14 06:00:00,14.3,74,14.3,990.6,6,13.6
2020-03-14 07:00:00,13.6,74,13.5,991.2,7,14.1
2020-03-14 08:00:00,14.1,72,12.1,992.2,8,15.7
2020-03-14 09:00:00,15.7,64,11.3,992.4,9,18.2
2020-03-14 10:00:00,18.2,54,9.7,992.5,10,21.0
2020-03-14 11:00:00,21.0,45,9.8,992.1,11,23.5
2020-03-14 12:00:00,23.5,36,11.5,991.6,12,25.5
2020-03-14 13:00:00,25.5,29,13.5,991.2,13,26.9
2020-03-14 14:00:00,26.9,25,14.3,990.8,14,28.1
2020-03-14 15:00:00,28.1,21,14.7,990.4,15,28.8
2020-03-14 16:00:00,28.8,19,14.3,989.6,16,28.5
2020-03-14 17:00:00,28.5,18,14.8,989.3,17,27.4
2020-03-14 18:00:00,27.4,18,14.2,989.3,18,24.5
2020-03-14 19:00:00,24.5,22,9.0,989.4,19,23.2
2020-03-14 20:00:00,23.2,22,9.8,989.3,20,22.5
2020-03-14 21:00:00,22.5,21,13.3,989.6,21,21.3
2020-03-14 22:00:00,21.3,23,13.4,990.0,22,20.0
2020-03-14 23:00:00,20.0,27,13.0,990.2,23,18.5
2020-03-15 00:00:00,18.5,34,12.5,990.1,0,17.1
2020-03-15 01:00:00,17.1,41,12.3,989.9,1,15.8
2020-03-15 02:00:00,15.8,49,11.3,989.7,2,14.6
2020-03-15 03:00:00,14.6,57,10.9,989.4,3,13.5
2020-03-15 04:00:00,13.5,63,10.8,989.4,4,12.4
2020-03-15 05:00:00,12.4,69,10.0,989.6,5,11.4
2020-03-15 06:00:00,11.4,75,7.9,989.8,6,10.6
2020-03-15 07:00:00,10.6,80,6.9,990.0,7,11.4
2020-03-15 08:00:00,11.4,78,8.0,990.7,8,14.1
2020-03-15 09:00:00,14.1,66,9.1,990.8,9,17.5
2020-03-15 10:00:00,17.5,53,7.8,991.0,10,20.9
2020-03-15 11:00:00,20.9,43,5.9,990.9,11,24.0
2020-03-15 12:00:00,24.0,34,6.4,990.3,12,26.6
2020-03-15 13:00:00,26.6,27,8.2,989.6,13,28.5
2020-03-15 14:00:00,28.5,22,9.6,989.5,14,29.5
2020-03-15 15:00:00,29.5,19,10.0,988.9,15,30.0
2020-03-15 16:00:00,30.0,17,10.2,988.4,16,29.6
2020-03-15 17:00:00,29.6,16,9.9,987.8,17,28.8
2020-03-15 18:00:00,28.8,17,10.0,987.8,18,24.2
2020-03-15 19:00:00,24.2,24,8.0,987.7,19,22.1
2020-03-15 20:00:00,22.1,36,7.0,987.3,20,20.4
2020-03-15 21:00:00,20.4,49,9.5,987.5,21,18.5
2020-03-15 22:00:00,18.5,57,7.9,987.4,22,16.5
2020-03-15 23:00:00,16.5,65,7.2,987.2,23,15.7
2020-03-16 00:00:00,15.7,68,5.9,987.2,0,15.7
2020-03-16 01:00:00,15.7,67,4.4,987.2,1,16.5
2020-03-16 02:00:00,16.5,62,3.5,987.2,2,15.8
2020-03-16 03:00:00,15.8,63,2.5,986.8,3,14.6
2020-03-16 04:00:00,14.6,69,0.5,986.8,4,12.2
2020-03-16 05:00:00,12.2,83,2.6,986.7,5,11.4
2020-03-16 06:00:00,11.4,88,1.5,986.8,6,12.1
2020-03-16 07:00:00,12.1,84,0.8,987.2,7,13.7
2020-03-16 08:00:00,13.7,75,2.2,988.1,8,16.5
2020-03-16 09:00:00,16.5,60,2.5,988.3,9,19.2
2020-03-16 10:00:00,19.2,50,3.1,988.7,10,22.1
2020-03-16 11:00:00,22.1,42,3.1,989.0,11,24.7
2020-03-16 12:00:00,24.7,35,3.3,989.0,12,26.5
2020-03-16 13:00:00,26.5,30,5.6,989.0,13,27.4
2020-03-16 14:00:00,27.4,27,7.1,988.8,14,28.0
2020-03-16 15:00:00,28.0,25,6.9,988.2,15,28.0
2020-03-16 16:00:00,28.0,25,8.9,987.8,16,27.1
2020-03-16 17:00:00,27.1,27,11.4,987.7,17,24.7
2020-03-16 18:00:00,24.7,37,16.3,988.0,18,21.6
2020-03-16 19:00:00,21.6,45,13.5,988.5,19,20.0
2020-03-16 20:00:00,20.0,49,5.5,988.9,20,19.0
2020-03-16 21:00:00,19.0,52,3.8,989.6,21,18.4
2020-03-16 22:00:00,18.4,54,4.7,989.9,22,17.2
2020-03-16 23:00:00,17.2,61,4.1,990.1,23,16.6
2020-03-17 00:00:00,16.6,62,4.1,990.3,0,16.0
2020-03-17 01:00:00,16.0,65,4.0,990.3,1,15.1
2020-03-17 02:00:00,15.1,69,6.3,990.2,2,14.4
2020-03-17 03:00:00,14.4,72,6.3,990.1,3,13.6
2020-03-17 04:00:00,13.6,77,4.7,989.9,4,12.7
2020-03-17 05:00:00,12.7,83,4.1,990.1,5,12.2
2020-03-17 06:00:00,12.2,86,3.6,990.5,6,11.8
2020-03-17 07:00:00,11.8,90,4.3,990.9,7,13.6
2020-03-17 08:00:00,13.6,81,2.2,992.5,8,16.0
2020-03-17 09:00:00,16.0,68,4.7,992.7,9,18.5
2020-03-17 10:00:00,18.5,57,4.3,992.7,10,21.2
2020-03-17 11:00:00,21.2,48,4.9,992.7,11,23.7
2020-03-17 12:00:00,23.7,39,5.6,992.3,12,25.8
2020-03-17 13:00:00,25.8,31,7.9,991.7,13,27.4
2020-03-17 14:00:00,27.4,26,10.2,991.4,14,28.0
2020-03-17 15:00:00,28.0,24,11.7,990.9,15,28.0
2020-03-17 16:00:00,28.0,23,11.6,990.6,16,27.6
2020-03-17 17:00:00,27.6,23,12.3,990.5,17,26.3
2020-03-17 18:00:00,26.3,26,12.4,990.4,18,22.8
2020-03-17 19:00:00,22.8,41,12.0,990.4,19,20.1
2020-03-17 20:00:00,20.1,53,11.3,989.9,20,18.8
2020-03-17 21:00:00,18.8,59,8.3,989.9,21,17.8
2020-03-17 22:00:00,17.8,63,9.2,990.2,22,17.6
2020-03-17 23:00:00,17.6,61,9.7,990.0,23,17.5
2020-03-18 00:00:00,17.5,58,9.2,989.9,0,16.3
2020-03-18 01:00:00,16.3,64,6.9,989.9,1,15.2
2020-03-18 02:00:00,15.2,70,6.4,989.6,2,14.4
2020-03-18 03:00:00,14.4,75,6.9,989.4,3,13.7
2020-03-18 04:00:00,13.7,80,6.7,989.4,4,13.2
2020-03-18 05:00:00,13.2,83,6.3,989.5,5,12.6
2020-03-18 06:00:00,12.6,87,6.1,990.0,6,12.1
2020-03-18 07:00:00,12.1,90,5.5,990.3,7,14.2
2020-03-18 08:00:00,14.2,80,5.6,991.6,8,16.7
2020-03-18 09:00:00,16.7,69,5.5,991.7,9,19.6
2020-03-18 10:00:00,19.6,57,4.1,992.3,10,22.6
2020-03-18 11:00:00,22.6,45,6.1,992.5,11,25.1
2020-03-18 12:00:00,25.1,34,8.4,992.2,12,26.8
2020-03-18 13:00:00,26.8,28,9.7,991.8,13,27.9
2020-03-18 14:00:00,27.9,25,10.2,991.6,14,28.4
2020-03-18 15:00:00,28.4,24,10.4,991.1,15,28.5
2020-03-18 16:00:00,28.5,23,10.0,991.0,16,28.2
2020-03-18 17:00:00,28.2,23,9.7,990.7,17,26.7
2020-03-18 18:00:00,26.7,28,11.8,990.7,18,22.8
2020-03-18 19:00:00,22.8,40,13.4,990.8,19,21.0
2020-03-18 20:00:00,21.0,47,10.1,990.8,20,18.9
2020-03-18 21:00:00,18.9,56,6.6,991.4,21,17.7
2020-03-18 22:00:00,17.7,60,5.2,991.6,22,17.0
2020-03-18 23:00:00,17.0,62,5.9,991.5,23,16.4
2020-03-19 00:00:00,16.4,63,5.7,991.6,0,15.2
2020-03-19 01:00:00,15.2,68,8.7,991.5,1,15.1
2020-03-19 02:00:00,15.1,66,6.6,991.2,2,14.6
2020-03-19 03:00:00,14.6,67,7.3,991.4,3,13.6
2020-03-19 04:00:00,13.6,72,6.3,991.3,4,12.2
2020-03-19 05:00:00,12.2,79,7.0,991.3,5,11.6
2020-03-19 06:00:00,11.6,83,6.9,991.6,6,11.1
2020-03-19 07:00:00,11.1,87,7.0,992.1,7,13.5
2020-03-19 08:00:00,13.5,74,4.7,993.0,8,15.9
2020-03-19 09:00:00,15.9,65,3.9,993.3,9,18.8
2020-03-19 10:00:00,18.8,54,3.3,993.3,10,21.9
2020-03-19 11:00:00,21.9,42,5.4,993.1,11,24.6
2020-03-19 12:00:00,24.6,33,8.9,992.9,12,26.7
2020-03-19 13:00:00,26.7,27,11.2,992.3,13,28.2
2020-03-19 14:00:00,28.2,22,11.5,991.8,14,29.0
2020-03-19 15:00:00,29.0,20,11.4,991.3,15,29.1
2020-03-19 16:00:00,29.1,20,10.6,990.7,16,28.9
2020-03-19 17:00:00,28.9,19,10.2,990.2,17,27.7
2020-03-19 18:00:00,27.7,21,10.7,990.1,18,23.5
2020-03-19 19:00:00,23.5,32,11.0,990.1,19,21.5
2020-03-19 20:00:00,21.5,40,9.7,990.0,20,19.6
2020-03-19 21:00:00,19.6,45,7.1,989.9,21,17.6
2020-03-19 22:00:00,17.6,52,6.6,989.9,22,16.3
2020-03-19 23:00:00,16.3,57,8.0,989.6,23,15.9
2020-03-20 00:00:00,15.9,57,8.4,989.5,0,14.9
2020-03-20 01:00:00,14.9,59,9.9,989.3,1,14.8
2020-03-20 02:00:00,14.8,56,9.4,988.9,2,15.4
2020-03-20 03:00:00,15.4,51,7.5,988.6,3,13.2
2020-03-20 04:00:00,13.2,59,8.7,988.0,4,11.8
2020-03-20 05:00:00,11.8,65,8.3,987.7,5,11.1
2020-03-20 06:00:00,11.1,70,8.2,987.8,6,11.9
2020-03-20 07:00:00,11.9,66,4.8,988.2,7,13.0
2020-03-20 08:00:00,13.0,62,1.5,988.9,8,16.4
2020-03-20 09:00:00,16.4,51,3.2,989.4,9,19.5
2020-03-20 10:00:00,19.5,43,5.2,989.4,10,22.9
2020-03-20 11:00:00,22.9,36,5.8,989.2,11,25.9
2020-03-20 12:00:00,25.9,29,3.9,988.9,12,27.9
2020-03-20 13:00:00,27.9,25,2.5,988.3,13,29.1
2020-03-20 14:00:00,29.1,23,3.3,987.8,14,29.6
2020-03-20 15:00:00,29.6,23,6.1,987.2,15,29.1
2020-03-20 16:00:00,29.1,25,11.5,986.7,16,25.9
2020-03-20 17:00:00,25.9,37,17.4,986.6,17,23.5
2020-03-20 18:00:00,23.5,43,13.3,986.6,18,20.7
2020-03-20 19:00:00,20.7,53,8.3,986.8,19,19.2
2020-03-20 20:00:00,19.2,59,5.0,987.5,20,18.0
2020-03-20 21:00:00,18.0,65,5.5,987.4,21,17.0
2020-03-20 22:00:00,17.0,70,4.1,987.9,22,15.8
2020-03-20 23:00:00,15.8,77,3.2,987.9,23,15.3
2020-03-21 00:00:00,15.3,78,4.1,988.6,0,14.4
2020-03-21 01:00:00,14.4,83,2.7,988.8,1,14.1
2020-03-21 02:00:00,14.1,83,6.4,988.6,2,13.4
2020-03-21 03:00:00,13.4,84,9.7,988.2,3,12.9
2020-03-21 04:00:00,12.9,83,7.6,988.2,4,12.9
2020-03-21 05:00:00,12.9,80,7.0,988.4,5,12.9
2020-03-21 06:00:00,12.9,79,9.1,988.9,6,13.2
2020-03-21 07:00:00,13.2,79,9.4,989.9,7,13.6
2020-03-21 08:00:00,13.6,79,6.3,990.3,8,15.2
2020-03-21 09:00:00,15.2,70,8.0,991.0,9,17.6
2020-03-21 10:00:00,17.6,58,10.9,991.6,10,19.1
2020-03-21 11:00:00,19.1,53,13.0,992.2,11,22.0
2020-03-21 12:00:00,22.0,44,15.9,991.6,12,22.0
2020-03-21 13:00:00,22.0,44,14.8,991.3,13,23.5
2020-03-21 14:00:00,23.5,40,13.9,991.0,14,24.2
2020-03-21 15:00:00,24.2,38,13.5,990.1,15,24.8
2020-03-21 16:00:00,24.8,36,17.5,989.8,16,22.7
2020-03-21 17:00:00,22.7,41,19.2,990.0,17,21.4
2020-03-21 18:00:00,21.4,43,17.5,990.2,18,19.9
2020-03-21 19:00:00,19.9,42,14.7,990.4,19,18.6
2020-03-21 20:00:00,18.6,48,7.4,991.2,20,17.4
2020-03-21 21:00:00,17.4,52,6.1,991.6,21,16.0
2020-03-21 22:00:00,16.0,60,4.2,991.6,22,15.1
2020-03-21 23:00:00,15.1,65,2.6,991.2,23,14.3
2020-03-22 00:00:00,14.3,70,3.6,991.3,0,13.8
2020-03-22 01:00:00,13.8,72,3.2,991.6,1,13.9
2020-03-22 02:00:00,13.9,71,0.7,991.9,2,13.9
2020-03-22 03:00:00,13.9,69,3.3,991.4,3,13.1
2020-03-22 04:00:00,13.1,71,4.3,991.1,4,12.6
2020-03-22 05:00:00,12.6,73,5.0,991.3,5,12.4
2020-03-22 06:00:00,12.4,74,4.6,991.9,6,12.1
2020-03-22 07:00:00,12.1,75,4.6,991.9,7,15.1
2020-03-22 08:00:00,15.1,61,4.2,992.6,8,17.8
2020-03-22 09:00:00,17.8,52,7.1,993.0,9,20.1
2020-03-22 10:00:00,20.1,47,11.2,993.3,10,21.5
2020-03-22 11:00:00,21.5,45,10.8,993.0,11,23.3
2020-03-22 12:00:00,23.3,42,10.1,992.6,12,25.0
2020-03-22 13:00:00,25.0,39,11.2,992.0,13,26.2
2020-03-22 14:00:00,26.2,37,14.3,991.4,14,26.6
2020-03-22 15:00:00,26.6,35,15.7,990.8,15,27.0
2020-03-22 16:00:00,27.0,33,15.6,990.2,16,26.4
2020-03-22 17:00:00,26.4,35,15.0,989.9,17,24.3
2020-03-22 18:00:00,24.3,39,13.1,990.1,18,21.1
2020-03-22 19:00:00,21.1,46,8.7,990.2,19,18.5
2020-03-22 20:00:00,18.5,55,9.2,990.5,20,17.2
2020-03-22 21:00:00,17.2,60,4.7,991.1,21,15.9
2020-03-22 22:00:00,15.9,67,4.6,991.5,22,15.2
2020-03-22 23:00:00,15.2,70,4.1,991.6,23,14.3
2020-03-23 00:00:00,14.3,75,3.6,991.8,0,13.7
2020-03-23 01:00:00,13.7,80,3.3,991.9,1,12.9
2020-03-23 02:00:00,12.9,85,3.8,991.7,2,12.6
2020-03-23 03:00:00,12.6,87,4.3,990.9,3,12.4
2020-03-23 04:00:00,12.4,86,4.8,991.0,4,11.8
2020-03-23 05:00:00,11.8,88,6.0,991.3,5,11.6
2020-03-23 06:00:00,11.6,89,6.0,992.1,6,11.4
2020-03-23 07:00:00,11.4,90,4.9,992.7,7,14.1
2020-03-23 08:00:00,14.1,77,5.8,993.3,8,16.8
2020-03-23 09:00:00,16.8,64,4.2,993.9,9,19.4
2020-03-23 10:00:00,19.4,53,6.8,994.3,10,21.6
2020-03-23 11:00:00,21.6,49,10.2,993.6,11,24.1
2020-03-23 12:00:00,24.1,42,10.1,993.3,12,26.7
2020-03-23 13:00:00,26.7,31,12.4,992.8,13,28.5
2020-03-23 14:00:00,28.5,21,13.4,992.3,14,28.9
2020-03-23 15:00:00,28.9,19,13.6,992.1,15,28.5
2020-03-23 16:00:00,28.5,22,10.5,991.5,16,27.8
2020-03-23 17:00:00,27.8,24,8.3,991.0,17,25.9
2020-03-23 18:00:00,25.9,31,12.1,991.0,18,22.1
2020-03-23 19:00:00,22.1,40,8.2,991.1,19,19.1
2020-03-23 20:00:00,19.1,50,5.9,991.6,20,17.9
2020-03-23 21:00:00,17.9,55,7.2,992.1,21,17.1
2020-03-23 22:00:00,17.1,58,5.4,992.3,22,15.4
2020-03-23 23:00:00,15.4,68,6.4,992.3,23,14.6
2020-03-24 00:00:00,14.6,74,6.3,992.1,0,13.4
2020-03-24 01:00:00,13.4,81,5.1,991.5,1,12.6
2020-03-24 02:00:00,12.6,88,5.8,991.1,2,12.1
2020-03-24 03:00:00,12.1,91,5.5,990.6,3,12.5
2020-03-24 04:00:00,12.5,89,2.0,990.0,4,11.1
2020-03-24 05:00:00,11.1,95,2.5,990.1,5,10.9
2020-03-24 06:00:00,10.9,96,3.6,990.2,6,10.6
2020-03-24 07:00:00,10.6,96,5.2,990.4,7,13.7
2020-03-24 08:00:00,13.7,81,3.6,991.0,8,17.5
2020-03-24 09:00:00,17.5,63,3.9,991.2,9,20.4
2020-03-24 10:00:00,20.4,50,4.9,991.6,10,23.0
2020-03-24 11:00:00,23.0,41,5.8,991.6,11,25.0
2020-03-24 12:00:00,25.0,35,8.9,991.6,12,26.5
2020-03-24 13:00:00,26.5,31,11.4,991.2,13,27.3
2020-03-24 14:00:00,27.3,28,13.4,991.1,14,27.0
2020-03-24 15:00:00,27.0,31,15.3,991.1,15,25.6
2020-03-24 16:00:00,25.6,34,15.1,990.9,16,24.5
2020-03-24 17:00:00,24.5,36,15.1,990.9,17,23.0
2020-03-24 18:00:00,23.0,41,13.2,991.2,18,22.0
2020-03-24 19:00:00,22.0,45,10.4,991.2,19,21.0
2020-03-24 20:00:00,21.0,41,12.5,990.6,20,19.5
2020-03-24 21:00:00,19.5,55,12.7,990.7,21,18.1
2020-03-24 22:00:00,18.1,77,11.7,990.8,22,17.0
2020-03-24 23:00:00,17.0,90,12.5,990.8,23,16.0
2020-03-25 00:00:00,16.0,95,9.9,990.8,0,15.4
2020-03-25 01:00:00,15.4,97,9.2,990.7,1,14.8
2020-03-25 02:00:00,14.8,98,8.5,990.4,2,14.7
2020-03-25 03:00:00,14.7,99,8.9,990.1,3,14.8
2020-03-25 04:00:00,14.8,99,10.6,989.7,4,14.8
2020-03-25 05:00:00,14.8,98,9.4,989.5,5,14.6
2020-03-25 06:00:00,14.6,98,8.1,989.7,6,14.5
2020-03-25 07:00:00,14.5,98,6.8,990.0,7,14.6
2020-03-25 08:00:00,14.6,95,2.3,990.9,8,15.4
2020-03-25 09:00:00,15.4,88,2.5,990.6,9,17.3
2020-03-25 10:00:00,17.3,78,5.0,990.3,10,20.2
2020-03-25 11:00:00,20.2,62,4.3,990.1,11,23.0
2020-03-25 12:00:00,23.0,50,3.6,989.7,12,25.1
2020-03-25 13:00:00,25.1,40,6.4,989.0,13,26.6
2020-03-25 14:00:00,26.6,34,8.3,988.9,14,27.6
2020-03-25 15:00:00,27.6,32,7.9,988.2,15,28.2
2020-03-25 16:00:00,28.2,31,6.6,987.6,16,28.2
2020-03-25 17:00:00,28.2,31,6.0,987.4,17,27.0
2020-03-25 18:00:00,27.0,36,9.0,987.5,18,22.6
2020-03-25 19:00:00,22.6,54,12.7,987.9,19,20.6
2020-03-25 20:00:00,20.6,63,6.6,987.7,20,19.1
2020-03-25 21:00:00,19.1,69,4.0,988.0,21,17.7
2020-03-25 22:00:00,17.7,73,4.0,987.8,22,16.4
2020-03-25 23:00:00,16.4,79,4.0,987.7,23,15.3
2020-03-26 00:00:00,15.3,84,3.5,987.4,0,14.4
2020-03-26 01:00:00,14.4,90,4.0,986.8,1,13.8
2020-03-26 02:00:00,13.8,94,1.0,986.2,2,13.4
2020-03-26 03:00:00,13.4,96,1.9,985.9,3,13.2
2020-03-26 04:00:00,13.2,97,2.2,985.7,4,13.1
2020-03-26 05:00:00,13.1,97,3.6,985.8,5,12.8
2020-03-26 06:00:00,12.8,99,4.8,986.0,6,12.6
2020-03-26 07:00:00,12.6,100,5.9,986.3,7,14.8
2020-03-26 08:00:00,14.8,88,6.4,987.4,8,16.5
2020-03-26 09:00:00,16.5,79,6.3,987.7,9,19.5
2020-03-26 10:00:00,19.5,66,5.8,987.9,10,22.5
2020-03-26 11:00:00,22.5,57,3.1,987.8,11,25.0
2020-03-26 12:00:00,25.0,51,1.4,987.5,12,27.0
2020-03-26 13:00:00,27.0,45,4.6,986.9,13,28.0
2020-03-26 14:00:00,28.0,42,7.4,986.6,14,28.5
2020-03-26 15:00:00,28.5,40,9.5,986.3,15,28.1
2020-03-26 16:00:00,28.1,40,11.8,986.1,16,26.5
2020-03-26 17:00:00,26.5,44,15.6,985.9,17,23.2
2020-03-26 18:00:00,23.2,54,16.3,986.3,18,20.4
2020-03-26 19:00:00,20.4,64,11.3,986.3,19,19.2
2020-03-26 20:00:00,19.2,69,5.7,986.7,20,18.1
2020-03-26 21:00:00,18.1,74,6.3,987.3,21,17.2
2020-03-26 22:00:00,17.2,80,2.4,987.3,22,16.6
2020-03-26 23:00:00,16.6,84,3.9,987.0,23,16.5
2020-03-27 00:00:00,16.5,83,4.0,987.0,0,16.2
2020-03-27 01:00:00,16.2,84,2.3,986.9,1,15.8
2020-03-27 02:00:00,15.8,86,3.3,986.7,2,14.6
2020-03-27 03:00:00,14.6,93,3.7,986.5,3,14.6
2020-03-27 04:00:00,14.6,92,2.5,986.4,4,15.1
2020-03-27 05:00:00,15.1,86,2.6,986.6,5,15.5
2020-03-27 06:00:00,15.5,83,3.1,987.1,6,15.2
2020-03-27 07:00:00,15.2,85,5.7,987.6,7,15.3
2020-03-27 08:00:00,15.3,85,8.6,988.5,8,16.5
2020-03-27 09:00:00,16.5,79,9.9,988.8,9,19.3
2020-03-27 10:00:00,19.3,65,10.5,989.2,10,21.7
2020-03-27 11:00:00,21.7,55,8.7,989.3,11,22.9
2020-03-27 12:00:00,22.9,51,9.2,989.2,12,24.1
2020-03-27 13:00:00,24.1,47,7.8,989.0,13,25.0
2020-03-27 14:00:00,25.0,44,6.1,988.6,14,25.6
2020-03-27 15:00:00,25.6,42,5.4,987.9,15,25.5
2020-03-27 16:00:00,25.5,42,7.2,987.3,16,24.8
2020-03-27 17:00:00,24.8,43,9.8,986.6,17,22.5
2020-03-27 18:00:00,22.5,49,14.8,986.6,18,20.0
2020-03-27 19:00:00,20.0,56,12.8,986.7,19,18.5
2020-03-27 20:00:00,18.5,61,10.0,987.6,20,16.8
2020-03-27 21:00:00,16.8,69,4.4,987.9,21,15.8
2020-03-27 22:00:00,15.8,74,4.0,988.0,22,15.1
2020-03-27 23:00:00,15.1,78,6.6,987.8,23,14.1
2020-03-28 00:00:00,14.1,84,5.9,987.6,0,13.3
2020-03-28 01:00:00,13.3,89,4.0,987.6,1,12.9
2020-03-28 02:00:00,12.9,92,4.7,987.3,2,13.2
2020-03-28 03:00:00,13.2,90,4.1,986.9,3,12.1
2020-03-28 04:00:00,12.1,96,5.5,986.7,4,11.9
2020-03-28 05:00:00,11.9,97,5.2,987.1,5,11.7
2020-03-28 06:00:00,11.7,98,4.9,987.8,6,11.5
2020-03-28 07:00:00,11.5,99,5.7,988.4,7,12.8
2020-03-28 08:00:00,12.8,96,2.3,989.4,8,14.9
2020-03-28 09:00:00,14.9,85,1.6,989.6,9,17.5
2020-03-28 10:00:00,17.5,72,5.2,990.0,10,20.6
2020-03-28 11:00:00,20.6,58,5.7,990.3,11,22.8
2020-03-28 12:00:00,22.8,49,5.7,990.4,12,24.4
2020-03-28 13:00:00,24.4,44,4.8,990.0,13,25.6
2020-03-28 14:00:00,25.6,41,4.0,989.6,14,26.2
2020-03-28 15:00:00,26.2,39,6.0,989.3,15,26.6
2020-03-28 16:00:00,26.6,37,5.4,989.1,16,26.0
2020-03-28 17:00:00,26.0,37,8.6,988.9,17,23.0
2020-03-28 18:00:00,23.0,45,16.4,989.0,18,20.6
2020-03-28 19:00:00,20.6,49,14.9,989.4,19,19.7
2020-03-28 20:00:00,19.7,49,8.3,989.5,20,19.0
2020-03-28 21:00:00,19.0,52,8.4,990.2,21,18.4
2020-03-28 22:00:00,18.4,60,11.3,990.2,22,17.5
2020-03-28 23:00:00,17.5,67,12.6,990.2,23,16.9
2020-03-29 00:00:00,16.9,72,12.4,990.3,0,16.0
2020-03-29 01:00:00,16.0,76,10.5,990.3,1,15.5
2020-03-29 02:00:00,15.5,79,8.8,990.2,2,15.2
2020-03-29 03:00:00,15.2,79,10.2,990.0,3,14.7
2020-03-29 04:00:00,14.7,81,11.0,989.7,4,14.1
2020-03-29 05:00:00,14.1,84,11.6,990.2,5,13.4
2020-03-29 06:00:00,13.4,87,11.3,990.6,6,12.8
2020-03-29 07:00:00,12.8,89,11.9,991.1,7,12.9
2020-03-29 08:00:00,12.9,85,12.4,991.5,8,14.0
2020-03-29 09:00:00,14.0,80,11.0,991.9,9,16.2
2020-03-29 10:00:00,16.2,69,9.8,992.1,10,19.1
2020-03-29 11:00:00,19.1,56,10.5,992.2,11,22.1
2020-03-29 12:00:00,22.1,43,11.3,991.8,12,24.3
2020-03-29 13:00:00,24.3,35,13.4,991.6,13,25.7
2020-03-29 14:00:00,25.7,30,14.5,991.2,14,26.5
2020-03-29 15:00:00,26.5,28,15.1,990.8,15,26.6
2020-03-29 16:00:00,26.6,27,15.6,990.3,16,26.0
2020-03-29 17:00:00,26.0,28,16.2,990.0,17,24.6
2020-03-29 18:00:00,24.6,30,14.1,990.0,18,22.1
2020-03-29 19:00:00,22.1,35,11.6,989.8,19,21.2
2020-03-29 20:00:00,21.2,36,17.1,990.2,20,19.8
2020-03-29 21:00:00,19.8,43,18.0,990.6,21,18.2
2020-03-29 22:00:00,18.2,48,17.4,990.6,22,17.0
2020-03-29 23:00:00,17.0,52,16.1,990.4,23,15.6
2020-03-30 00:00:00,15.6,57,15.3,990.1,0,14.4
2020-03-30 01:00:00,14.4,60,16.1,989.8,1,13.4
2020-03-30 02:00:00,13.4,62,15.8,989.5,2,12.2
2020-03-30 03:00:00,12.2,65,15.5,989.1,3,11.4
2020-03-30 04:00:00,11.4,68,14.1,989.0,4,10.6
2020-03-30 05:00:00,10.6,73,12.6,989.2,5,9.8
2020-03-30 06:00:00,9.8,77,11.9,989.5,6,9.1
2020-03-30 07:00:00,9.1,80,10.5,989.9,7,9.4
2020-03-30 08:00:00,9.4,82,10.2,990.4,8,11.9
2020-03-30 09:00:00,11.9,71,9.8,990.8,9,14.9
2020-03-30 10:00:00,14.9,60,7.7,991.1,10,18.2
2020-03-30 11:00:00,18.2,49,7.1,990.7,11,21.9
2020-03-30 12:00:00,21.9,39,7.4,990.3,12,24.7
2020-03-30 13:00:00,24.7,31,9.4,990.0,13,26.4
2020-03-30 14:00:00,26.4,26,10.7,989.3,14,27.3
2020-03-30 15:00:00,27.3,24,10.7,988.9,15,27.5
2020-03-30 16:00:00,27.5,24,11.0,988.6,16,27.2
2020-03-30 17:00:00,27.2,24,10.4,988.3,17,25.9
2020-03-30 18:00:00,25.9,26,10.4,988.5,18,22.4
2020-03-30 19:00:00,22.4,32,9.4,988.6,19,20.8
2020-03-30 20:00:00,20.8,36,8.6,988.6,20,19.8
2020-03-30 21:00:00,19.8,39,9.5,988.7,21,18.6
2020-03-30 22:00:00,18.6,42,9.5,988.9,22,17.8
2020-03-30 23:00:00,17.8,47,10.1,989.0,23,16.8
2020-03-31 00:00:00,16.8,53,11.1,989.0,0,15.5
2020-03-31 01:00:00,15.5,60,9.8,988.9,1,14.1
2020-03-31 02:00:00,14.1,67,8.6,988.8,2,13.1
2020-03-31 03:00:00,13.1,73,8.4,988.6,3,12.4
2020-03-31 04:00:00,12.4,77,8.3,988.6,4,11.8
2020-03-31 05:00:00,11.8,82,7.2,988.9,5,10.9
2020-03-31 06:00:00,10.9,86,6.1,988.9,6,10.4
2020-03-31 07:00:00,10.4,90,6.9,989.6,7,11.4
2020-03-31 08:00:00,11.4,85,9.7,990.0,8,13.9
2020-03-31 09:00:00,13.9,74,11.8,990.6,9,16.7
2020-03-31 10:00:00,16.7,61,10.6,990.5,10,19.7
2020-03-31 11:00:00,19.7,50,9.7,990.6,11,22.4
2020-03-31 12:00:00,22.4,40,11.9,990.6,12,24.4
2020-03-31 13:00:00,24.4,32,13.0,990.3,13,25.9
2020-03-31 14:00:00,25.9,26,13.2,989.9,14,26.8
2020-03-31 15:00:00,26.8,23,13.8,989.6,15,26.9
2020-03-31 16:00:00,26.9,23,15.3,989.5,16,26.2
2020-03-31 17:00:00,26.2,24,15.7,989.4,17,24.6
2020-03-31 18:00:00,24.6,27,13.4,989.5,18,21.8
2020-03-31 19:00:00,21.8,34,9.8,989.7,19,20.6
2020-03-31 20:00:00,20.6,34,10.2,989.7,20,20.0
2020-03-31 21:00:00,20.0,39,13.1,990.2,21,18.9
2020-03-31 22:00:00,18.9,45,13.9,990.6,22,17.7
2020-03-31 23:00:00,17.7,51,15.3,991.1,23,16.2
2020-04-01 00:00:00,16.2,59,16.4,991.2,0,14.8
2020-04-01 01:00:00,14.8,65,16.5,991.4,1,13.4
2020-04-01 02:00:00,13.4,70,15.7,991.7,2,12.1
2020-04-01 03:00:00,12.1,74,15.2,991.5,3,11.0
2020-04-01 04:00:00,11.0,79,15.2,991.3,4,10.0
2020-04-01 05:00:00,10.0,84,15.8,991.6,5,9.3
2020-04-01 06:00:00,9.3,90,14.7,992.1,6,9.4
2020-04-01 07:00:00,9.4,91,15.1,993.0,7,9.6
2020-04-01 08:00:00,9.6,91,15.5,993.5,8,11.1
2020-04-01 09:00:00,11.1,80,13.2,994.3,9,13.0
2020-04-01 10:00:00,13.0,69,11.3,994.6,10,16.1
2020-04-01 11:00:00,16.1,53,12.9,994.3,11,19.1
2020-04-01 12:00:00,19.1,40,13.5,993.7,12,21.7
2020-04-01 13:00:00,21.7,31,14.8,993.6,13,23.6
2020-04-01 14:00:00,23.6,25,16.1,992.9,14,24.9
2020-04-01 15:00:00,24.9,22,17.3,992.3,15,25.3
2020-04-01 16:00:00,25.3,20,18.1,992.0,16,24.9
2020-04-01 17:00:00,24.9,21,18.0,991.7,17,23.6
2020-04-01 18:00:00,23.6,24,15.8,991.9,18,21.1
2020-04-01 19:00:00,21.1,29,15.4,992.1,19,19.9
2020-04-01 20:00:00,19.9,34,13.9,992.2,20,18.4
2020-04-01 21:00:00,18.4,39,13.9,992.3,21,16.9
2020-04-01 22:00:00,16.9,45,14.4,991.9,22,15.5
2020-04-01 23:00:00,15.5,52,12.7,991.8,23,14.1
2020-04-02 00:00:00,14.1,59,10.5,991.4,0,12.9
2020-04-02 01:00:00,12.9,65,10.3,991.0,1,11.9
2020-04-02 02:00:00,11.9,72,9.4,990.6,2,11.1
2020-04-02 03:00:00,11.1,80,9.2,989.8,3,10.1
2020-04-02 04:00:00,10.1,85,9.2,989.1,4,9.2
2020-04-02 05:00:00,9.2,91,9.4,988.8,5,8.4
2020-04-02 06:00:00,8.4,95,10.2,988.6,6,8.1
2020-04-02 07:00:00,8.1,96,9.2,988.5,7,8.4
2020-04-02 08:00:00,8.4,92,8.5,988.7,8,11.0
2020-04-02 09:00:00,11.0,74,5.6,988.9,9,15.4
2020-04-02 10:00:00,15.4,53,5.6,988.8,10,20.3
2020-04-02 11:00:00,20.3,37,7.1,988.7,11,24.0
2020-04-02 12:00:00,24.0,28,7.7,988.5,12,26.4
2020-04-02 13:00:00,26.4,23,6.6,987.7,13,28.0
2020-04-02 14:00:00,28.0,20,6.0,987.0,14,29.5
2020-04-02 15:00:00,29.5,17,6.4,986.5,15,30.5
2020-04-02 16:00:00,30.5,16,6.6,986.2,16,30.3
2020-04-02 17:00:00,30.3,16,7.1,986.0,17,26.6
2020-04-02 18:00:00,26.6,30,8.5,985.9,18,25.9
2020-04-02 19:00:00,25.9,21,7.6,986.4,19,25.5
2020-04-02 20:00:00,25.5,21,6.3,986.4,20,24.1
2020-04-02 21:00:00,24.1,22,4.6,986.8,21,17.6
2020-04-02 22:00:00,17.6,36,8.9,986.9,22,16.3
2020-04-02 23:00:00,16.3,46,4.8,987.0,23,15.1
2020-04-03 00:00:00,15.1,58,7.3,987.2,0,13.7
2020-04-03 01:00:00,13.7,65,7.7,987.2,1,12.4
2020-04-03 02:00:00,12.4,73,6.2,987.0,2,11.6
2020-04-03 03:00:00,11.6,79,4.9,986.8,3,10.9
2020-04-03 04:00:00,10.9,85,4.8,986.6,4,10.2
2020-04-03 05:00:00,10.2,90,4.7,986.0,5,9.9
2020-04-03 06:00:00,9.9,93,4.2,985.7,6,9.5
2020-04-03 07:00:00,9.5,95,3.7,985.8,7,11.1
2020-04-03 08:00:00,11.1,84,2.6,986.9,8,15.1
2020-04-03 09:00:00,15.1,65,0.8,987.7,9,18.3
2020-04-03 10:00:00,18.3,51,2.7,988.2,10,21.0
2020-04-03 11:00:00,21.0,44,4.7,988.1,11,23.5
2020-04-03 12:00:00,23.5,38,7.1,988.0,12,25.3
2020-04-03 13:00:00,25.3,35,7.3,988.1,13,26.5
2020-04-03 14:00:00,26.5,33,7.6,987.7,14,27.1
2020-04-03 15:00:00,27.1,32,8.3,987.2,15,27.5
2020-04-03 16:00:00,27.5,30,8.7,986.8,16,27.1
2020-04-03 17:00:00,27.1,30,11.0,986.5,17,24.6
2020-04-03 18:00:00,24.6,38,12.0,986.4,18,20.4
2020-04-03 19:00:00,20.4,55,9.2,986.3,19,18.4
2020-04-03 20:00:00,18.4,61,9.5,986.3,20,17.1
2020-04-03 21:00:00,17.1,64,8.4,986.5,21,15.9
2020-04-03 22:00:00,15.9,66,6.7,986.6,22,15.0
2020-04-03 23:00:00,15.0,61,7.4,986.6,23,14.4
2020-04-04 00:00:00,14.4,49,8.7,986.5,0,14.3
2020-04-04 01:00:00,14.3,40,7.4,986.1,1,13.8
2020-04-04 02:00:00,13.8,42,8.0,985.7,2,13.1
2020-04-04 03:00:00,13.1,50,9.0,985.0,3,12.6
2020-04-04 04:00:00,12.6,57,8.9,984.4,4,12.1
2020-04-04 05:00:00,12.1,64,9.4,984.2,5,11.6
2020-04-04 06:00:00,11.6,70,8.3,984.2,6,10.9
2020-04-04 07:00:00,10.9,76,6.1,984.4,7,12.2
2020-04-04 08:00:00,12.2,75,5.9,985.0,8,14.5
2020-04-04 09:00:00,14.5,72,7.1,985.6,9,17.0
2020-04-04 10:00:00,17.0,65,6.2,985.9,10,19.6
2020-04-04 11:00:00,19.6,55,4.8,986.3,11,22.2
2020-04-04 12:00:00,22.2,47,5.5,986.0,12,24.4
2020-04-04 13:00:00,24.4,42,7.3,985.6,13,25.9
2020-04-04 14:00:00,25.9,39,7.7,984.8,14,26.9
2020-04-04 15:00:00,26.9,36,8.4,984.3,15,27.1
2020-04-04 16:00:00,27.1,35,8.7,984.3,16,26.9
2020-04-04 17:00:00,26.9,35,9.8,983.9,17,25.5
2020-04-04 18:00:00,25.5,37,9.7,984.0,18,22.2
2020-04-04 19:00:00,22.2,45,8.4,984.5,19,20.0
2020-04-04 20:00:00,20.0,57,10.3,984.8,20,18.4
2020-04-04 21:00:00,18.4,62,6.5,985.2,21,16.8
2020-04-04 22:00:00,16.8,67,5.5,985.7,22,15.8
2020-04-04 23:00:00,15.8,69,6.6,986.4,23,15.1
2020-04-05 00:00:00,15.1,58,6.9,986.7,0,14.4
2020-04-05 01:00:00,14.4,53,7.4,986.7,1,14.6
2020-04-05 02:00:00,14.6,45,8.2,987.5,2,13.2
2020-04-05 03:00:00,13.2,48,6.9,987.8,3,12.2
2020-04-05 04:00:00,12.2,53,8.7,988.3,4,11.2
2020-04-05 05:00:00,11.2,60,8.6,989.0,5,10.7
2020-04-05 06:00:00,10.7,65,10.5,989.9,6,9.9
2020-04-05 07:00:00,9.9,71,8.8,990.7,7,10.1
2020-04-05 08:00:00,10.1,70,8.1,991.3,8,11.5
2020-04-05 09:00:00,11.5,64,12.9,992.0,9,14.2
2020-04-05 10:00:00,14.2,53,12.4,992.5,10,17.0
2020-04-05 11:00:00,17.0,45,12.2,992.8,11,19.2
2020-04-05 12:00:00,19.2,38,13.4,992.8,12,21.2
2020-04-05 13:00:00,21.2,33,13.3,992.4,13,22.9
2020-04-05 14:00:00,22.9,26,16.1,992.2,14,23.5
2020-04-05 15:00:00,23.5,22,17.6,991.9,15,23.9
2020-04-05 16:00:00,23.9,20,18.4,992.0,16,23.3
2020-04-05 17:00:00,23.3,18,19.3,992.0,17,21.8
2020-04-05 18:00:00,21.8,17,14.2,992.4,18,19.4
2020-04-05 19:00:00,19.4,19,13.1,992.8,19,18.4
2020-04-05 20:00:00,18.4,25,16.0,993.2,20,16.9
2020-04-05 21:00:00,16.9,34,16.3,993.4,21,15.7
2020-04-05 22:00:00,15.7,41,15.3,993.8,22,14.3
2020-04-05 23:00:00,14.3,49,13.6,994.1,23,12.9
2020-04-06 00:00:00,12.9,56,13.5,994.3,0,11.9
2020-04-06 01:00:00,11.9,62,14.1,994.1,1,10.8
2020-04-06 02:00:00,10.8,68,13.4,993.8,2,9.9
2020-04-06 03:00:00,9.9,74,13.0,992.9,3,9.1
2020-04-06 04:00:00,9.1,80,12.1,992.6,4,8.3
2020-04-06 05:00:00,8.3,85,12.0,992.2,5,7.7
2020-04-06 06:00:00,7.7,88,10.7,992.4,6,7.0
2020-04-06 07:00:00,7.0,91,10.5,992.7,7,7.9
2020-04-06 08:00:00,7.9,88,12.2,993.0,8,10.1
2020-04-06 09:00:00,10.1,72,11.8,993.0,9,13.2
2020-04-06 10:00:00,13.2,54,11.0,992.8,10,16.7
2020-04-06 11:00:00,16.7,39,10.0,992.4,11,19.9
2020-04-06 12:00:00,19.9,29,11.0,991.9,12,22.5
2020-04-06 13:00:00,22.5,22,11.8,991.5,13,24.4
2020-04-06 14:00:00,24.4,18,13.2,990.8,14,25.5
2020-04-06 15:00:00,25.5,16,15.0,990.4,15,25.9
2020-04-06 16:00:00,25.9,15,14.5,990.3,16,25.4
2020-04-06 17:00:00,25.4,16,13.9,989.8,17,23.3
2020-04-06 18:00:00,23.3,20,10.3,989.4,18,19.8
2020-04-06 19:00:00,19.8,25,8.7,989.1,19,19.2
2020-04-06 20:00:00,19.2,29,10.2,988.9,20,18.1
2020-04-06 21:00:00,18.1,33,11.9,989.1,21,16.3
2020-04-06 22:00:00,16.3,38,11.3,989.3,22,14.7
2020-04-06 23:00:00,14.7,43,10.5,989.4,23,13.4
2020-04-07 00:00:00,13.4,47,10.7,989.3,0,12.3
2020-04-07 01:00:00,12.3,52,9.4,988.9,1,11.0
2020-04-07 02:00:00,11.0,58,6.6,988.3,2,9.8
2020-04-07 03:00:00,9.8,64,6.1,987.7,3,8.8
2020-04-07 04:00:00,8.8,70,6.6,987.1,4,7.8
2020-04-07 05:00:00,7.8,77,6.1,987.1,5,7.1
2020-04-07 06:00:00,7.1,84,6.6,987.3,6,6.4
2020-04-07 07:00:00,6.4,90,7.1,987.5,7,6.6
2020-04-07 08:00:00,6.6,93,7.5,987.8,8,9.7
2020-04-07 09:00:00,9.7,77,6.2,988.4,9,14.1
2020-04-07 10:00:00,14.1,58,4.7,988.3,10,18.5
2020-04-07 11:00:00,18.5,42,3.0,988.2,11,22.4
2020-04-07 12:00:00,22.4,32,2.7,988.1,12,25.5
2020-04-07 13:00:00,25.5,25,3.6,987.5,13,27.8
2020-04-07 14:00:00,27.8,20,3.6,987.1,14,29.1
2020-04-07 15:00:00,29.1,17,4.6,986.5,15,29.7
2020-04-07 16:00:00,29.7,16,6.9,986.5,16,29.0
2020-04-07 17:00:00,29.0,18,9.0,986.4,17,25.5
2020-04-07 18:00:00,25.5,24,8.0,986.5,18,21.3
2020-04-07 19:00:00,21.3,32,7.9,986.9,19,18.5
2020-04-07 20:00:00,18.5,43,9.0,986.6,20,17.0
2020-04-07 21:00:00,17.0,50,5.7,986.7,21,15.3
2020-04-07 22:00:00,15.3,56,5.0,986.9,22,14.3
2020-04-07 23:00:00,14.3,58,6.5,987.3,23,13.4
2020-04-08 00:00:00,13.4,61,5.9,987.3,0,13.0
2020-04-08 01:00:00,13.0,62,4.7,987.4,1,12.3
2020-04-08 02:00:00,12.3,66,5.5,987.2,2,11.6
2020-04-08 03:00:00,11.6,71,5.0,986.9,3,10.8
2020-04-08 04:00:00,10.8,76,4.8,986.7,4,10.1
2020-04-08 05:00:00,10.1,81,5.0,986.7,5,9.7
2020-04-08 06:00:00,9.7,83,5.2,987.0,6,9.4
2020-04-08 07:00:00,9.4,85,4.6,987.1,7,11.1
2020-04-08 08:00:00,11.1,77,5.6,987.8,8,14.5
2020-04-08 09:00:00,14.5,61,4.5,988.2,9,18.2
2020-04-08 10:00:00,18.2,47,5.8,988.7,10,21.3
2020-04-08 11:00:00,21.3,37,4.7,989.2,11,23.5
2020-04-08 12:00:00,23.5,32,5.4,989.6,12,25.1
2020-04-08 13:00:00,25.1,29,4.7,989.5,13,26.4
2020-04-08 14:00:00,26.4,27,4.8,989.3,14,26.9
2020-04-08 15:00:00,26.9,26,5.6,989.1,15,26.7
2020-04-08 16:00:00,26.7,26,6.2,989.2,16,25.6
2020-04-08 17:00:00,25.6,29,6.6,988.9,17,22.5
2020-04-08 18:00:00,22.5,38,8.9,989.0,18,18.2
2020-04-08 19:00:00,18.2,53,10.2,989.7,19,16.8
2020-04-08 20:00:00,16.8,59,7.0,989.7,20,15.3
2020-04-08 21:00:00,15.3,66,5.6,990.3,21,14.1
2020-04-08 22:00:00,14.1,71,4.3,990.7,22,13.1
2020-04-08 23:00:00,13.1,77,3.1,991.1,23,12.6
2020-04-09 00:00:00,12.6,81,4.1,991.2,0,11.8
2020-04-09 01:00:00,11.8,86,4.6,991.1,1,11.3
2020-04-09 02:00:00,11.3,89,4.5,990.8,2,10.9
2020-04-09 03:00:00,10.9,92,4.0,990.5,3,10.6
2020-04-09 04:00:00,10.6,94,2.6,990.4,4,10.2
2020-04-09 05:00:00,10.2,96,3.3,990.4,5,9.8
2020-04-09 06:00:00,9.8,99,4.8,990.5,6,9.6
2020-04-09 07:00:00,9.6,99,4.1,990.6,7,10.4
2020-04-09 08:00:00,10.4,93,5.5,991.2,8,11.9
2020-04-09 09:00:00,11.9,84,6.1,990.9,9,14.6
2020-04-09 10:00:00,14.6,70,5.8,990.9,10,17.8
2020-04-09 11:00:00,17.8,57,3.3,991.3,11,20.0
2020-04-09 12:00:00,20.0,49,2.9,991.2,12,21.8
2020-04-09 13:00:00,21.8,44,5.1,990.8,13,23.1
2020-04-09 14:00:00,23.1,40,7.6,990.6,14,24.0
2020-04-09 15:00:00,24.0,37,7.2,990.0,15,24.4
2020-04-09 16:00:00,24.4,35,6.6,990.1,16,24.0
2020-04-09 17:00:00,24.0,36,7.4,989.9,17,22.3
2020-04-09 18:00:00,22.3,41,9.0,989.8,18,19.0
2020-04-09 19:00:00,19.0,51,10.4,990.0,19,16.8
2020-04-09 20:00:00,16.8,60,10.2,989.9,20,14.9
2020-04-09 21:00:00,14.9,66,7.4,989.7,21,13.7
2020-04-09 22:00:00,13.7,70,4.0,989.9,22,12.8
2020-04-09 23:00:00,12.8,74,5.4,989.9,23,12.1
2020-04-10 00:00:00,12.1,77,5.8,989.8,0,11.6
2020-04-10 01:00:00,11.6,79,5.9,989.6,1,11.4
2020-04-10 02:00:00,11.4,79,5.1,989.4,2,11.1
2020-04-10 03:00:00,11.1,80,4.6,989.1,3,9.9
2020-04-10 04:00:00,9.9,87,5.8,988.9,4,9.4
2020-04-10 05:00:00,9.4,90,5.8,989.1,5,9.9
2020-04-10 06:00:00,9.9,87,3.6,989.3,6,9.9
2020-04-10 07:00:00,9.9,88,0.7,989.7,7,10.6
2020-04-10 08:00:00,10.6,85,4.3,990.3,8,13.1
2020-04-10 09:00:00,13.1,76,4.6,990.7,9,16.1
2020-04-10 10:00:00,16.1,64,3.1,991.2,10,18.5
2020-04-10 11:00:00,18.5,56,2.1,991.1,11,20.4
2020-04-10 12:00:00,20.4,50,3.1,991.0,12,22.3
2020-04-10 13:00:00,22.3,43,7.3,990.3,13,23.5
2020-04-10 14:00:00,23.5,40,9.6,989.8,14,24.2
2020-04-10 15:00:00,24.2,38,10.5,989.4,15,24.1
2020-04-10 16:00:00,24.1,38,10.2,989.3,16,23.8
2020-04-10 17:00:00,23.8,38,10.8,989.1,17,21.7
2020-04-10 18:00:00,21.7,44,12.7,989.5,18,18.4
2020-04-10 19:00:00,18.4,55,12.1,989.6,19,16.8
2020-04-10 20:00:00,16.8,60,9.3,989.2,20,15.8
2020-04-10 21:00:00,15.8,64,9.0,989.3,21,15.4
2020-04-10 22:00:00,15.4,65,9.0,989.6,22,15.1
2020-04-10 23:00:00,15.1,67,5.7,989.7,23,15.1
2020-04-11 00:00:00,15.1,66,8.5,989.8,0,15.2
2020-04-11 01:00:00,15.2,62,11.0,990.2,1,13.9
2020-04-11 02:00:00,13.9,67,8.2,990.5,2,13.1
2020-04-11 03:00:00,13.1,72,7.3,990.3,3,12.5
2020-04-11 04:00:00,12.5,78,6.8,990.1,4,11.8
2020-04-11 05:00:00,11.8,85,5.4,990.3,5,11.8
2020-04-11 06:00:00,11.8,88,5.9,990.6,6,11.4
2020-04-11 07:00:00,11.4,92,5.9,990.9,7,11.6
2020-04-11 08:00:00,11.6,91,5.9,992.1,8,13.2
2020-04-11 09:00:00,13.2,81,6.1,991.9,9,15.1
2020-04-11 10:00:00,15.1,73,7.9,992.1,10,17.3
2020-04-11 11:00:00,17.3,62,10.8,992.1,11,18.5
2020-04-11 12:00:00,18.5,56,11.6,992.2,12,19.0
2020-04-11 13:00:00,19.0,53,10.3,992.2,13,19.8
2020-04-11 14:00:00,19.8,50,9.5,991.8,14,20.5
2020-04-11 15:00:00,20.5,47,9.7,991.7,15,20.1
2020-04-11 16:00:00,20.1,48,8.3,992.0,16,19.6
2020-04-11 17:00:00,19.6,49,8.7,992.3,17,18.8
2020-04-11 18:00:00,18.8,52,4.5,992.4,18,17.4
2020-04-11 19:00:00,17.4,59,6.6,992.4,19,17.1
2020-04-11 20:00:00,17.1,60,6.1,991.8,20,16.0
2020-04-11 21:00:00,16.0,65,4.4,991.3,21,15.1
2020-04-11 22:00:00,15.1,74,6.2,991.5,22,14.9
2020-04-11 23:00:00,14.9,75,6.0,991.6,23,14.2
2020-04-12 00:00:00,14.2,78,8.3,991.8,0,13.6
2020-04-12 01:00:00,13.6,75,7.4,991.9,1,12.4
2020-04-12 02:00:00,12.4,73,7.4,991.7,2,11.7
2020-04-12 03:00:00,11.7,66,8.4,991.6,3,10.9
2020-04-12 04:00:00,10.9,63,8.1,991.7,4,10.1
2020-04-12 05:00:00,10.1,62,8.8,991.8,5,9.4
2020-04-12 06:00:00,9.4,62,9.2,992.0,6,8.9
2020-04-12 07:00:00,8.9,64,8.9,992.4,7,9.4
2020-04-12 08:00:00,9.4,62,12.5,993.1,8,11.1
2020-04-12 09:00:00,11.1,57,12.0,993.4,9,13.3
2020-04-12 10:00:00,13.3,51,12.3,993.6,10,15.6
2020-04-12 11:00:00,15.6,45,13.7,993.5,11,17.6
2020-04-12 12:00:00,17.6,38,13.0,993.4,12,18.8
2020-04-12 13:00:00,18.8,33,12.2,993.4,13,20.0
2020-04-12 14:00:00,20.0,31,9.8,993.4,14,20.5
2020-04-12 15:00:00,20.5,30,5.6,993.1,15,20.4
2020-04-12 16:00:00,20.4,31,6.4,993.6,16,19.6
2020-04-12 17:00:00,19.6,37,7.6,993.8,17,17.8
2020-04-12 18:00:00,17.8,50,8.7,994.3,18,15.6
2020-04-12 19:00:00,15.6,66,9.4,994.9,19,15.8
2020-04-12 20:00:00,15.8,63,6.6,994.3,20,14.6
2020-04-12 21:00:00,14.6,67,4.9,994.8,21,14.2
2020-04-12 22:00:00,14.2,60,5.4,995.5,22,13.5
2020-04-12 23:00:00,13.5,45,6.3,996.0,23,12.1
2020-04-13 00:00:00,12.1,42,6.3,996.2,0,11.2
2020-04-13 01:00:00,11.2,44,7.1,996.2,1,10.4
2020-04-13 02:00:00,10.4,47,9.7,996.7,2,9.7
2020-04-13 03:00:00,9.7,52,9.2,997.0,3,8.9
2020-04-13 04:00:00,8.9,58,9.7,996.8,4,8.2
2020-04-13 05:00:00,8.2,63,9.9,997.1,5,7.7
2020-04-13 06:00:00,7.7,66,9.7,997.4,6,7.0
2020-04-13 07:00:00,7.0,71,9.2,997.2,7,7.3
2020-04-13 08:00:00,7.3,70,9.7,997.5,8,9.2
2020-04-13 09:00:00,9.2,64,10.0,997.5,9,12.2
2020-04-13 10:00:00,12.2,55,9.9,997.1,10,15.4
2020-04-13 11:00:00,15.4,47,11.1,996.4,11,18.4
2020-04-13 12:00:00,18.4,38,13.4,996.0,12,20.5
2020-04-13 13:00:00,20.5,34,13.4,995.3,13,22.0
2020-04-13 14:00:00,22.0,31,13.5,994.7,14,23.0
2020-04-13 15:00:00,23.0,28,14.0,993.7,15,23.0
2020-04-13 16:00:00,23.0,27,14.5,993.3,16,22.5
2020-04-13 17:00:00,22.5,27,14.3,992.8,17,20.4
2020-04-13 18:00:00,20.4,31,10.1,992.8,18,17.5
2020-04-13 19:00:00,17.5,37,8.6,992.6,19,16.4
2020-04-13 20:00:00,16.4,38,9.2,992.4,20,15.4
2020-04-13 21:00:00,15.4,39,9.6,992.5,21,14.4
2020-04-13 22:00:00,14.4,43,9.5,992.7,22,12.9
2020-04-13 23:00:00,12.9,48,8.2,992.8,23,12.1
2020-04-14 00:00:00,12.1,53,8.4,992.5,0,10.9
2020-04-14 01:00:00,10.9,59,6.6,992.2,1,9.6
2020-04-14 02:00:00,9.6,65,6.6,991.7,2,9.1
2020-04-14 03:00:00,9.1,69,5.6,991.3,3,8.4
2020-04-14 04:00:00,8.4,73,5.9,991.2,4,7.6
2020-04-14 05:00:00,7.6,79,5.4,991.3,5,7.0
2020-04-14 06:00:00,7.0,84,6.2,991.3,6,6.4
2020-04-14 07:00:00,6.4,90,6.6,991.5,7,7.0
2020-04-14 08:00:00,7.0,90,7.2,991.9,8,9.5
2020-04-14 09:00:00,9.5,76,5.1,992.0,9,13.2
2020-04-14 10:00:00,13.2,59,4.4,991.8,10,17.0
2020-04-14 11:00:00,17.0,45,4.2,991.4,11,20.1
2020-04-14 12:00:00,20.1,35,5.2,991.0,12,22.6
2020-04-14 13:00:00,22.6,29,6.6,990.7,13,24.2
2020-04-14 14:00:00,24.2,25,6.0,989.8,14,25.1
2020-04-14 15:00:00,25.1,24,5.6,989.2,15,25.4
2020-04-14 16:00:00,25.4,23,7.9,989.3,16,24.6
2020-04-14 17:00:00,24.6,23,9.0,989.1,17,21.1
2020-04-14 18:00:00,21.1,30,6.5,989.0,18,17.8
2020-04-14 19:00:00,17.8,37,10.2,989.3,19,16.8
2020-04-14 20:00:00,16.8,41,8.9,989.5,20,15.6
2020-04-14 21:00:00,15.6,46,8.6,989.5,21,14.5
2020-04-14 22:00:00,14.5,53,6.3,989.7,22,13.2
2020-04-14 23:00:00,13.2,59,4.3,989.9,23,12.2
2020-04-15 00:00:00,12.2,62,5.2,990.2,0,11.9
2020-04-15 01:00:00,11.9,61,4.5,990.6,1,12.0
2020-04-15 02:00:00,12.0,57,6.3,990.9,2,11.8
2020-04-15 03:00:00,11.8,59,8.9,990.6,3,11.2
2020-04-15 04:00:00,11.2,65,7.6,990.3,4,9.8
2020-04-15 05:00:00,9.8,76,4.6,990.7,5,9.6
2020-04-15 06:00:00,9.6,80,8.2,991.4,6,9.1
2020-04-15 07:00:00,9.1,85,7.8,991.8,7,10.1
2020-04-15 08:00:00,10.1,86,8.7,992.6,8,12.9
2020-04-15 09:00:00,12.9,69,8.3,993.3,9,15.7
2020-04-15 10:00:00,15.7,54,7.6,993.4,10,18.5
2020-04-15 11:00:00,18.5,41,7.2,993.4,11,21.0
2020-04-15 12:00:00,21.0,33,6.5,993.3,12,22.5
2020-04-15 13:00:00,22.5,29,3.1,992.8,13,23.1
2020-04-15 14:00:00,23.1,27,3.3,992.3,14,23.5
2020-04-15 15:00:00,23.5,27,6.3,992.2,15,23.0
2020-04-15 16:00:00,23.0,30,7.2,992.3,16,22.2
2020-04-15 17:00:00,22.2,34,7.7,992.3,17,19.9
2020-04-15 18:00:00,19.9,44,8.9,992.4,18,16.9
2020-04-15 19:00:00,16.9,58,8.1,992.7,19,15.0
2020-04-15 20:00:00,15.0,70,5.5,993.0,20,14.1
2020-04-15 21:00:00,14.1,75,3.4,993.4,21,12.9
2020-04-15 22:00:00,12.9,82,3.7,993.6,22,12.1
2020-04-15 23:00:00,12.1,86,3.2,993.3,23,12.1
2020-04-16 00:00:00,12.1,86,3.7,993.6,0,10.6
2020-04-16 01:00:00,10.6,94,5.5,994.0,1,10.8
2020-04-16 02:00:00,10.8,94,3.1,994.2,2,10.2
2020-04-16 03:00:00,10.2,98,1.4,993.5,3,9.1
2020-04-16 04:00:00,9.1,100,4.2,993.3,4,8.8
2020-04-16 05:00:00,8.8,99,5.8,993.8,5,8.6
2020-04-16 06:00:00,8.6,98,4.9,994.5,6,9.1
2020-04-16 07:00:00,9.1,98,5.4,994.6,7,9.1
2020-04-16 08:00:00,9.1,96,6.0,994.9,8,10.6
2020-04-16 09:00:00,10.6,94,3.5,996.1,9,13.4
2020-04-16 10:00:00,13.4,78,4.7,996.9,10,16.8
2020-04-16 11:00:00,16.8,62,5.2,997.2,11,19.5
2020-04-16 12:00:00,19.5,48,5.2,996.9,12,21.8
2020-04-16 13:00:00,21.8,39,4.2,996.0,13,23.5
2020-04-16 14:00:00,23.5,34,3.4,995.0,14,24.8
2020-04-16 15:00:00,24.8,30,4.5,994.4,15,25.2
2020-04-16 16:00:00,25.2,29,8.9,994.3,16,24.5
2020-04-16 17:00:00,24.5,31,11.1,994.6,17,21.1
2020-04-16 18:00:00,21.1,40,7.8,994.6,18,18.8
2020-04-16 19:00:00,18.8,45,8.3,994.4,19,17.4
2020-04-16 20:00:00,17.4,50,7.1,994.9,20,15.2
2020-04-16 21:00:00,15.2,60,8.1,995.1,21,14.4
2020-04-16 22:00:00,14.4,67,5.4,994.9,22,12.6
2020-04-16 23:00:00,12.6,78,7.8,994.7,23,12.1
2020-04-17 00:00:00,12.1,81,6.9,994.7,0,11.4
2020-04-17 01:00:00,11.4,85,6.2,994.6,1,10.7
2020-04-17 02:00:00,10.7,87,5.9,994.5,2,10.1
2020-04-17 03:00:00,10.1,90,5.8,994.0,3,9.9
2020-04-17 04:00:00,9.9,89,6.6,993.7,4,9.7
2020-04-17 05:00:00,9.7,91,6.4,993.5,5,8.6
2020-04-17 06:00:00,8.6,95,6.4,993.6,6,8.0
2020-04-17 07:00:00,8.0,97,7.1,993.8,7,9.0
2020-04-17 08:00:00,9.0,97,4.4,994.4,8,12.5
2020-04-17 09:00:00,12.5,80,3.6,995.1,9,16.1
2020-04-17 10:00:00,16.1,66,4.8,994.9,10,19.5
2020-04-17 11:00:00,19.5,51,6.6,994.2,11,22.3
2020-04-17 12:00:00,22.3,41,9.3,993.7,12,24.4
2020-04-17 13:00:00,24.4,34,12.1,993.4,13,25.6
2020-04-17 14:00:00,25.6,30,13.7,992.9,14,26.3
2020-04-17 15:00:00,26.3,27,14.0,992.5,15,26.5
2020-04-17 16:00:00,26.5,25,13.5,992.3,16,25.8
2020-04-17 17:00:00,25.8,26,12.6,991.9,17,23.0
2020-04-17 18:00:00,23.0,30,7.9,991.9,18,20.5
2020-04-17 19:00:00,20.5,35,8.1,991.7,19,20.1
2020-04-17 20:00:00,20.1,35,8.6,991.3,20,19.2
2020-04-17 21:00:00,19.2,36,8.3,991.3,21,18.5
2020-04-17 22:00:00,18.5,42,10.2,991.5,22,17.2
2020-04-17 23:00:00,17.2,62,9.2,991.5,23,16.1
2020-04-18 00:00:00,16.1,82,8.2,991.8,0,15.5
2020-04-18 01:00:00,15.5,95,7.7,992.0,1,15.0
2020-04-18 02:00:00,15.0,99,5.3,991.7,2,15.6
2020-04-18 03:00:00,15.6,100,4.0,991.4,3,16.0
2020-04-18 04:00:00,16.0,100,5.5,990.9,4,16.1
2020-04-18 05:00:00,16.1,100,7.3,990.7,5,16.1
2020-04-18 06:00:00,16.1,100,9.9,991.1,6,15.9
2020-04-18 07:00:00,15.9,100,9.4,991.5,7,15.2
2020-04-18 08:00:00,15.2,99,3.7,992.4,8,16.2
2020-04-18 09:00:00,16.2,94,5.8,993.0,9,18.1
2020-04-18 10:00:00,18.1,83,8.6,993.3,10,20.1
2020-04-18 11:00:00,20.1,76,10.5,993.0,11,22.9
2020-04-18 12:00:00,22.9,66,10.9,992.9,12,24.8
2020-04-18 13:00:00,24.8,59,12.0,992.4,13,26.2
2020-04-18 14:00:00,26.2,52,10.9,991.9,14,27.0
2020-04-18 15:00:00,27.0,50,9.7,991.3,15,27.0
2020-04-18 16:00:00,27.0,48,9.4,991.6,16,26.9
2020-04-18 17:00:00,26.9,48,10.5,991.9,17,23.5
2020-04-18 18:00:00,23.5,63,15.3,992.2,18,19.9
2020-04-18 19:00:00,19.9,81,10.9,992.5,19,20.5
2020-04-18 20:00:00,20.5,78,13.0,991.9,20,21.1
2020-04-18 21:00:00,21.1,76,14.5,992.2,21,20.1
2020-04-18 22:00:00,20.1,79,13.2,992.5,22,19.0
2020-04-18 23:00:00,19.0,84,7.7,992.4,23,18.2
2020-04-19 00:00:00,18.2,87,10.7,992.6,0,18.0
2020-04-19 01:00:00,18.0,78,15.0,992.9,1,17.2
2020-04-19 02:00:00,17.2,72,13.0,992.9,2,16.6
2020-04-19 03:00:00,16.6,70,12.3,993.0,3,15.8
2020-04-19 04:00:00,15.8,69,11.5,992.8,4,14.8
2020-04-19 05:00:00,14.8,70,13.9,992.9,5,14.1
2020-04-19 06:00:00,14.1,75,13.0,993.4,6,13.3
2020-04-19 07:00:00,13.3,80,12.8,993.1,7,13.1
2020-04-19 08:00:00,13.1,84,11.0,993.5,8,14.9
2020-04-19 09:00:00,14.9,75,11.6,994.0,9,17.0
2020-04-19 10:00:00,17.0,67,13.5,993.9,10,19.5
2020-04-19 11:00:00,19.5,57,14.7,993.7,11,22.1
2020-04-19 12:00:00,22.1,47,17.7,993.5,12,24.2
2020-04-19 13:00:00,24.2,40,17.1,993.1,13,25.5
2020-04-19 14:00:00,25.5,35,17.1,992.2,14,26.1
2020-04-19 15:00:00,26.1,30,18.2,991.5,15,25.7
2020-04-19 16:00:00,25.7,26,19.3,991.6,16,24.7
2020-04-19 17:00:00,24.7,26,18.7,991.5,17,22.7
2020-04-19 18:00:00,22.7,28,16.1,991.7,18,20.9
2020-04-19 19:00:00,20.9,31,15.8,992.0,19,19.5
2020-04-19 20:00:00,19.5,36,16.3,992.1,20,18.5
2020-04-19 21:00:00,18.5,40,16.9,992.5,21,17.1
2020-04-19 22:00:00,17.1,43,15.8,992.7,22,15.9
2020-04-19 23:00:00,15.9,47,15.2,993.0,23,14.8
2020-04-20 00:00:00,14.8,53,14.1,993.0,0,13.6
2020-04-20 01:00:00,13.6,58,12.6,992.8,1,12.6
2020-04-20 02:00:00,12.6,63,11.9,992.7,2,11.4
2020-04-20 03:00:00,11.4,69,12.5,992.5,3,10.5
2020-04-20 04:00:00,10.5,76,11.9,992.4,4,9.8
2020-04-20 05:00:00,9.8,82,10.6,992.4,5,8.9
2020-04-20 06:00:00,8.9,89,7.7,992.3,6,8.4
2020-04-20 07:00:00,8.4,93,8.4,992.8,7,9.6
2020-04-20 08:00:00,9.6,92,13.4,993.4,8,11.6
2020-04-20 09:00:00,11.6,79,13.9,993.8,9,14.9
2020-04-20 10:00:00,14.9,58,13.9,993.6,10,18.6
2020-04-20 11:00:00,18.6,42,15.5,993.1,11,21.5
2020-04-20 12:00:00,21.5,33,19.2,993.0,12,23.4
2020-04-20 13:00:00,23.4,28,21.6,992.3,13,24.9
2020-04-20 14:00:00,24.9,24,21.7,991.4,14,25.5
2020-04-20 15:00:00,25.5,23,20.3,990.6,15,25.5
2020-04-20 16:00:00,25.5,23,19.2,990.3,16,25.1
2020-04-20 17:00:00,25.1,24,16.6,990.4,17,22.8
2020-04-20 18:00:00,22.8,28,14.7,990.6,18,20.8
2020-04-20 19:00:00,20.8,33,13.9,990.8,19,19.6
2020-04-20 20:00:00,19.6,35,13.9,991.2,20,18.2
2020-04-20 21:00:00,18.2,39,12.8,991.4,21,16.8
2020-04-20 22:00:00,16.8,42,12.9,991.3,22,15.6
2020-04-20 23:00:00,15.6,46,11.1,991.4,23,14.4
2020-04-21 00:00:00,14.4,51,9.0,991.6,0,13.3
2020-04-21 01:00:00,13.3,57,9.2,991.4,1,12.4
2020-04-21 02:00:00,12.4,63,10.5,990.9,2,11.6
2020-04-21 03:00:00,11.6,68,10.7,990.4,3,10.6
2020-04-21 04:00:00,10.6,74,9.4,990.2,4,9.9
2020-04-21 05:00:00,9.9,79,8.6,989.9,5,9.4
2020-04-21 06:00:00,9.4,82,8.8,990.0,6,8.9
2020-04-21 07:00:00,8.9,86,8.4,990.4,7,7.8
2020-04-21 08:00:00,7.8,95,5.7,990.5,8,9.1
2020-04-21 09:00:00,9.1,88,6.3,991.2,9,11.8
2020-04-21 10:00:00,11.8,74,5.7,991.2,10,14.8
2020-04-21 11:00:00,14.8,61,6.3,991.3,11,17.8
2020-04-21 12:00:00,17.8,51,7.8,991.1,12,20.9
2020-04-21 13:00:00,20.9,41,7.5,990.8,13,23.0
2020-04-21 14:00:00,23.0,35,7.0,990.0,14,23.5
2020-04-21 15:00:00,23.5,34,7.3,989.4,15,23.4
2020-04-21 16:00:00,23.4,34,7.8,989.5,16,23.0
2020-04-21 17:00:00,23.0,34,6.4,989.4,17,19.6
2020-04-21 18:00:00,19.6,44,9.1,989.3,18,17.8
2020-04-21 19:00:00,17.8,51,10.2,989.8,19,17.8
2020-04-21 20:00:00,17.8,53,7.6,990.3,20,18.7
2020-04-21 21:00:00,18.7,50,4.7,990.2,21,17.9
2020-04-21 22:00:00,17.9,52,4.7,990.3,22,17.2
2020-04-21 23:00:00,17.2,53,3.6,990.2,23,16.9
2020-04-22 00:00:00,16.9,53,1.8,990.2,0,16.0
2020-04-22 01:00:00,16.0,55,1.6,989.8,1,15.4
2020-04-22 02:00:00,15.4,57,0.4,989.6,2,14.5
2020-04-22 03:00:00,14.5,59,1.1,989.0,3,12.8
2020-04-22 04:00:00,12.8,68,3.1,988.4,4,11.4
2020-04-22 05:00:00,11.4,76,4.7,988.0,5,11.1
2020-04-22 06:00:00,11.1,79,4.5,988.4,6,10.7
2020-04-22 07:00:00,10.7,84,4.7,988.4,7,11.4
2020-04-22 08:00:00,11.4,76,2.9,988.8,8,14.6
2020-04-22 09:00:00,14.6,62,1.5,989.4,9,18.0
2020-04-22 10:00:00,18.0,51,0.8,989.8,10,20.6
2020-04-22 11:00:00,20.6,44,1.8,989.8,11,23.3
2020-04-22 12:00:00,23.3,38,1.1,989.6,12,25.2
2020-04-22 13:00:00,25.2,32,1.0,989.0,13,26.4
2020-04-22 14:00:00,26.4,30,2.7,988.2,14,27.1
2020-04-22 15:00:00,27.1,28,5.2,987.6,15,27.0
2020-04-22 16:00:00,27.0,27,5.6,987.6,16,26.0
2020-04-22 17:00:00,26.0,29,7.4,987.6,17,22.5
2020-04-22 18:00:00,22.5,40,8.2,987.6,18,19.3
2020-04-22 19:00:00,19.3,51,7.2,987.9,19,17.6
2020-04-22 20:00:00,17.6,59,3.8,987.9,20,17.8
2020-04-22 21:00:00,17.8,58,5.4,988.4,21,16.8
2020-04-22 22:00:00,16.8,63,4.3,988.6,22,15.9
2020-04-22 23:00:00,15.9,68,4.3,989.1,23,15.4
2020-04-23 00:00:00,15.4,72,3.6,989.3,0,15.2
2020-04-23 01:00:00,15.2,76,5.0,989.5,1,14.8
2020-04-23 02:00:00,14.8,82,7.0,989.3,2,14.6
2020-04-23 03:00:00,14.6,83,9.2,989.0,3,14.6
2020-04-23 04:00:00,14.6,83,8.9,988.5,4,14.2
2020-04-23 05:00:00,14.2,85,7.1,988.5,5,14.1
2020-04-23 06:00:00,14.1,85,6.3,988.5,6,13.9
2020-04-23 07:00:00,13.9,87,4.9,988.7,7,14.4
2020-04-23 08:00:00,14.4,84,7.3,988.6,8,15.1
2020-04-23 09:00:00,15.1,80,9.0,989.0,9,16.1
2020-04-23 10:00:00,16.1,73,12.1,989.1,10,17.0
2020-04-23 11:00:00,17.0,69,11.6,989.2,11,17.9
2020-04-23 12:00:00,17.9,65,11.9,989.0,12,19.3
2020-04-23 13:00:00,19.3,57,12.6,989.0,13,19.7
2020-04-23 14:00:00,19.7,55,13.7,988.0,14,20.5
2020-04-23 15:00:00,20.5,51,15.9,987.3,15,21.3
2020-04-23 16:00:00,21.3,48,17.8,987.1,16,20.0
2020-04-23 17:00:00,20.0,52,18.7,987.4,17,17.5
2020-04-23 18:00:00,17.5,60,16.2,987.4,18,16.0
2020-04-23 19:00:00,16.0,67,12.2,987.8,19,14.9
2020-04-23 20:00:00,14.9,73,13.0,988.4,20,14.4
2020-04-23 21:00:00,14.4,79,12.8,988.9,21,14.6
2020-04-23 22:00:00,14.6,78,18.1,989.1,22,14.7
2020-04-23 23:00:00,14.7,79,16.3,989.3,23,14.6
2020-04-24 00:00:00,14.6,80,15.1,989.6,0,14.4
2020-04-24 01:00:00,14.4,80,15.2,989.4,1,13.9
2020-04-24 02:00:00,13.9,82,15.9,989.3,2,13.4
2020-04-24 03:00:00,13.4,85,14.6,988.7,3,13.2
2020-04-24 04:00:00,13.2,88,14.2,988.2,4,13.2
2020-04-24 05:00:00,13.2,92,10.8,988.2,5,13.2
2020-04-24 06:00:00,13.2,92,9.2,988.4,6,13.1
2020-04-24 07:00:00,13.1,92,9.2,988.6,7,13.4
2020-04-24 08:00:00,13.4,90,8.6,989.0,8,13.9
2020-04-24 09:00:00,13.9,89,11.1,989.6,9,14.1
2020-04-24 10:00:00,14.1,85,12.7,990.1,10,14.4
2020-04-24 11:00:00,14.4,86,14.6,990.1,11,14.6
2020-04-24 12:00:00,14.6,87,12.3,990.2,12,15.2
2020-04-24 13:00:00,15.2,86,10.8,990.3,13,15.8
2020-04-24 14:00:00,15.8,85,11.6,990.0,14,15.6
2020-04-24 15:00:00,15.6,86,10.7,989.9,15,15.9
2020-04-24 16:00:00,15.9,85,9.2,989.9,16,15.5
2020-04-24 17:00:00,15.5,88,9.0,989.8,17,14.9
2020-04-24 18:00:00,14.9,91,5.5,990.1,18,14.8
2020-04-24 19:00:00,14.8,92,4.6,990.5,19,13.9
2020-04-24 20:00:00,13.9,92,4.3,991.0,20,14.1
2020-04-24 21:00:00,14.1,93,1.8,991.5,21,13.4
2020-04-24 22:00:00,13.4,95,4.3,991.8,22,13.2
2020-04-24 23:00:00,13.2,95,6.7,991.9,23,13.1
2020-04-25 00:00:00,13.1,93,8.0,992.2,0,12.6
2020-04-25 01:00:00,12.6,95,7.7,992.3,1,12.2
2020-04-25 02:00:00,12.2,95,6.6,992.3,2,12.0
2020-04-25 03:00:00,12.0,96,6.6,991.9,3,11.4
2020-04-25 04:00:00,11.4,97,5.0,991.8,4,11.1
2020-04-25 05:00:00,11.1,99,4.8,991.6,5,10.5
2020-04-25 06:00:00,10.5,99,5.8,991.8,6,11.1
2020-04-25 07:00:00,11.1,99,4.5,992.3,7,11.2
2020-04-25 08:00:00,11.2,98,5.7,992.0,8,12.8
2020-04-25 09:00:00,12.8,94,4.8,992.5,9,14.8
2020-04-25 10:00:00,14.8,86,6.6,992.9,10,17.0
2020-04-25 11:00:00,17.0,70,9.1,993.0,11,18.6
2020-04-25 12:00:00,18.6,59,8.9,993.2,12,19.6
2020-04-25 13:00:00,19.6,57,8.4,993.2,13,20.5
2020-04-25 14:00:00,20.5,52,10.9,992.7,14,21.2
2020-04-25 15:00:00,21.2,48,8.2,992.2,15,21.7
2020-04-25 16:00:00,21.7,44,5.8,992.2,16,21.0
2020-04-25 17:00:00,21.0,49,3.2,992.0,17,18.1
2020-04-25 18:00:00,18.1,55,7.2,992.0,18,15.1
2020-04-25 19:00:00,15.1,72,7.0,992.1,19,13.2
2020-04-25 20:00:00,13.2,88,6.0,991.5,20,12.5
2020-04-25 21:00:00,12.5,92,6.8,991.3,21,11.6
2020-04-25 22:00:00,11.6,94,8.2,991.1,22,11.1
2020-04-25 23:00:00,11.1,95,7.9,991.1,23,12.1
2020-04-26 00:00:00,12.1,92,4.8,991.2,0,11.8
2020-04-26 01:00:00,11.8,94,0.4,991.1,1,10.4
2020-04-26 02:00:00,10.4,97,3.3,990.9,2,9.4
2020-04-26 03:00:00,9.4,100,5.2,990.3,3,9.1
2020-04-26 04:00:00,9.1,100,5.5,990.0,4,9.5
2020-04-26 05:00:00,9.5,99,4.8,990.3,5,9.6
2020-04-26 06:00:00,9.6,98,6.1,990.7,6,9.6
2020-04-26 07:00:00,9.6,98,6.6,991.0,7,10.1
2020-04-26 08:00:00,10.1,99,8.7,992.2,8,12.1
2020-04-26 09:00:00,12.1,93,8.1,993.2,9,14.1
2020-04-26 10:00:00,14.1,85,8.3,993.8,10,16.4
2020-04-26 11:00:00,16.4,74,9.0,993.9,11,18.1
2020-04-26 12:00:00,18.1,64,11.2,993.7,12,18.9
2020-04-26 13:00:00,18.9,58,12.4,993.5,13,19.6
2020-04-26 14:00:00,19.6,51,10.7,992.8,14,20.3
2020-04-26 15:00:00,20.3,45,10.8,992.6,15,20.2
2020-04-26 16:00:00,20.2,41,9.9,992.7,16,19.3
2020-04-26 17:00:00,19.3,45,5.7,992.5,17,15.6
2020-04-26 18:00:00,15.6,59,9.4,992.5,18,14.5
2020-04-26 19:00:00,14.5,62,8.4,992.7,19,13.4
2020-04-26 20:00:00,13.4,68,9.6,992.3,20,12.4
2020-04-26 21:00:00,12.4,73,8.5,992.6,21,12.0
2020-04-26 22:00:00,12.0,75,6.2,993.0,22,11.2
2020-04-26 23:00:00,11.2,77,6.7,993.1,23,10.8
2020-04-27 00:00:00,10.8,79,6.5,993.3,0,10.3
2020-04-27 01:00:00,10.3,82,6.1,993.4,1,9.8
2020-04-27 02:00:00,9.8,86,6.0,993.5,2,9.7
2020-04-27 03:00:00,9.7,86,5.6,993.1,3,9.4
2020-04-27 04:00:00,9.4,87,5.1,992.5,4,8.6
2020-04-27 05:00:00,8.6,91,6.3,992.3,5,8.1
2020-04-27 06:00:00,8.1,93,6.5,992.3,6,7.9
2020-04-27 07:00:00,7.9,96,6.2,992.7,7,8.9
2020-04-27 08:00:00,8.9,93,1.1,993.5,8,12.0
2020-04-27 09:00:00,12.0,79,6.2,993.9,9,14.9
2020-04-27 10:00:00,14.9,66,3.4,994.2,10,16.6
2020-04-27 11:00:00,16.6,60,4.2,994.2,11,17.9
2020-04-27 12:00:00,17.9,53,5.9,994.2,12,17.2
2020-04-27 13:00:00,17.2,59,6.5,994.2,13,16.4
2020-04-27 14:00:00,16.4,70,4.1,994.2,14,16.6
2020-04-27 15:00:00,16.6,72,3.3,994.1,15,15.6
2020-04-27 16:00:00,15.6,80,7.0,994.6,16,14.6
2020-04-27 17:00:00,14.6,87,8.6,994.9,17,13.3
2020-04-27 18:00:00,13.3,94,5.8,995.2,18,12.4
2020-04-27 19:00:00,12.4,96,8.7,995.6,19,12.9
2020-04-27 20:00:00,12.9,96,6.8,996.0,20,12.9
2020-04-27 21:00:00,12.9,97,4.6,996.9,21,13.1
2020-04-27 22:00:00,13.1,93,5.7,997.4,22,12.9
2020-04-27 23:00:00,12.9,94,5.2,997.5,23,11.7
2020-04-28 00:00:00,11.7,96,4.6,997.6,0,10.9
2020-04-28 01:00:00,10.9,96,4.8,997.6,1,10.2
2020-04-28 02:00:00,10.2,97,5.2,997.5,2,9.9
2020-04-28 03:00:00,9.9,98,5.0,997.5,3,9.8
2020-04-28 04:00:00,9.8,100,2.2,997.4,4,9.1
2020-04-28 05:00:00,9.1,100,3.3,997.4,5,8.9
2020-04-28 06:00:00,8.9,100,4.1,997.7,6,9.1
2020-04-28 07:00:00,9.1,99,5.7,998.1,7,8.4
2020-04-28 08:00:00,8.4,99,5.8,998.2,8,9.9
2020-04-28 09:00:00,9.9,96,6.0,998.6,9,11.6
2020-04-28 10:00:00,11.6,96,5.6,998.8,10,14.2
2020-04-28 11:00:00,14.2,81,9.3,998.5,11,16.8
2020-04-28 12:00:00,16.8,67,12.9,998.0,12,18.2
2020-04-28 13:00:00,18.2,57,14.0,997.4,13,19.0
2020-04-28 14:00:00,19.0,54,14.5,996.6,14,19.1
2020-04-28 15:00:00,19.1,52,15.0,996.3,15,18.8
2020-04-28 16:00:00,18.8,52,15.6,996.1,16,17.8
2020-04-28 17:00:00,17.8,56,14.7,995.9,17,15.4
2020-04-28 18:00:00,15.4,63,13.5,995.8,18,14.1
2020-04-28 19:00:00,14.1,69,15.3,995.5,19,12.5
2020-04-28 20:00:00,12.5,77,14.8,994.5,20,11.6
2020-04-28 21:00:00,11.6,82,13.4,994.5,21,10.6
2020-04-28 22:00:00,10.6,89,11.4,994.5,22,9.6
2020-04-28 23:00:00,9.6,94,9.7,994.3,23,8.8
2020-04-29 00:00:00,8.8,97,10.3,993.8,0,8.1
2020-04-29 01:00:00,8.1,99,11.6,992.9,1,7.5
2020-04-29 02:00:00,7.5,100,12.5,992.1,2,7.2
2020-04-29 03:00:00,7.2,100,10.8,991.5,3,7.2
2020-04-29 04:00:00,7.2,100,10.0,991.1,4,6.9
2020-04-29 05:00:00,6.9,100,9.0,991.0,5,6.2
2020-04-29 06:00:00,6.2,100,7.7,990.6,6,5.9
2020-04-29 07:00:00,5.9,100,7.1,990.6,7,5.8
2020-04-29 08:00:00,5.8,100,3.7,991.9,8,6.5
2020-04-29 09:00:00,6.5,98,3.6,992.4,9,8.4
2020-04-29 10:00:00,8.4,89,5.4,992.8,10,10.9
2020-04-29 11:00:00,10.9,77,5.9,992.7,11,14.1
2020-04-29 12:00:00,14.1,60,8.7,992.5,12,16.2
2020-04-29 13:00:00,16.2,52,11.6,992.2,13,17.3
2020-04-29 14:00:00,17.3,45,12.4,991.7,14,17.8
2020-04-29 15:00:00,17.8,42,12.1,991.3,15,17.6
2020-04-29 16:00:00,17.6,43,12.7,991.2,16,16.6
2020-04-29 17:00:00,16.6,50,11.3,991.3,17,13.2
2020-04-29 18:00:00,13.2,65,8.4,991.9,18,10.6
2020-04-29 19:00:00,10.6,76,9.8,992.3,19,9.7
2020-04-29 20:00:00,9.7,79,10.9,992.5,20,9.7
2020-04-29 21:00:00,9.7,81,9.4,992.8,21,9.2
2020-04-29 22:00:00,9.2,84,9.8,993.0,22,8.3
2020-04-29 23:00:00,8.3,89,10.0,993.2,23,8.9
2020-04-30 00:00:00,8.9,90,8.2,993.3,0,7.7
2020-04-30 01:00:00,7.7,95,7.6,993.7,1,8.0
2020-04-30 02:00:00,8.0,95,5.4,993.6,2,6.2
2020-04-30 03:00:00,6.2,99,6.9,993.2,3,6.8
2020-04-30 04:00:00,6.8,100,7.7,993.4,4,8.0
2020-04-30 05:00:00,8.0,100,8.4,993.7,5,7.8
2020-04-30 06:00:00,7.8,100,6.7,994.0,6,7.3
2020-04-30 07:00:00,7.3,100,9.4,994.6,7,7.1
2020-04-30 08:00:00,7.1,100,7.8,995.5,8,7.4
2020-04-30 09:00:00,7.4,98,6.8,996.1,9,8.8
2020-04-30 10:00:00,8.8,93,6.4,996.2,10,10.9
2020-04-30 11:00:00,10.9,83,6.9,995.9,11,13.9
2020-04-30 12:00:00,13.9,69,6.8,995.3,12,16.4
2020-04-30 13:00:00,16.4,57,10.0,994.8,13,17.8
2020-04-30 14:00:00,17.8,48,12.9,994.1,14,18.3
2020-04-30 15:00:00,18.3,43,11.9,993.6,15,18.2
2020-04-30 16:00:00,18.2,44,11.1,993.3,16,17.1
2020-04-30 17:00:00,17.1,50,9.7,993.3,17,12.9
2020-04-30 18:00:00,12.9,66,8.2,993.4,18,11.8
2020-04-30 19:00:00,11.8,73,7.8,993.7,19,10.5
2020-04-30 20:00:00,10.5,79,11.8,993.3,20,10.4
2020-04-30 21:00:00,10.4,82,9.1,993.3,21,9.2
2020-04-30 22:00:00,9.2,89,10.6,993.6,22,8.9
2020-04-30 23:00:00,8.9,91,10.3,993.3,23,8.6
2020-05-01 00:00:00,8.6,92,9.9,992.8,0,8.1
2020-05-01 01:00:00,8.1,94,9.7,992.3,1,7.5
2020-05-01 02:00:00,7.5,97,9.7,992.0,2,7.6
2020-05-01 03:00:00,7.6,99,8.2,991.6,3,8.3
2020-05-01 04:00:00,8.3,100,5.9,991.3,4,8.5
2020-05-01 05:00:00,8.5,100,2.6,990.9,5,8.4
2020-05-01 06:00:00,8.4,100,5.9,991.1,6,8.5
2020-05-01 07:00:00,8.5,100,6.6,991.5,7,7.7
2020-05-01 08:00:00,7.7,100,6.4,992.1,8,8.2
2020-05-01 09:00:00,8.2,98,4.1,992.6,9,9.4
2020-05-01 10:00:00,9.4,95,4.5,993.0,10,12.4
2020-05-01 11:00:00,12.4,82,6.1,993.2,11,15.4
2020-05-01 12:00:00,15.4,68,6.6,992.8,12,17.5
2020-05-01 13:00:00,17.5,58,7.9,992.4,13,18.8
2020-05-01 14:00:00,18.8,51,9.4,991.9,14,19.2
2020-05-01 15:00:00,19.2,46,10.2,991.5,15,19.1
2020-05-01 16:00:00,19.1,45,9.1,991.2,16,18.1
2020-05-01 17:00:00,18.1,54,4.0,990.8,17,16.2
2020-05-01 18:00:00,16.2,56,6.3,990.8,18,13.6
2020-05-01 19:00:00,13.6,67,6.6,990.8,19,14.0
2020-05-01 20:00:00,14.0,66,6.2,990.8,20,14.2
2020-05-01 21:00:00,14.2,66,4.7,990.8,21,12.9
2020-05-01 22:00:00,12.9,74,7.6,990.8,22,10.1
2020-05-01 23:00:00,10.1,92,8.7,991.0,23,9.9
2020-05-02 00:00:00,9.9,100,6.9,991.2,0,10.2
2020-05-02 01:00:00,10.2,100,4.0,991.8,1,9.8
2020-05-02 02:00:00,9.8,100,2.9,992.1,2,9.4
2020-05-02 03:00:00,9.4,100,2.5,992.2,3,9.9
2020-05-02 04:00:00,9.9,100,1.3,992.1,4,9.9
2020-05-02 05:00:00,9.9,100,2.6,992.0,5,9.9
2020-05-02 06:00:00,9.9,99,1.5,992.4,6,9.8
2020-05-02 07:00:00,9.8,100,3.3,992.8,7,9.4
2020-05-02 08:00:00,9.4,100,2.7,993.3,8,10.2
2020-05-02 09:00:00,10.2,98,1.9,993.9,9,11.4
2020-05-02 10:00:00,11.4,92,1.3,994.4,10,12.6
2020-05-02 11:00:00,12.6,86,1.5,994.6,11,14.2
2020-05-02 12:00:00,14.2,79,4.0,994.9,12,15.6
2020-05-02 13:00:00,15.6,74,1.4,993.8,13,16.4
2020-05-02 14:00:00,16.4,70,5.6,993.4,14,17.0
2020-05-02 15:00:00,17.0,67,8.8,993.2,15,16.5
2020-05-02 16:00:00,16.5,69,7.3,992.9,16,15.9
2020-05-02 17:00:00,15.9,72,7.0,993.1,17,13.4
2020-05-02 18:00:00,13.4,84,7.0,993.0,18,12.5
2020-05-02 19:00:00,12.5,88,8.0,993.1,19,13.0
2020-05-02 20:00:00,13.0,86,6.5,992.4,20,13.0
2020-05-02 21:00:00,13.0,85,4.7,992.4,21,12.6
2020-05-02 22:00:00,12.6,87,5.6,992.8,22,12.3
2020-05-02 23:00:00,12.3,88,6.1,992.8,23,11.9
2020-05-03 00:00:00,11.9,89,6.1,993.0,0,11.9
2020-05-03 01:00:00,11.9,89,5.1,993.1,1,11.5
2020-05-03 02:00:00,11.5,91,5.0,993.1,2,11.4
2020-05-03 03:00:00,11.4,90,4.5,992.9,3,9.1
2020-05-03 04:00:00,9.1,96,8.2,993.0,4,8.6
2020-05-03 05:00:00,8.6,97,8.4,993.3,5,8.5
2020-05-03 06:00:00,8.5,98,8.0,993.5,6,10.1
2020-05-03 07:00:00,10.1,97,6.6,994.0,7,10.8
2020-05-03 08:00:00,10.8,100,7.9,994.3,8,12.5
2020-05-03 09:00:00,12.5,94,8.0,994.7,9,14.1
2020-05-03 10:00:00,14.1,84,10.5,994.5,10,15.5
2020-05-03 11:00:00,15.5,77,12.2,994.3,11,17.2
2020-05-03 12:00:00,17.2,66,14.2,994.1,12,17.8
2020-05-03 13:00:00,17.8,63,15.6,993.5,13,17.8
2020-05-03 14:00:00,17.8,62,14.4,992.8,14,17.9
2020-05-03 15:00:00,17.9,59,13.7,992.4,15,17.1
2020-05-03 16:00:00,17.1,61,13.7,992.0,16,16.3
2020-05-03 17:00:00,16.3,63,13.0,991.7,17,15.1
2020-05-03 18:00:00,15.1,63,13.0,992.1,18,14.2
2020-05-03 19:00:00,14.2,58,13.8,992.5,19,13.1
2020-05-03 20:00:00,13.1,61,11.8,993.2,20,12.9
2020-05-03 21:00:00,12.9,64,10.0,992.7,21,12.6
2020-05-03 22:00:00,12.6,66,9.6,992.8,22,12.2
2020-05-03 23:00:00,12.2,69,7.2,992.8,23,11.6
2020-05-04 00:00:00,11.6,75,4.6,992.3,0,11.6
2020-05-04 01:00:00,11.6,74,5.0,992.0,1,11.6
2020-05-04 02:00:00,11.6,74,10.4,992.0,2,10.9
2020-05-04 03:00:00,10.9,81,12.0,991.8,3,10.1
2020-05-04 04:00:00,10.1,89,9.4,991.9,4,8.9
2020-05-04 05:00:00,8.9,95,6.0,992.2,5,8.9
2020-05-04 06:00:00,8.9,97,6.4,992.6,6,8.4
2020-05-04 07:00:00,8.4,99,8.0,993.2,7,9.0
2020-05-04 08:00:00,9.0,96,11.6,993.5,8,10.4
2020-05-04 09:00:00,10.4,88,7.5,994.4,9,12.6
2020-05-04 10:00:00,12.6,77,9.8,994.8,10,15.1
2020-05-04 11:00:00,15.1,63,10.8,994.7,11,17.5
2020-05-04 12:00:00,17.5,53,10.9,994.4,12,19.0
2020-05-04 13:00:00,19.0,47,11.1,993.7,13,19.8
2020-05-04 14:00:00,19.8,43,12.8,993.0,14,19.8
2020-05-04 15:00:00,19.8,42,14.7,992.8,15,19.4
2020-05-04 16:00:00,19.4,42,16.9,993.2,16,18.1
2020-05-04 17:00:00,18.1,48,14.3,993.3,17,15.6
2020-05-04 18:00:00,15.6,57,9.7,992.7,18,14.6
2020-05-04 19:00:00,14.6,62,10.9,992.9,19,13.9
2020-05-04 20:00:00,13.9,66,10.0,993.3,20,13.8
2020-05-04 21:00:00,13.8,68,10.8,993.4,21,13.4
2020-05-04 22:00:00,13.4,69,12.7,993.6,22,12.9
2020-05-04 23:00:00,12.9,71,13.2,993.6,23,11.3
2020-05-05 00:00:00,11.3,81,11.8,993.2,0,10.9
2020-05-05 01:00:00,10.9,86,12.2,993.7,1,10.4
2020-05-05 02:00:00,10.4,92,10.2,993.4,2,10.1
2020-05-05 03:00:00,10.1,95,9.2,993.0,3,10.1
2020-05-05 04:00:00,10.1,98,9.2,993.2,4,10.6
2020-05-05 05:00:00,10.6,100,9.5,993.1,5,10.9
2020-05-05 06:00:00,10.9,100,11.1,992.9,6,11.1
2020-05-05 07:00:00,11.1,100,15.5,993.2,7,10.6
2020-05-05 08:00:00,10.6,100,13.4,993.6,8,11.1
2020-05-05 09:00:00,11.1,97,12.0,993.8,9,12.2
2020-05-05 10:00:00,12.2,91,14.2,994.0,10,13.8
2020-05-05 11:00:00,13.8,83,15.6,994.0,11,15.8
2020-05-05 12:00:00,15.8,73,13.8,993.5,12,18.0
2020-05-05 13:00:00,18.0,60,13.7,992.7,13,19.1
2020-05-05 14:00:00,19.1,54,13.5,992.1,14,19.5
2020-05-05 15:00:00,19.5,51,13.7,991.5,15,19.2
2020-05-05 16:00:00,19.2,50,14.2,991.2,16,18.0
2020-05-05 17:00:00,18.0,53,13.0,991.1,17,15.4
2020-05-05 18:00:00,15.4,63,10.7,990.6,18,14.2
2020-05-05 19:00:00,14.2,71,10.7,991.1,19,12.4
2020-05-05 20:00:00,12.4,88,7.6,991.0,20,12.8
2020-05-05 21:00:00,12.8,87,10.2,991.5,21,11.8
2020-05-05 22:00:00,11.8,90,8.4,991.8,22,11.1
2020-05-05 23:00:00,11.1,93,8.0,991.9,23,9.9
2020-05-06 00:00:00,9.9,97,6.4,991.9,0,9.9
2020-05-06 01:00:00,9.9,100,6.3,992.1,1,9.8
2020-05-06 02:00:00,9.8,100,6.4,991.8,2,9.4
2020-05-06 03:00:00,9.4,100,7.0,991.5,3,9.1
2020-05-06 04:00:00,9.1,99,6.9,991.3,4,8.5
2020-05-06 05:00:00,8.5,100,8.7,991.0,5,7.9
2020-05-06 06:00:00,7.9,95,9.0,991.1,6,7.3
2020-05-06 07:00:00,7.3,99,8.9,991.2,7,6.9
2020-05-06 08:00:00,6.9,99,8.4,991.6,8,7.1
2020-05-06 09:00:00,7.1,98,10.3,992.4,9,8.6
2020-05-06 10:00:00,8.6,90,9.3,992.3,10,11.1
2020-05-06 11:00:00,11.1,77,7.1,991.3,11,14.6
2020-05-06 12:00:00,14.6,61,8.7,990.5,12,16.9
2020-05-06 13:00:00,16.9,51,11.1,989.4,13,18.1
2020-05-06 14:00:00,18.1,45,11.2,988.8,14,18.6
2020-05-06 15:00:00,18.6,45,11.6,988.3,15,18.7
2020-05-06 16:00:00,18.7,43,11.0,988.2,16,17.5
2020-05-06 17:00:00,17.5,46,8.5,987.9,17,13.6
2020-05-06 18:00:00,13.6,54,8.3,988.0,18,11.9
2020-05-06 19:00:00,11.9,59,8.1,988.1,19,10.8
2020-05-06 20:00:00,10.8,69,9.9,988.0,20,9.2
2020-05-06 21:00:00,9.2,80,10.1,988.3,21,8.4
2020-05-06 22:00:00,8.4,88,9.3,988.6,22,8.1
2020-05-06 23:00:00,8.1,88,9.3,988.9,23,8.1
2020-05-07 00:00:00,8.1,90,7.4,988.9,0,7.7
2020-05-07 01:00:00,7.7,92,6.6,988.4,1,7.3
2020-05-07 02:00:00,7.3,95,6.2,988.3,2,6.9
2020-05-07 03:00:00,6.9,99,6.5,988.2,3,6.8
2020-05-07 04:00:00,6.8,100,6.4,988.3,4,7.4
2020-05-07 05:00:00,7.4,100,1.8,988.3,5,7.3
2020-05-07 06:00:00,7.3,100,2.3,988.3,6,7.1
2020-05-07 07:00:00,7.1,100,2.5,988.7,7,7.1
2020-05-07 08:00:00,7.1,100,2.1,989.2,8,8.0
2020-05-07 09:00:00,8.0,98,2.8,990.2,9,9.8
2020-05-07 10:00:00,9.8,96,2.5,990.5,10,13.3
2020-05-07 11:00:00,13.3,78,0.7,991.0,11,17.4
2020-05-07 12:00:00,17.4,61,2.8,990.7,12,20.0
2020-05-07 13:00:00,20.0,52,3.3,990.2,13,21.8
2020-05-07 14:00:00,21.8,47,4.2,989.8,14,22.5
2020-05-07 15:00:00,22.5,43,5.2,989.4,15,22.2
2020-05-07 16:00:00,22.2,42,5.8,989.3,16,20.0
2020-05-07 17:00:00,20.0,61,5.5,989.1,17,16.8
2020-05-07 18:00:00,16.8,65,9.8,988.8,18,15.1
2020-05-07 19:00:00,15.1,74,9.8,988.8,19,12.9
2020-05-07 20:00:00,12.9,88,8.6,988.6,20,12.9
2020-05-07 21:00:00,12.9,85,8.0,988.8,21,13.1
2020-05-07 22:00:00,13.1,86,2.3,989.1,22,10.4
2020-05-07 23:00:00,10.4,95,5.4,989.2,23,12.0
2020-05-08 00:00:00,12.0,89,2.3,990.0,0,9.5
2020-05-08 01:00:00,9.5,96,5.8,990.1,1,10.2
2020-05-08 02:00:00,10.2,95,6.2,989.8,2,9.3
2020-05-08 03:00:00,9.3,97,5.4,989.7,3,9.1
2020-05-08 04:00:00,9.1,98,4.8,989.8,4,8.4
2020-05-08 05:00:00,8.4,100,6.5,989.4,5,7.9
2020-05-08 06:00:00,7.9,100,5.7,989.4,6,8.5
2020-05-08 07:00:00,8.5,100,6.8,989.6,7,8.6
2020-05-08 08:00:00,8.6,100,4.3,990.1,8,9.4
2020-05-08 09:00:00,9.4,98,3.6,990.6,9,11.2
2020-05-08 10:00:00,11.2,95,4.7,990.8,10,14.6
2020-05-08 11:00:00,14.6,80,6.1,990.3,11,18.0
2020-05-08 12:00:00,18.0,64,6.5,989.6,12,20.9
2020-05-08 13:00:00,20.9,51,5.2,989.1,13,22.6
2020-05-08 14:00:00,22.6,46,1.8,988.7,14,23.1
2020-05-08 15:00:00,23.1,47,4.5,988.5,15,22.2
2020-05-08 16:00:00,22.2,51,8.9,989.1,16,19.8
2020-05-08 17:00:00,19.8,60,10.4,990.4,17,15.7
2020-05-08 18:00:00,15.7,75,6.8,991.2,18,12.8
2020-05-08 19:00:00,12.8,89,7.7,991.8,19,13.5
2020-05-08 20:00:00,13.5,85,3.1,991.6,20,13.0
2020-05-08 21:00:00,13.0,90,4.2,991.7,21,12.1
2020-05-08 22:00:00,12.1,94,6.3,992.5,22,12.4
2020-05-08 23:00:00,12.4,91,7.3,993.4,23,11.9
2020-05-09 00:00:00,11.9,94,5.6,993.1,0,10.9
2020-05-09 01:00:00,10.9,98,4.3,992.1,1,10.0
2020-05-09 02:00:00,10.0,99,3.8,991.3,2,9.8
2020-05-09 03:00:00,9.8,100,4.1,990.7,3,9.3
2020-05-09 04:00:00,9.3,100,2.9,990.2,4,8.9
2020-05-09 05:00:00,8.9,100,3.8,990.5,5,9.2
2020-05-09 06:00:00,9.2,99,3.6,991.0,6,9.4
2020-05-09 07:00:00,9.4,99,6.3,991.5,7,10.1
2020-05-09 08:00:00,10.1,99,4.6,992.1,8,10.5
2020-05-09 09:00:00,10.5,98,4.7,992.2,9,11.4
2020-05-09 10:00:00,11.4,94,5.6,992.6,10,13.3
2020-05-09 11:00:00,13.3,85,4.9,992.5,11,15.6
2020-05-09 12:00:00,15.6,74,5.9,992.2,12,17.8
2020-05-09 13:00:00,17.8,64,6.9,991.2,13,19.0
2020-05-09 14:00:00,19.0,56,8.2,990.4,14,19.6
2020-05-09 15:00:00,19.6,52,8.9,989.9,15,19.6
2020-05-09 16:00:00,19.6,52,8.1,990.1,16,18.8
2020-05-09 17:00:00,18.8,59,5.8,990.4,17,17.9
2020-05-09 18:00:00,17.9,63,5.9,990.9,18,13.8
2020-05-09 19:00:00,13.8,83,9.3,991.2,19,13.2
2020-05-09 20:00:00,13.2,90,7.3,991.0,20,12.6
2020-05-09 21:00:00,12.6,94,6.3,991.6,21,11.3
2020-05-09 22:00:00,11.3,97,7.9,992.4,22,11.8
2020-05-09 23:00:00,11.8,97,5.9,992.4,23,11.8
2020-05-10 00:00:00,11.8,97,4.3,992.1,0,11.8
2020-05-10 01:00:00,11.8,97,3.8,992.0,1,12.1
2020-05-10 02:00:00,12.1,95,4.2,992.3,2,11.9
2020-05-10 03:00:00,11.9,96,1.1,992.5,3,10.2
2020-05-10 04:00:00,10.2,99,4.7,992.4,4,10.0
2020-05-10 05:00:00,10.0,99,6.2,992.1,5,9.9
2020-05-10 06:00:00,9.9,100,3.8,992.6,6,10.1
2020-05-10 07:00:00,10.1,100,2.9,993.4,7,9.6
2020-05-10 08:00:00,9.6,98,0.8,994.3,8,10.1
2020-05-10 09:00:00,10.1,98,1.8,995.3,9,11.6
2020-05-10 10:00:00,11.6,91,3.1,995.6,10,14.6
2020-05-10 11:00:00,14.6,74,4.2,995.5,11,16.5
2020-05-10 12:00:00,16.5,56,8.1,995.2,12,17.6
2020-05-10 13:00:00,17.6,48,8.2,994.7,13,18.5
2020-05-10 14:00:00,18.5,46,8.9,994.2,14,18.9
2020-05-10 15:00:00,18.9,46,10.0,993.8,15,18.8
2020-05-10 16:00:00,18.8,49,9.2,993.4,16,17.9
2020-05-10 17:00:00,17.9,54,9.0,993.2,17,15.2
2020-05-10 18:00:00,15.2,67,7.9,993.4,18,13.9
2020-05-10 19:00:00,13.9,74,6.6,993.8,19,13.9
2020-05-10 20:00:00,13.9,72,11.6,993.7,20,13.2
2020-05-10 21:00:00,13.2,77,11.6,994.1,21,12.2
2020-05-10 22:00:00,12.2,83,9.3,994.1,22,11.6
2020-05-10 23:00:00,11.6,87,11.3,994.4,23,10.6
2020-05-11 00:00:00,10.6,92,12.2,994.5,0,10.2
2020-05-11 01:00:00,10.2,92,13.7,994.3,1,9.4
2020-05-11 02:00:00,9.4,95,13.6,994.2,2,8.7
2020-05-11 03:00:00,8.7,98,12.2,993.5,3,8.2
2020-05-11 04:00:00,8.2,100,13.1,992.9,4,8.4
2020-05-11 05:00:00,8.4,100,14.2,992.5,5,8.3
2020-05-11 06:00:00,8.3,98,13.2,992.6,6,8.1
2020-05-11 07:00:00,8.1,98,12.6,992.8,7,7.7
2020-05-11 08:00:00,7.7,96,11.4,993.1,8,8.4
2020-05-11 09:00:00,8.4,89,13.0,993.9,9,9.4
2020-05-11 10:00:00,9.4,81,12.0,994.0,10,11.7
2020-05-11 11:00:00,11.7,67,10.5,994.1,11,13.9
2020-05-11 12:00:00,13.9,55,11.9,993.5,12,15.4
2020-05-11 13:00:00,15.4,47,14.0,992.8,13,16.2
2020-05-11 14:00:00,16.2,43,15.2,992.1,14,16.5
2020-05-11 15:00:00,16.5,41,15.0,991.5,15,16.2
2020-05-11 16:00:00,16.2,42,16.0,991.8,16,15.3
2020-05-11 17:00:00,15.3,46,12.6,991.8,17,12.9
2020-05-11 18:00:00,12.9,56,7.6,992.0,18,11.4
2020-05-11 19:00:00,11.4,64,6.8,992.7,19,10.8
2020-05-11 20:00:00,10.8,65,8.7,992.8,20,10.2
2020-05-11 21:00:00,10.2,67,9.5,993.4,21,9.6
2020-05-11 22:00:00,9.6,72,10.3,993.8,22,8.7
2020-05-11 23:00:00,8.7,79,9.2,994.1,23,7.9
2020-05-12 00:00:00,7.9,85,9.2,993.8,0,7.6
2020-05-12 01:00:00,7.6,89,8.7,994.0,1,7.1
2020-05-12 02:00:00,7.1,93,7.7,993.9,2,6.7
2020-05-12 03:00:00,6.7,95,6.9,993.9,3,6.6
2020-05-12 04:00:00,6.6,96,8.2,993.7,4,6.7
2020-05-12 05:00:00,6.7,94,10.0,994.0,5,6.8
2020-05-12 06:00:00,6.8,93,10.0,994.3,6,6.8
2020-05-12 07:00:00,6.8,93,8.9,994.8,7,6.9
2020-05-12 08:00:00,6.9,93,9.5,995.4,8,7.3
2020-05-12 09:00:00,7.3,91,8.8,996.0,9,7.8
2020-05-12 10:00:00,7.8,87,9.2,996.2,10,8.6
2020-05-12 11:00:00,8.6,83,9.0,996.6,11,10.2
2020-05-12 12:00:00,10.2,75,8.9,996.4,12,12.0
2020-05-12 13:00:00,12.0,68,9.4,996.3,13,12.9
2020-05-12 14:00:00,12.9,64,8.7,995.9,14,13.5
2020-05-12 15:00:00,13.5,60,7.6,995.8,15,13.8
2020-05-12 16:00:00,13.8,58,8.3,995.8,16,13.4
2020-05-12 17:00:00,13.4,58,9.5,996.0,17,10.8
2020-05-12 18:00:00,10.8,70,8.1,996.1,18,8.7
2020-05-12 19:00:00,8.7,84,9.3,996.6,19,8.1
2020-05-12 20:00:00,8.1,86,7.7,997.2,20,7.2
2020-05-12 21:00:00,7.2,90,8.6,997.6,21,6.5
2020-05-12 22:00:00,6.5,90,9.8,997.4,22,7.6
2020-05-12 23:00:00,7.6,85,11.1,997.8,23,6.7
2020-05-13 00:00:00,6.7,90,8.5,997.8,0,5.5
2020-05-13 01:00:00,5.5,94,5.8,997.5,1,4.9
2020-05-13 02:00:00,4.9,96,5.7,997.3,2,4.7
2020-05-13 03:00:00,4.7,98,6.4,996.9,3,4.4
2020-05-13 04:00:00,4.4,99,6.9,996.9,4,4.7
2020-05-13 05:00:00,4.7,100,10.0,996.9,5,5.2
2020-05-13 06:00:00,5.2,100,10.5,996.9,6,4.9
2020-05-13 07:00:00,4.9,100,9.2,997.0,7,4.3
2020-05-13 08:00:00,4.3,100,11.0,997.7,8,4.8
2020-05-13 09:00:00,4.8,98,10.1,998.2,9,5.8
2020-05-13 10:00:00,5.8,94,7.4,998.3,10,8.0
2020-05-13 11:00:00,8.0,81,7.6,997.7,11,11.4
2020-05-13 12:00:00,11.4,64,9.3,997.3,12,13.8
2020-05-13 13:00:00,13.8,51,9.5,996.5,13,15.7
2020-05-13 14:00:00,15.7,43,10.8,995.9,14,16.9
2020-05-13 15:00:00,16.9,40,10.5,995.3,15,17.2
2020-05-13 16:00:00,17.2,39,10.5,995.2,16,15.8
2020-05-13 17:00:00,15.8,48,6.3,995.4,17,11.6
2020-05-13 18:00:00,11.6,61,10.8,995.2,18,10.1
2020-05-13 19:00:00,10.1,67,10.8,995.9,19,9.9
2020-05-13 20:00:00,9.9,69,10.8,996.3,20,9.2
2020-05-13 21:00:00,9.2,70,8.4,996.6,21,8.7
2020-05-13 22:00:00,8.7,73,7.8,997.0,22,7.2
2020-05-13 23:00:00,7.2,82,9.8,996.8,23,6.0
2020-05-14 00:00:00,6.0,88,11.0,996.8,0,6.8
2020-05-14 01:00:00,6.8,85,7.1,996.6,1,5.7
2020-05-14 02:00:00,5.7,92,6.3,996.6,2,4.8
2020-05-14 03:00:00,4.8,97,8.4,996.6,3,5.3
2020-05-14 04:00:00,5.3,98,7.0,996.4,4,4.8
2020-05-14 05:00:00,4.8,100,6.3,996.6,5,4.7
2020-05-14 06:00:00,4.7,100,6.2,996.4,6,4.1
2020-05-14 07:00:00,4.1,100,6.8,996.5,7,5.0
2020-05-14 08:00:00,5.0,100,5.2,997.0,8,6.3
2020-05-14 09:00:00,6.3,99,2.9,997.7,9,7.9
2020-05-14 10:00:00,7.9,93,4.6,997.8,10,10.5
2020-05-14 11:00:00,10.5,79,10.9,998.1,11,13.9
2020-05-14 12:00:00,13.9,60,10.9,997.7,12,16.5
2020-05-14 13:00:00,16.5,48,9.7,996.6,13,18.4
2020-05-14 14:00:00,18.4,43,12.7,996.1,14,18.9
2020-05-14 15:00:00,18.9,42,15.0,995.7,15,18.8
2020-05-14 16:00:00,18.8,43,13.8,995.6,16,17.2
2020-05-14 17:00:00,17.2,50,8.6,995.4,17,13.9
2020-05-14 18:00:00,13.9,60,8.1,995.5,18,12.1
2020-05-14 19:00:00,12.1,68,9.8,995.5,19,12.4
2020-05-14 20:00:00,12.4,67,7.9,996.1,20,13.0
2020-05-14 21:00:00,13.0,65,11.8,996.6,21,12.4
2020-05-14 22:00:00,12.4,71,9.1,996.8,22,12.2
2020-05-14 23:00:00,12.2,74,9.8,996.7,23,11.1
2020-05-15 00:00:00,11.1,83,8.2,996.5,0,11.8
2020-05-15 01:00:00,11.8,84,10.2,996.4,1,11.1
2020-05-15 02:00:00,11.1,91,10.4,996.4,2,10.4
2020-05-15 03:00:00,10.4,96,7.9,996.1,3,8.4
2020-05-15 04:00:00,8.4,100,8.9,995.5,4,8.1
2020-05-15 05:00:00,8.1,100,9.4,995.3,5,9.8
2020-05-15 06:00:00,9.8,99,7.6,995.4,6,10.5
2020-05-15 07:00:00,10.5,100,6.7,995.3,7,10.2
2020-05-15 08:00:00,10.2,100,7.1,996.4,8,11.4
2020-05-15 09:00:00,11.4,99,8.9,996.5,9,12.6
2020-05-15 10:00:00,12.6,94,9.7,996.4,10,15.3
2020-05-15 11:00:00,15.3,80,12.2,996.4,11,18.7
2020-05-15 12:00:00,18.7,65,14.2,995.7,12,21.2
2020-05-15 13:00:00,21.2,54,14.7,994.6,13,22.8
2020-05-15 14:00:00,22.8,49,16.8,993.5,14,23.1
2020-05-15 15:00:00,23.1,50,18.0,992.7,15,22.6
2020-05-15 16:00:00,22.6,54,17.5,992.5,16,21.2
2020-05-15 17:00:00,21.2,60,16.1,992.1,17,18.9
2020-05-15 18:00:00,18.9,69,14.9,991.9,18,17.4
2020-05-15 19:00:00,17.4,76,13.5,992.0,19,16.3
2020-05-15 20:00:00,16.3,82,14.2,992.2,20,15.3
2020-05-15 21:00:00,15.3,87,12.3,992.1,21,14.2
2020-05-15 22:00:00,14.2,92,11.9,992.0,22,13.6
2020-05-15 23:00:00,13.6,94,11.7,992.0,23,13.1
2020-05-16 00:00:00,13.1,97,10.9,992.1,0,12.8
2020-05-16 01:00:00,12.8,100,10.2,991.6,1,13.2
2020-05-16 02:00:00,13.2,100,11.1,991.3,2,13.1
2020-05-16 03:00:00,13.1,100,13.2,991.3,3,12.9
2020-05-16 04:00:00,12.9,100,12.2,991.0,4,12.7
2020-05-16 05:00:00,12.7,100,11.9,991.1,5,12.3
2020-05-16 06:00:00,12.3,100,12.6,991.0,6,12.1
2020-05-16 07:00:00,12.1,100,13.4,991.3,7,11.9
2020-05-16 08:00:00,11.9,99,12.6,991.4,8,12.3
2020-05-16 09:00:00,12.3,96,13.5,991.9,9,12.9
2020-05-16 10:00:00,12.9,92,13.7,992.0,10,13.6
2020-05-16 11:00:00,13.6,88,13.0,991.9,11,15.6
2020-05-16 12:00:00,15.6,78,12.6,991.6,12,18.2
2020-05-16 13:00:00,18.2,64,14.3,990.7,13,19.8
2020-05-16 14:00:00,19.8,57,15.3,990.0,14,20.5
2020-05-16 15:00:00,20.5,54,15.0,989.5,15,20.6
2020-05-16 16:00:00,20.6,53,15.1,989.4,16,19.5
2020-05-16 17:00:00,19.5,58,11.8,989.4,17,16.5
2020-05-16 18:00:00,16.5,72,9.2,989.0,18,15.4
2020-05-16 19:00:00,15.4,79,9.4,989.3,19,14.8
2020-05-16 20:00:00,14.8,85,10.5,989.4,20,14.2
2020-05-16 21:00:00,14.2,90,10.5,989.6,21,13.1
2020-05-16 22:00:00,13.1,95,9.0,989.6,22,12.2
2020-05-16 23:00:00,12.2,98,7.8,989.5,23,11.9
2020-05-17 00:00:00,11.9,100,7.4,989.7,0,12.4
2020-05-17 01:00:00,12.4,100,7.1,989.4,1,12.6
2020-05-17 02:00:00,12.6,100,7.9,989.3,2,12.1
2020-05-17 03:00:00,12.1,100,8.5,989.0,3,11.6
2020-05-17 04:00:00,11.6,100,7.9,988.8,4,11.2
2020-05-17 05:00:00,11.2,100,6.6,988.7,5,10.9
2020-05-17 06:00:00,10.9,100,5.9,988.6,6,10.6
2020-05-17 07:00:00,10.6,100,5.1,989.0,7,9.6
2020-05-17 08:00:00,9.6,100,3.1,989.7,8,10.2
2020-05-17 09:00:00,10.2,98,2.0,990.1,9,11.2
2020-05-17 10:00:00,11.2,95,3.2,989.8,10,13.1
2020-05-17 11:00:00,13.1,89,4.8,989.9,11,15.8
2020-05-17 12:00:00,15.8,77,5.6,989.7,12,18.5
2020-05-17 13:00:00,18.5,64,6.4,989.2,13,20.6
2020-05-17 14:00:00,20.6,52,7.4,988.6,14,21.4
2020-05-17 15:00:00,21.4,48,7.7,988.3,15,21.3
2020-05-17 16:00:00,21.3,48,6.8,988.4,16,19.2
2020-05-17 17:00:00,19.2,70,6.6,988.5,17,19.5
2020-05-17 18:00:00,19.5,54,5.3,988.7,18,18.2
2020-05-17 19:00:00,18.2,58,2.6,989.0,19,16.8
2020-05-17 20:00:00,16.8,66,1.5,989.2,20,15.8
2020-05-17 21:00:00,15.8,70,2.0,989.2,21,14.7
2020-05-17 22:00:00,14.7,75,1.8,989.2,22,13.7
2020-05-17 23:00:00,13.7,79,0.8,989.7,23,11.2
2020-05-18 00:00:00,11.2,87,4.0,990.2,0,9.3
2020-05-18 01:00:00,9.3,95,6.9,990.3,1,8.8
2020-05-18 02:00:00,8.8,99,6.6,990.7,2,9.4
2020-05-18 03:00:00,9.4,100,4.3,990.8,3,9.9
2020-05-18 04:00:00,9.9,100,4.7,991.0,4,10.1
2020-05-18 05:00:00,10.1,100,5.6,991.1,5,10.8
2020-05-18 06:00:00,10.8,100,7.0,991.2,6,10.6
2020-05-18 07:00:00,10.6,100,4.5,991.6,7,10.4
2020-05-18 08:00:00,10.4,100,2.5,992.1,8,10.7
2020-05-18 09:00:00,10.7,97,2.5,992.2,9,11.2
2020-05-18 10:00:00,11.2,95,2.5,992.5,10,12.4
2020-05-18 11:00:00,12.4,90,3.3,992.6,11,13.4
2020-05-18 12:00:00,13.4,85,2.6,992.3,12,15.1
2020-05-18 13:00:00,15.1,78,2.6,991.8,13,16.6
2020-05-18 14:00:00,16.6,72,5.2,991.7,14,17.0
2020-05-18 15:00:00,17.0,70,6.0,991.0,15,16.9
2020-05-18 16:00:00,16.9,70,5.6,991.0,16,16.1
2020-05-18 17:00:00,16.1,74,3.6,990.8,17,13.2
2020-05-18 18:00:00,13.2,87,6.9,990.9,18,12.4
2020-05-18 19:00:00,12.4,89,4.7,990.7,19,12.8
2020-05-18 20:00:00,12.8,88,2.8,990.9,20,13.1
2020-05-18 21:00:00,13.1,87,3.9,991.5,21,12.5
2020-05-18 22:00:00,12.5,90,2.7,991.5,22,10.3
2020-05-18 23:00:00,10.3,96,4.6,991.4,23,9.7
2020-05-19 00:00:00,9.7,97,6.8,991.0,0,9.2
2020-05-19 01:00:00,9.2,98,6.9,991.1,1,9.4
2020-05-19 02:00:00,9.4,99,4.9,991.6,2,9.3
2020-05-19 03:00:00,9.3,100,2.4,991.8,3,8.8
2020-05-19 04:00:00,8.8,100,1.6,991.9,4,9.3
2020-05-19 05:00:00,9.3,99,4.5,992.2,5,9.7
2020-05-19 06:00:00,9.7,100,6.4,992.0,6,10.1
2020-05-19 07:00:00,10.1,99,7.4,992.1,7,10.4
2020-05-19 08:00:00,10.4,98,8.2,992.5,8,11.4
2020-05-19 09:00:00,11.4,91,9.0,992.9,9,12.5
2020-05-19 10:00:00,12.5,84,10.6,993.0,10,14.2
2020-05-19 11:00:00,14.2,74,11.5,993.4,11,15.1
2020-05-19 12:00:00,15.1,69,14.5,992.8,12,15.4
2020-05-19 13:00:00,15.4,68,12.3,992.3,13,15.9
2020-05-19 14:00:00,15.9,65,11.3,991.6,14,16.8
2020-05-19 15:00:00,16.8,60,9.4,991.7,15,16.9
2020-05-19 16:00:00,16.9,61,8.8,992.0,16,16.3
2020-05-19 17:00:00,16.3,64,5.5,992.0,17,14.6
2020-05-19 18:00:00,14.6,71,5.4,992.0,18,13.2
2020-05-19 19:00:00,13.2,76,5.9,991.9,19,11.4
2020-05-19 20:00:00,11.4,88,5.1,992.1,20,11.8
2020-05-19 21:00:00,11.8,87,3.9,992.4,21,11.2
2020-05-19 22:00:00,11.2,91,4.3,992.8,22,11.4
2020-05-19 23:00:00,11.4,89,4.8,992.7,23,11.4
2020-05-20 00:00:00,11.4,89,5.5,992.4,0,11.1
2020-05-20 01:00:00,11.1,91,4.7,992.3,1,10.8
2020-05-20 02:00:00,10.8,94,4.2,992.2,2,10.4
2020-05-20 03:00:00,10.4,95,4.1,992.4,3,10.9
2020-05-20 04:00:00,10.9,94,5.1,992.4,4,11.0
2020-05-20 05:00:00,11.0,95,3.2,992.4,5,11.2
2020-05-20 06:00:00,11.2,96,2.5,992.8,6,11.2
2020-05-20 07:00:00,11.2,95,4.3,992.7,7,10.9
2020-05-20 08:00:00,10.9,95,4.3,993.4,8,11.4
2020-05-20 09:00:00,11.4,95,5.2,993.6,9,11.9
2020-05-20 10:00:00,11.9,95,3.1,993.9,10,11.9
2020-05-20 11:00:00,11.9,97,4.7,994.3,11,12.5
2020-05-20 12:00:00,12.5,88,3.1,994.3,12,13.6
2020-05-20 13:00:00,13.6,82,3.1,994.2,13,14.1
2020-05-20 14:00:00,14.1,76,5.4,994.0,14,13.3
2020-05-20 15:00:00,13.3,79,10.4,994.0,15,13.4
2020-05-20 16:00:00,13.4,74,11.5,994.4,16,12.4
2020-05-20 17:00:00,12.4,80,8.9,994.9,17,10.2
2020-05-20 18:00:00,10.2,90,7.0,994.9,18,9.9
2020-05-20 19:00:00,9.9,93,7.2,995.4,19,10.4
2020-05-20 20:00:00,10.4,87,3.1,995.4,20,9.2
2020-05-20 21:00:00,9.2,91,3.9,995.7,21,9.9
2020-05-20 22:00:00,9.9,84,1.8,995.8,22,9.7
2020-05-20 23:00:00,9.7,85,1.4,995.6,23,8.3
2020-05-21 00:00:00,8.3,91,5.1,995.3,0,7.7
2020-05-21 01:00:00,7.7,95,6.1,995.1,1,6.9
2020-05-21 02:00:00,6.9,97,7.4,994.9,2,6.3
2020-05-21 03:00:00,6.3,98,7.7,994.7,3,5.9
2020-05-21 04:00:00,5.9,99,7.9,994.6,4,6.8
2020-05-21 05:00:00,6.8,99,4.7,994.6,5,6.6
2020-05-21 06:00:00,6.6,100,4.6,994.7,6,5.8
2020-05-21 07:00:00,5.8,100,3.4,994.9,7,5.3
2020-05-21 08:00:00,5.3,99,2.5,995.6,8,6.3
2020-05-21 09:00:00,6.3,93,4.2,996.5,9,7.2
2020-05-21 10:00:00,7.2,95,6.1,997.0,10,9.4
2020-05-21 11:00:00,9.4,82,7.6,997.1,11,11.6
2020-05-21 12:00:00,11.6,73,8.3,997.0,12,13.2
2020-05-21 13:00:00,13.2,64,10.8,996.5,13,14.1
2020-05-21 14:00:00,14.1,58,12.4,996.2,14,14.5
2020-05-21 15:00:00,14.5,56,11.2,996.2,15,14.4
2020-05-21 16:00:00,14.4,56,10.8,996.6,16,13.1
2020-05-21 17:00:00,13.1,66,6.3,996.9,17,9.6
2020-05-21 18:00:00,9.6,77,8.9,997.2,18,8.4
2020-05-21 19:00:00,8.4,82,9.5,997.7,19,7.8
2020-05-21 20:00:00,7.8,87,9.4,998.1,20,6.8
2020-05-21 21:00:00,6.8,89,10.6,998.2,21,9.1
2020-05-21 22:00:00,9.1,80,2.9,998.7,22,6.9
2020-05-21 23:00:00,6.9,86,3.3,998.4,23,5.7
2020-05-22 00:00:00,5.7,83,3.5,998.9,0,4.1
2020-05-22 01:00:00,4.1,83,5.9,999.5,1,3.7
2020-05-22 02:00:00,3.7,78,6.6,1000.2,2,4.5
2020-05-22 03:00:00,4.5,66,3.9,1000.8,3,3.4
2020-05-22 04:00:00,3.4,72,5.2,1000.4,4,3.7
2020-05-22 05:00:00,3.7,63,1.6,999.7,5,3.7
2020-05-22 06:00:00,3.7,68,2.9,999.5,6,3.5
2020-05-22 07:00:00,3.5,72,3.3,999.6,7,2.6
2020-05-22 08:00:00,2.6,65,4.1,1000.0,8,3.3
2020-05-22 09:00:00,3.3,78,5.1,1000.5,9,5.5
2020-05-22 10:00:00,5.5,79,4.1,1000.5,10,8.1
2020-05-22 11:00:00,8.1,67,5.1,1000.0,11,10.6
2020-05-22 12:00:00,10.6,53,8.7,999.5,12,12.6
2020-05-22 13:00:00,12.6,47,8.6,998.6,13,14.3
2020-05-22 14:00:00,14.3,45,8.4,997.6,14,15.0
2020-05-22 15:00:00,15.0,47,10.5,996.9,15,14.7
2020-05-22 16:00:00,14.7,52,12.4,997.0,16,13.1
2020-05-22 17:00:00,13.1,61,11.7,997.0,17,9.3
2020-05-22 18:00:00,9.3,71,8.6,996.4,18,7.7
2020-05-22 19:00:00,7.7,75,7.6,995.9,19,7.6
2020-05-22 20:00:00,7.6,71,7.9,995.9,20,5.6
2020-05-22 21:00:00,5.6,87,9.5,995.8,21,5.9
2020-05-22 22:00:00,5.9,88,6.9,996.1,22,5.3
2020-05-22 23:00:00,5.3,93,7.4,996.2,23,4.6
2020-05-23 00:00:00,4.6,96,6.6,996.1,0,4.5
2020-05-23 01:00:00,4.5,97,5.4,995.3,1,3.4
2020-05-23 02:00:00,3.4,100,3.3,994.5,2,3.2
2020-05-23 03:00:00,3.2,100,8.1,994.7,3,3.8
2020-05-23 04:00:00,3.8,100,6.6,995.0,4,2.7
2020-05-23 05:00:00,2.7,100,4.5,994.9,5,3.0
2020-05-23 06:00:00,3.0,100,6.7,994.5,6,2.7
2020-05-23 07:00:00,2.7,100,8.5,995.0,7,2.4
2020-05-23 08:00:00,2.4,100,6.4,996.2,8,2.7
2020-05-23 09:00:00,2.7,99,2.9,996.3,9,4.4
2020-05-23 10:00:00,4.4,91,1.5,996.2,10,7.2
2020-05-23 11:00:00,7.2,78,4.1,996.1,11,10.6
2020-05-23 12:00:00,10.6,64,8.9,996.0,12,12.9
2020-05-23 13:00:00,12.9,56,9.9,995.1,13,14.8
2020-05-23 14:00:00,14.8,47,12.1,995.0,14,15.0
2020-05-23 15:00:00,15.0,46,9.6,994.4,15,15.1
2020-05-23 16:00:00,15.1,46,11.9,994.3,16,13.3
2020-05-23 17:00:00,13.3,55,6.9,993.6,17,9.4
2020-05-23 18:00:00,9.4,66,10.2,993.7,18,7.6
2020-05-23 19:00:00,7.6,77,10.5,994.3,19,7.8
2020-05-23 20:00:00,7.8,77,9.5,994.1,20,7.8
2020-05-23 21:00:00,7.8,79,7.4,994.3,21,7.2
2020-05-23 22:00:00,7.2,83,8.5,994.2,22,6.3
2020-05-23 23:00:00,6.3,88,8.7,994.9,23,5.8
2020-05-24 00:00:00,5.8,92,7.9,995.2,0,5.8
2020-05-24 01:00:00,5.8,94,7.7,994.9,1,4.6
2020-05-24 02:00:00,4.6,100,8.0,994.4,2,4.9
2020-05-24 03:00:00,4.9,100,6.1,994.6,3,4.6
2020-05-24 04:00:00,4.6,100,5.4,994.4,4,5.1
2020-05-24 05:00:00,5.1,100,6.1,994.7,5,4.7
2020-05-24 06:00:00,4.7,100,5.4,994.9,6,4.2
2020-05-24 07:00:00,4.2,100,4.7,995.0,7,4.4
2020-05-24 08:00:00,4.4,100,6.4,995.6,8,5.2
2020-05-24 09:00:00,5.2,98,6.6,996.5,9,8.0
2020-05-24 10:00:00,8.0,87,6.1,996.9,10,11.8
2020-05-24 11:00:00,11.8,70,7.5,996.7,11,14.9
2020-05-24 12:00:00,14.9,60,10.8,996.4,12,17.3
2020-05-24 13:00:00,17.3,56,11.4,995.3,13,18.9
2020-05-24 14:00:00,18.9,57,14.2,994.8,14,19.6
2020-05-24 15:00:00,19.6,62,13.4,994.1,15,19.9
2020-05-24 16:00:00,19.9,67,12.6,993.7,16,18.6
2020-05-24 17:00:00,18.6,75,10.4,993.5,17,16.4
2020-05-24 18:00:00,16.4,86,10.7,993.2,18,15.6
2020-05-24 19:00:00,15.6,91,13.7,993.3,19,14.8
2020-05-24 20:00:00,14.8,94,11.5,993.1,20,14.4
2020-05-24 21:00:00,14.4,96,12.2,993.0,21,13.7
2020-05-24 22:00:00,13.7,98,9.7,993.2,22,13.0
2020-05-24 23:00:00,13.0,99,8.7,993.1,23,12.8
2020-05-25 00:00:00,12.8,100,8.7,993.2,0,12.9
2020-05-25 01:00:00,12.9,100,9.2,992.7,1,12.7
2020-05-25 02:00:00,12.7,100,9.5,992.3,2,12.0
2020-05-25 03:00:00,12.0,100,7.2,991.8,3,11.4
2020-05-25 04:00:00,11.4,100,5.6,991.1,4,10.9
2020-05-25 05:00:00,10.9,100,5.4,990.9,5,10.6
2020-05-25 06:00:00,10.6,100,5.9,990.6,6,10.2
2020-05-25 07:00:00,10.2,100,6.4,990.5,7,9.9
2020-05-25 08:00:00,9.9,100,8.2,990.7,8,10.1
2020-05-25 09:00:00,10.1,99,8.9,991.1,9,10.8
2020-05-25 10:00:00,10.8,97,7.4,991.0,10,12.6
2020-05-25 11:00:00,12.6,91,6.4,990.5,11,15.0
2020-05-25 12:00:00,15.0,81,7.4,990.1,12,17.7
2020-05-25 13:00:00,17.7,69,7.1,988.9,13,19.6
2020-05-25 14:00:00,19.6,61,7.8,988.4,14,20.5
2020-05-25 15:00:00,20.5,58,10.0,988.3,15,20.2
2020-05-25 16:00:00,20.2,59,10.1,988.1,16,18.2
2020-05-25 17:00:00,18.2,67,7.1,987.9,17,14.2
2020-05-25 18:00:00,14.2,79,9.3,987.7,18,12.5
2020-05-25 19:00:00,12.5,84,9.0,987.9,19,11.6
2020-05-25 20:00:00,11.6,86,9.4,987.9,20,11.9
2020-05-25 21:00:00,11.9,81,6.5,987.8,21,12.5
2020-05-25 22:00:00,12.5,78,4.1,988.3,22,11.6
2020-05-25 23:00:00,11.6,83,2.2,988.2,23,10.7
2020-05-26 00:00:00,10.7,91,1.4,988.0,0,10.1
2020-05-26 01:00:00,10.1,97,1.8,987.5,1,9.9
2020-05-26 02:00:00,9.9,100,1.9,987.0,2,9.5
2020-05-26 03:00:00,9.5,100,1.8,986.7,3,9.3
2020-05-26 04:00:00,9.3,100,2.6,986.1,4,9.4
2020-05-26 05:00:00,9.4,100,4.6,986.3,5,9.4
2020-05-26 06:00:00,9.4,100,5.4,986.4,6,9.4
2020-05-26 07:00:00,9.4,100,5.4,986.9,7,7.8
2020-05-26 08:00:00,7.8,100,2.1,987.5,8,8.8
2020-05-26 09:00:00,8.8,98,2.6,987.8,9,9.8
2020-05-26 10:00:00,9.8,98,3.4,988.0,10,11.4
2020-05-26 11:00:00,11.4,95,3.6,988.2,11,13.7
2020-05-26 12:00:00,13.7,86,3.3,988.2,12,16.2
2020-05-26 13:00:00,16.2,73,2.9,987.6,13,18.0
2020-05-26 14:00:00,18.0,63,2.6,987.4,14,19.1
2020-05-26 15:00:00,19.1,59,1.5,987.1,15,19.4
2020-05-26 16:00:00,19.4,58,3.2,987.7,16,16.9
2020-05-26 17:00:00,16.9,79,5.9,988.0,17,16.5
2020-05-26 18:00:00,16.5,72,3.6,988.4,18,14.2
2020-05-26 19:00:00,14.2,83,0.5,989.0,19,13.6
2020-05-26 20:00:00,13.6,88,4.9,989.4,20,12.8
2020-05-26 21:00:00,12.8,90,4.3,990.1,21,10.9
2020-05-26 22:00:00,10.9,95,4.7,990.1,22,9.4
2020-05-26 23:00:00,9.4,97,7.3,990.0,23,9.2
2020-05-27 00:00:00,9.2,98,6.7,990.0,0,10.8
2020-05-27 01:00:00,10.8,97,3.8,990.1,1,10.6
2020-05-27 02:00:00,10.6,100,1.0,990.0,2,10.4
2020-05-27 03:00:00,10.4,100,2.5,990.0,3,10.2
2020-05-27 04:00:00,10.2,99,2.9,989.6,4,10.2
2020-05-27 05:00:00,10.2,98,1.6,989.5,5,10.1
2020-05-27 06:00:00,10.1,99,2.7,989.3,6,10.1
2020-05-27 07:00:00,10.1,97,4.6,989.9,7,9.9
2020-05-27 08:00:00,9.9,99,1.9,991.0,8,10.4
2020-05-27 09:00:00,10.4,95,2.6,991.1,9,11.2
2020-05-27 10:00:00,11.2,92,3.4,991.8,10,11.9
2020-05-27 11:00:00,11.9,89,1.1,992.1,11,12.8
2020-05-27 12:00:00,12.8,85,0.8,991.9,12,13.8
2020-05-27 13:00:00,13.8,81,0.8,991.0,13,14.4
2020-05-27 14:00:00,14.4,79,3.1,990.0,14,14.9
2020-05-27 15:00:00,14.9,77,5.9,989.7,15,14.9
2020-05-27 16:00:00,14.9,77,7.6,989.4,16,14.2
2020-05-27 17:00:00,14.2,80,5.6,989.0,17,12.7
2020-05-27 18:00:00,12.7,89,6.8,989.0,18,12.3
2020-05-27 19:00:00,12.3,89,4.6,988.9,19,11.6
2020-05-27 20:00:00,11.6,93,5.6,989.5,20,10.9
2020-05-27 21:00:00,10.9,95,4.6,989.4,21,10.5
2020-05-27 22:00:00,10.5,98,4.8,988.5,22,10.4
2020-05-27 23:00:00,10.4,99,4.6,989.1,23,10.4
2020-05-28 00:00:00,10.4,99,4.1,989.3,0,10.1
2020-05-28 01:00:00,10.1,100,0.8,989.1,1,10.4
2020-05-28 02:00:00,10.4,98,4.2,988.9,2,10.2
2020-05-28 03:00:00,10.2,100,2.9,989.0,3,10.4
2020-05-28 04:00:00,10.4,99,5.0,989.6,4,10.4
2020-05-28 05:00:00,10.4,100,4.6,989.9,5,10.2
2020-05-28 06:00:00,10.2,100,4.1,990.3,6,9.6
2020-05-28 07:00:00,9.6,100,3.2,991.0,7,9.8
2020-05-28 08:00:00,9.8,99,1.1,992.0,8,11.1
2020-05-28 09:00:00,11.1,94,6.5,992.9,9,13.1
2020-05-28 10:00:00,13.1,85,8.6,993.7,10,14.7
2020-05-28 11:00:00,14.7,77,9.9,994.4,11,14.9
2020-05-28 12:00:00,14.9,74,9.2,994.2,12,15.0
2020-05-28 13:00:00,15.0,74,7.9,993.2,13,15.6
2020-05-28 14:00:00,15.6,71,6.5,992.4,14,15.4
2020-05-28 15:00:00,15.4,72,4.2,992.2,15,15.8
2020-05-28 16:00:00,15.8,70,3.9,992.4,16,14.1
2020-05-28 17:00:00,14.1,80,4.7,992.8,17,12.9
2020-05-28 18:00:00,12.9,88,4.6,993.3,18,12.2
2020-05-28 19:00:00,12.2,92,4.5,993.5,19,12.2
2020-05-28 20:00:00,12.2,90,7.2,994.0,20,11.2
2020-05-28 21:00:00,11.2,95,6.0,994.1,21,12.1
2020-05-28 22:00:00,12.1,90,3.3,993.5,22,10.9
2020-05-28 23:00:00,10.9,96,4.0,993.0,23,11.0
2020-05-29 00:00:00,11.0,96,8.4,993.4,0,10.1
2020-05-29 01:00:00,10.1,98,14.8,993.3,1,9.4
2020-05-29 02:00:00,9.4,96,12.4,992.6,2,9.1
2020-05-29 03:00:00,9.1,97,14.0,992.0,3,8.5
2020-05-29 04:00:00,8.5,96,17.3,992.0,4,8.0
2020-05-29 05:00:00,8.0,94,16.1,992.0,5,7.5
2020-05-29 06:00:00,7.5,92,14.0,992.1,6,7.3
2020-05-29 07:00:00,7.3,90,11.8,992.8,7,7.2
2020-05-29 08:00:00,7.2,87,13.9,993.9,8,6.9
2020-05-29 09:00:00,6.9,84,14.3,994.6,9,7.2
2020-05-29 10:00:00,7.2,83,13.7,995.6,10,7.2
2020-05-29 11:00:00,7.2,84,12.2,996.1,11,7.1
2020-05-29 12:00:00,7.1,85,11.4,996.4,12,7.3
2020-05-29 13:00:00,7.3,83,11.1,996.0,13,6.9
2020-05-29 14:00:00,6.9,84,9.8,995.7,14,7.1
2020-05-29 15:00:00,7.1,84,9.0,996.0,15,7.2
2020-05-29 16:00:00,7.2,84,6.5,996.2,16,7.3
2020-05-29 17:00:00,7.3,83,7.1,996.5,17,7.0
2020-05-29 18:00:00,7.0,84,9.0,996.9,18,6.6
2020-05-29 19:00:00,6.6,82,7.9,997.2,19,7.0
2020-05-29 20:00:00,7.0,82,9.3,997.2,20,7.3
2020-05-29 21:00:00,7.3,78,10.0,997.2,21,7.3
2020-05-29 22:00:00,7.3,75,10.4,997.4,22,7.1
2020-05-29 23:00:00,7.1,72,12.0,997.2,23,6.3
2020-05-30 00:00:00,6.3,75,11.6,997.2,0,5.8
2020-05-30 01:00:00,5.8,78,11.9,996.9,1,5.0
2020-05-30 02:00:00,5.0,82,11.8,996.4,2,4.3
2020-05-30 03:00:00,4.3,85,12.4,995.9,3,3.5
2020-05-30 04:00:00,3.5,90,12.3,995.5,4,2.9
2020-05-30 05:00:00,2.9,92,11.5,995.1,5,2.2
2020-05-30 06:00:00,2.2,94,10.7,994.8,6,1.4
2020-05-30 07:00:00,1.4,96,9.7,994.7,7,1.0
2020-05-30 08:00:00,1.0,96,9.9,995.3,8,1.6
2020-05-30 09:00:00,1.6,91,8.2,995.7,9,3.4
2020-05-30 10:00:00,3.4,83,7.6,996.1,10,5.9
2020-05-30 11:00:00,5.9,73,7.7,995.9,11,8.0
2020-05-30 12:00:00,8.0,65,9.3,995.4,12,9.9
2020-05-30 13:00:00,9.9,59,7.7,994.7,13,11.6
2020-05-30 14:00:00,11.6,57,7.8,994.0,14,12.3
2020-05-30 15:00:00,12.3,56,8.7,993.3,15,12.2
2020-05-30 16:00:00,12.2,57,10.3,993.2,16,10.8
2020-05-30 17:00:00,10.8,61,8.1,993.1,17,7.5
2020-05-30 18:00:00,7.5,74,8.9,992.9,18,6.7
2020-05-30 19:00:00,6.7,75,9.0,992.8,19,6.4
2020-05-30 20:00:00,6.4,76,7.7,993.2,20,5.5
2020-05-30 21:00:00,5.5,79,8.6,993.6,21,5.5
2020-05-30 22:00:00,5.5,76,7.1,993.9,22,5.1
2020-05-30 23:00:00,5.1,80,8.1,994.0,23,5.4
2020-05-31 00:00:00,5.4,73,5.4,994.2,0,4.1
2020-05-31 01:00:00,4.1,84,5.9,994.1,1,4.1
2020-05-31 02:00:00,4.1,85,6.4,994.1,2,3.7
2020-05-31 03:00:00,3.7,92,6.6,994.2,3,3.6
2020-05-31 04:00:00,3.6,95,6.5,994.1,4,3.8
2020-05-31 05:00:00,3.8,96,2.9,993.6,5,3.7
2020-05-31 06:00:00,3.7,97,2.4,993.3,6,3.3
2020-05-31 07:00:00,3.3,100,4.2,993.8,7,3.5
2020-05-31 08:00:00,3.5,100,4.0,994.7,8,4.7
2020-05-31 09:00:00,4.7,97,1.8,995.1,9,8.5
2020-05-31 10:00:00,8.5,84,0.7,995.5,10,11.9
2020-05-31 11:00:00,11.9,78,2.6,995.9,11,14.9
2020-05-31 12:00:00,14.9,73,1.3,995.7,12,16.8
2020-05-31 13:00:00,16.8,68,1.3,995.0,13,17.9
2020-05-31 14:00:00,17.9,65,1.5,994.5,14,18.3
2020-05-31 15:00:00,18.3,64,2.7,994.0,15,18.1
2020-05-31 16:00:00,18.1,66,4.7,994.3,16,16.3
2020-05-31 17:00:00,16.3,77,5.8,994.3,17,13.4
2020-05-31 18:00:00,13.4,87,6.8,994.4,18,11.4
2020-05-31 19:00:00,11.4,93,8.8,994.6,19,10.6
2020-05-31 20:00:00,10.6,93,8.7,994.5,20,10.4
2020-05-31 21:00:00,10.4,94,6.5,994.6,21,9.2
2020-05-31 22:00:00,9.2,96,8.0,994.8,22,8.6
2020-05-31 23:00:00,8.6,97,8.3,994.9,23,8.0
2020-06-01 00:00:00,8.0,98,8.5,995.1,0,7.8
2020-06-01 01:00:00,7.8,98,6.9,995.5,1,7.1
2020-06-01 02:00:00,7.1,99,6.4,995.5,2,6.4
2020-06-01 03:00:00,6.4,100,5.8,995.8,3,6.8
2020-06-01 04:00:00,6.8,100,3.8,995.9,4,7.1
2020-06-01 05:00:00,7.1,100,3.0,995.9,5,7.1
2020-06-01 06:00:00,7.1,100,2.6,995.9,6,7.1
2020-06-01 07:00:00,7.1,100,2.2,996.4,7,6.4
2020-06-01 08:00:00,6.4,100,1.5,997.7,8,7.2
2020-06-01 09:00:00,7.2,98,2.3,998.2,9,8.9
2020-06-01 10:00:00,8.9,96,3.1,998.9,10,11.4
2020-06-01 11:00:00,11.4,88,5.1,999.2,11,13.6
2020-06-01 12:00:00,13.6,83,4.1,998.9,12,15.5
2020-06-01 13:00:00,15.5,75,3.4,998.3,13,16.5
2020-06-01 14:00:00,16.5,71,0.8,997.9,14,17.0
2020-06-01 15:00:00,17.0,68,3.1,997.6,15,16.8
2020-06-01 16:00:00,16.8,70,6.2,997.3,16,15.3
2020-06-01 17:00:00,15.3,82,4.7,997.4,17,14.1
2020-06-01 18:00:00,14.1,81,6.2,997.6,18,12.6
2020-06-01 19:00:00,12.6,87,6.1,997.5,19,12.9
2020-06-01 20:00:00,12.9,88,2.1,997.9,20,10.4
2020-06-01 21:00:00,10.4,96,6.4,997.9,21,11.4
2020-06-01 22:00:00,11.4,92,4.6,998.1,22,11.2
2020-06-01 23:00:00,11.2,92,3.3,997.9,23,9.4
2020-06-02 00:00:00,9.4,97,5.4,997.5,0,9.1
2020-06-02 01:00:00,9.1,98,5.7,996.7,1,9.4
2020-06-02 02:00:00,9.4,99,4.5,996.6,2,8.4
2020-06-02 03:00:00,8.4,100,6.1,996.3,3,8.6
2020-06-02 04:00:00,8.6,100,6.3,995.6,4,8.4
2020-06-02 05:00:00,8.4,100,5.5,995.1,5,8.4
2020-06-02 06:00:00,8.4,100,5.0,994.7,6,8.4
2020-06-02 07:00:00,8.4,99,6.6,994.7,7,7.9
2020-06-02 08:00:00,7.9,98,8.1,995.5,8,8.1
2020-06-02 09:00:00,8.1,95,7.3,995.4,9,9.1
2020-06-02 10:00:00,9.1,90,3.4,995.2,10,9.9
2020-06-02 11:00:00,9.9,88,5.6,994.9,11,10.2
2020-06-02 12:00:00,10.2,84,7.7,994.5,12,10.6
2020-06-02 13:00:00,10.6,82,5.2,993.8,13,11.0
2020-06-02 14:00:00,11.0,82,1.6,992.8,14,11.2
2020-06-02 15:00:00,11.2,83,4.6,992.1,15,11.4
2020-06-02 16:00:00,11.4,83,4.2,991.8,16,11.1
2020-06-02 17:00:00,11.1,91,1.5,991.5,17,10.4
2020-06-02 18:00:00,10.4,94,5.4,991.1,18,9.9
2020-06-02 19:00:00,9.9,96,8.7,990.8,19,9.6
2020-06-02 20:00:00,9.6,94,6.0,990.4,20,9.9
2020-06-02 21:00:00,9.9,94,3.7,990.1,21,9.9
2020-06-02 22:00:00,9.9,95,1.3,990.2,22,9.8
2020-06-02 23:00:00,9.8,97,1.5,990.5,23,9.8
2020-06-03 00:00:00,9.8,97,4.0,990.8,0,9.4
2020-06-03 01:00:00,9.4,96,4.8,990.5,1,8.6
2020-06-03 02:00:00,8.6,97,3.9,990.0,2,8.8
2020-06-03 03:00:00,8.8,96,3.6,990.1,3,8.6
2020-06-03 04:00:00,8.6,98,2.1,989.5,4,8.2
2020-06-03 05:00:00,8.2,99,2.5,989.7,5,8.1
2020-06-03 06:00:00,8.1,100,1.1,989.8,6,7.5
2020-06-03 07:00:00,7.5,100,6.2,990.8,7,6.6
2020-06-03 08:00:00,6.6,100,3.8,991.8,8,7.8
2020-06-03 09:00:00,7.8,98,2.3,993.2,9,9.1
2020-06-03 10:00:00,9.1,94,4.7,994.4,10,10.0
2020-06-03 11:00:00,10.0,89,2.6,995.0,11,10.9
2020-06-03 12:00:00,10.9,83,1.5,995.2,12,12.6
2020-06-03 13:00:00,12.6,73,1.8,994.7,13,13.8
2020-06-03 14:00:00,13.8,64,5.1,994.4,14,14.0
2020-06-03 15:00:00,14.0,61,8.9,994.6,15,13.2
2020-06-03 16:00:00,13.2,61,9.0,995.0,16,12.8
2020-06-03 17:00:00,12.8,66,3.6,995.6,17,11.7
2020-06-03 18:00:00,11.7,73,4.8,995.7,18,10.6
2020-06-03 19:00:00,10.6,74,5.1,995.6,19,8.6
2020-06-03 20:00:00,8.6,85,7.2,995.2,20,8.4
2020-06-03 21:00:00,8.4,85,6.9,995.4,21,8.5
2020-06-03 22:00:00,8.5,86,4.6,995.6,22,8.1
2020-06-03 23:00:00,8.1,89,3.3,995.7,23,7.7
2020-06-04 00:00:00,7.7,91,3.6,995.6,0,6.2
2020-06-04 01:00:00,6.2,96,6.0,995.4,1,5.4
2020-06-04 02:00:00,5.4,98,8.0,995.2,2,6.7
2020-06-04 03:00:00,6.7,94,3.4,995.1,3,5.0
2020-06-04 04:00:00,5.0,97,4.7,994.9,4,5.0
2020-06-04 05:00:00,5.0,98,5.1,995.2,5,3.9
2020-06-04 06:00:00,3.9,99,6.9,995.8,6,4.0
2020-06-04 07:00:00,4.0,98,5.9,996.3,7,4.3
2020-06-04 08:00:00,4.3,98,7.8,996.5,8,7.3
2020-06-04 09:00:00,7.3,89,5.2,997.6,9,9.9
2020-06-04 10:00:00,9.9,77,5.8,998.5,10,11.4
2020-06-04 11:00:00,11.4,72,4.8,998.7,11,12.6
2020-06-04 12:00:00,12.6,67,5.0,998.1,12,13.2
2020-06-04 13:00:00,13.2,65,4.9,997.2,13,14.1
2020-06-04 14:00:00,14.1,60,5.2,996.3,14,14.1
2020-06-04 15:00:00,14.1,59,2.9,996.1,15,13.9
2020-06-04 16:00:00,13.9,58,0.5,996.2,16,12.6
2020-06-04 17:00:00,12.6,72,4.0,996.5,17,10.2
2020-06-04 18:00:00,10.2,79,6.9,996.6,18,9.1
2020-06-04 19:00:00,9.1,81,7.9,996.8,19,8.6
2020-06-04 20:00:00,8.6,81,7.1,997.6,20,8.4
2020-06-04 21:00:00,8.4,82,1.9,997.9,21,7.6
2020-06-04 22:00:00,7.6,86,0.4,998.6,22,6.2
2020-06-04 23:00:00,6.2,90,2.9,998.8,23,6.8
2020-06-05 00:00:00,6.8,87,3.1,998.9,0,4.9
2020-06-05 01:00:00,4.9,93,4.0,998.6,1,3.5
2020-06-05 02:00:00,3.5,97,6.7,998.2,2,3.1
2020-06-05 03:00:00,3.1,98,5.7,997.6,3,2.0
2020-06-05 04:00:00,2.0,99,5.8,996.7,4,3.2
2020-06-05 05:00:00,3.2,97,3.7,996.7,5,2.2
2020-06-05 06:00:00,2.2,93,4.7,996.7,6,2.8
2020-06-05 07:00:00,2.8,78,6.8,997.2,7,2.0
2020-06-05 08:00:00,2.0,80,3.7,997.6,8,3.8
2020-06-05 09:00:00,3.8,82,3.9,997.6,9,7.3
2020-06-05 10:00:00,7.3,76,2.1,997.8,10,10.4
2020-06-05 11:00:00,10.4,69,2.1,997.9,11,12.6
2020-06-05 12:00:00,12.6,64,3.8,997.2,12,13.9
2020-06-05 13:00:00,13.9,60,5.0,995.9,13,14.6
2020-06-05 14:00:00,14.6,57,6.1,995.3,14,14.8
2020-06-05 15:00:00,14.8,57,5.5,994.6,15,14.6
2020-06-05 16:00:00,14.6,58,5.1,994.2,16,12.2
2020-06-05 17:00:00,12.2,80,6.8,993.9,17,10.4
2020-06-05 18:00:00,10.4,76,7.6,993.9,18,8.4
2020-06-05 19:00:00,8.4,83,8.4,993.9,19,9.4
2020-06-05 20:00:00,9.4,81,6.2,994.0,20,8.8
2020-06-05 21:00:00,8.8,84,5.6,993.9,21,8.1
2020-06-05 22:00:00,8.1,88,5.1,994.2,22,7.3
2020-06-05 23:00:00,7.3,91,5.1,994.2,23,6.8
2020-06-06 00:00:00,6.8,94,2.5,993.3,0,6.2
2020-06-06 01:00:00,6.2,98,2.6,992.5,1,5.7
2020-06-06 02:00:00,5.7,99,3.1,991.5,2,4.9
2020-06-06 03:00:00,4.9,90,4.1,990.9,3,5.0
2020-06-06 04:00:00,5.0,85,3.8,990.2,4,4.4
2020-06-06 05:00:00,4.4,87,3.1,989.3,5,3.8
2020-06-06 06:00:00,3.8,100,3.7,989.3,6,2.8
2020-06-06 07:00:00,2.8,99,3.6,990.1,7,2.5
2020-06-06 08:00:00,2.5,100,5.4,991.4,8,3.3
2020-06-06 09:00:00,3.3,98,4.9,992.1,9,6.0
2020-06-06 10:00:00,6.0,97,4.4,993.5,10,7.9
2020-06-06 11:00:00,7.9,92,2.5,994.2,11,10.2
2020-06-06 12:00:00,10.2,84,0.0,994.4,12,12.1
2020-06-06 13:00:00,12.1,78,0.4,993.7,13,13.4
2020-06-06 14:00:00,13.4,72,0.7,993.4,14,14.2
2020-06-06 15:00:00,14.2,65,0.4,993.4,15,14.0
2020-06-06 16:00:00,14.0,66,4.4,993.6,16,11.9
2020-06-06 17:00:00,11.9,83,6.3,993.9,17,9.4
2020-06-06 18:00:00,9.4,84,8.6,994.0,18,7.8
2020-06-06 19:00:00,7.8,89,8.8,993.8,19,8.6
2020-06-06 20:00:00,8.6,87,4.8,993.8,20,6.8
2020-06-06 21:00:00,6.8,92,5.8,993.8,21,7.2
2020-06-06 22:00:00,7.2,94,3.0,994.0,22,6.8
2020-06-06 23:00:00,6.8,96,1.5,994.2,23,6.4
2020-06-07 00:00:00,6.4,98,0.5,994.2,0,5.8
2020-06-07 01:00:00,5.8,100,4.0,994.0,1,5.2
2020-06-07 02:00:00,5.2,100,1.9,993.9,2,4.7
2020-06-07 03:00:00,4.7,100,3.1,993.5,3,2.6
2020-06-07 04:00:00,2.6,100,3.2,993.2,4,2.5
2020-06-07 05:00:00,2.5,100,4.8,993.3,5,2.7
2020-06-07 06:00:00,2.7,100,4.7,993.5,6,2.9
2020-06-07 07:00:00,2.9,100,5.4,994.1,7,0.9
2020-06-07 08:00:00,0.9,100,5.4,994.1,8,3.0
2020-06-07 09:00:00,3.0,98,3.3,994.6,9,5.8
2020-06-07 10:00:00,5.8,95,1.8,995.3,10,8.5
2020-06-07 11:00:00,8.5,88,0.5,995.7,11,11.7
2020-06-07 12:00:00,11.7,75,1.4,995.7,12,13.6
2020-06-07 13:00:00,13.6,63,2.9,995.4,13,14.5
2020-06-07 14:00:00,14.5,59,2.8,995.0,14,14.9
2020-06-07 15:00:00,14.9,58,1.5,994.7,15,14.8
2020-06-07 16:00:00,14.8,59,5.2,994.8,16,12.9
2020-06-07 17:00:00,12.9,74,5.5,994.8,17,9.2
2020-06-07 18:00:00,9.2,86,9.3,994.9,18,8.9
2020-06-07 19:00:00,8.9,84,6.6,995.0,19,7.8
2020-06-07 20:00:00,7.8,88,6.7,995.4,20,7.3
2020-06-07 21:00:00,7.3,91,7.4,995.3,21,8.1
2020-06-07 22:00:00,8.1,92,2.2,996.1,22,7.6
2020-06-07 23:00:00,7.6,94,0.5,996.2,23,5.4
2020-06-08 00:00:00,5.4,99,4.3,996.3,0,5.2
2020-06-08 01:00:00,5.2,100,5.7,996.3,1,5.6
2020-06-08 02:00:00,5.6,100,4.9,996.3,2,6.5
2020-06-08 03:00:00,6.5,99,4.0,996.2,3,5.9
2020-06-08 04:00:00,5.9,100,4.7,996.1,4,6.9
2020-06-08 05:00:00,6.9,100,4.6,996.3,5,7.2
2020-06-08 06:00:00,7.2,99,3.8,996.9,6,7.4
2020-06-08 07:00:00,7.4,97,2.7,998.0,7,6.6
2020-06-08 08:00:00,6.6,98,3.1,998.3,8,6.8
2020-06-08 09:00:00,6.8,97,1.5,998.7,9,8.1
2020-06-08 10:00:00,8.1,93,3.3,998.6,10,10.1
2020-06-08 11:00:00,10.1,87,3.3,998.5,11,11.2
2020-06-08 12:00:00,11.2,83,2.3,998.3,12,12.6
2020-06-08 13:00:00,12.6,72,2.9,997.9,13,13.6
2020-06-08 14:00:00,13.6,61,4.3,997.5,14,13.9
2020-06-08 15:00:00,13.9,56,5.6,996.9,15,13.4
2020-06-08 16:00:00,13.4,59,4.6,996.8,16,11.4
2020-06-08 17:00:00,11.4,72,5.8,996.7,17,9.4
2020-06-08 18:00:00,9.4,75,7.8,996.8,18,8.2
2020-06-08 19:00:00,8.2,78,8.3,996.9,19,7.6
2020-06-08 20:00:00,7.6,79,8.7,996.9,20,7.2
2020-06-08 21:00:00,7.2,83,8.9,996.8,21,6.7
2020-06-08 22:00:00,6.7,84,8.7,996.8,22,6.1
2020-06-08 23:00:00,6.1,88,7.7,996.2,23,6.2
2020-06-09 00:00:00,6.2,87,5.9,995.8,0,5.6
2020-06-09 01:00:00,5.6,90,6.4,995.5,1,4.4
2020-06-09 02:00:00,4.4,92,9.2,995.0,2,3.8
2020-06-09 03:00:00,3.8,93,9.3,994.6,3,3.6
2020-06-09 04:00:00,3.6,93,8.0,994.2,4,2.8
2020-06-09 05:00:00,2.8,95,9.7,994.1,5,3.0
2020-06-09 06:00:00,3.0,94,8.7,994.1,6,3.3
2020-06-09 07:00:00,3.3,94,7.9,994.3,7,4.3
2020-06-09 08:00:00,4.3,95,3.9,994.7,8,4.8
2020-06-09 09:00:00,4.8,95,2.2,994.9,9,7.7
2020-06-09 10:00:00,7.7,84,3.5,995.2,10,10.2
2020-06-09 11:00:00,10.2,77,7.4,994.9,11,12.2
2020-06-09 12:00:00,12.2,71,10.5,994.4,12,13.3
2020-06-09 13:00:00,13.3,67,13.4,993.8,13,13.6
2020-06-09 14:00:00,13.6,65,13.8,993.2,14,13.5
2020-06-09 15:00:00,13.5,65,13.5,992.9,15,13.1
2020-06-09 16:00:00,13.1,67,12.2,992.8,16,11.8
2020-06-09 17:00:00,11.8,72,9.2,992.7,17,8.6
2020-06-09 18:00:00,8.6,85,7.6,992.7,18,7.8
2020-06-09 19:00:00,7.8,87,7.7,993.0,19,7.3
2020-06-09 20:00:00,7.3,84,8.2,993.1,20,5.5
2020-06-09 21:00:00,5.5,89,9.0,993.0,21,4.3
2020-06-09 22:00:00,4.3,91,10.7,993.1,22,3.8
2020-06-09 23:00:00,3.8,92,10.1,993.2,23,4.2
2020-06-10 00:00:00,4.2,90,8.1,993.3,0,5.6
2020-06-10 01:00:00,5.6,85,4.6,993.3,1,5.2
2020-06-10 02:00:00,5.2,86,4.7,993.3,2,4.6
2020-06-10 03:00:00,4.6,88,5.4,993.1,3,4.1
2020-06-10 04:00:00,4.1,92,3.6,993.0,4,3.5
2020-06-10 05:00:00,3.5,94,3.1,992.8,5,3.2
2020-06-10 06:00:00,3.2,95,1.0,993.0,6,2.7
2020-06-10 07:00:00,2.7,97,1.5,993.2,7,2.2
2020-06-10 08:00:00,2.2,100,1.3,993.4,8,2.6
2020-06-10 09:00:00,2.6,99,1.5,993.5,9,5.2
2020-06-10 10:00:00,5.2,93,1.4,993.8,10,8.1
2020-06-10 11:00:00,8.1,80,1.6,994.0,11,10.6
2020-06-10 12:00:00,10.6,67,3.4,993.6,12,12.3
2020-06-10 13:00:00,12.3,58,5.1,992.8,13,13.2
2020-06-10 14:00:00,13.2,55,4.6,992.1,14,13.7
2020-06-10 15:00:00,13.7,53,4.1,991.6,15,13.6
2020-06-10 16:00:00,13.6,52,4.4,991.5,16,11.4
2020-06-10 17:00:00,11.4,69,7.1,991.6,17,10.6
2020-06-10 18:00:00,10.6,62,6.9,991.6,18,10.9
2020-06-10 19:00:00,10.9,58,2.9,991.7,19,9.6
2020-06-10 20:00:00,9.6,65,3.1,991.3,20,8.7
2020-06-10 21:00:00,8.7,69,1.6,991.1,21,7.8
2020-06-10 22:00:00,7.8,72,3.7,991.1,22,6.8
2020-06-10 23:00:00,6.8,76,4.4,990.9,23,6.3
2020-06-11 00:00:00,6.3,79,1.6,990.8,0,4.6
2020-06-11 01:00:00,4.6,86,4.1,990.4,1,3.2
2020-06-11 02:00:00,3.2,90,6.6,990.3,2,3.0
2020-06-11 03:00:00,3.0,91,7.4,990.1,3,4.0
2020-06-11 04:00:00,4.0,91,5.2,990.1,4,5.0
2020-06-11 05:00:00,5.0,88,7.2,990.3,5,5.2
2020-06-11 06:00:00,5.2,88,8.0,990.4,6,5.7
2020-06-11 07:00:00,5.7,88,8.3,991.0,7,5.5
2020-06-11 08:00:00,5.5,89,8.2,991.8,8,5.8
2020-06-11 09:00:00,5.8,85,10.5,992.3,9,6.8
2020-06-11 10:00:00,6.8,79,14.6,992.6,10,7.9
2020-06-11 11:00:00,7.9,74,11.4,993.1,11,8.8
2020-06-11 12:00:00,8.8,72,12.5,992.7,12,9.6
2020-06-11 13:00:00,9.6,72,15.6,992.0,13,10.5
2020-06-11 14:00:00,10.5,73,15.1,991.5,14,9.8
2020-06-11 15:00:00,9.8,65,17.6,990.9,15,9.7
2020-06-11 16:00:00,9.7,65,15.7,990.5,16,9.7
2020-06-11 17:00:00,9.7,65,21.5,990.4,17,9.1
2020-06-11 18:00:00,9.1,76,23.6,989.9,18,9.1
2020-06-11 19:00:00,9.1,81,22.0,990.2,19,9.3
2020-06-11 20:00:00,9.3,79,24.4,989.8,20,9.2
2020-06-11 21:00:00,9.2,82,25.7,989.8,21,9.1
2020-06-11 22:00:00,9.1,82,19.2,990.0,22,8.6
2020-06-11 23:00:00,8.6,88,4.0,991.4,23,8.4
2020-06-12 00:00:00,8.4,91,10.6,992.4,0,7.9
2020-06-12 01:00:00,7.9,91,11.7,992.9,1,7.8
2020-06-12 02:00:00,7.8,90,16.9,992.7,2,7.6
2020-06-12 03:00:00,7.6,89,18.8,992.9,3,7.3
2020-06-12 04:00:00,7.3,85,17.6,993.3,4,7.2
2020-06-12 05:00:00,7.2,88,13.0,993.4,5,7.2
2020-06-12 06:00:00,7.2,90,9.9,993.9,6,6.9
2020-06-12 07:00:00,6.9,91,9.0,994.8,7,6.9
2020-06-12 08:00:00,6.9,90,6.0,995.5,8,7.9
2020-06-12 09:00:00,7.9,84,7.4,996.3,9,9.4
2020-06-12 10:00:00,9.4,84,8.4,997.5,10,10.1
2020-06-12 11:00:00,10.1,81,9.1,998.3,11,10.8
2020-06-12 12:00:00,10.8,80,10.9,998.8,12,11.4
2020-06-12 13:00:00,11.4,77,10.9,998.6,13,11.4
2020-06-12 14:00:00,11.4,76,13.0,998.6,14,11.1
2020-06-12 15:00:00,11.1,79,9.5,999.2,15,11.4
2020-06-12 16:00:00,11.4,79,6.8,999.8,16,10.1
2020-06-12 17:00:00,10.1,90,4.0,1000.6,17,9.1
2020-06-12 18:00:00,9.1,89,4.6,1001.4,18,7.9
2020-06-12 19:00:00,7.9,94,5.2,1001.8,19,8.2
2020-06-12 20:00:00,8.2,96,6.5,1002.0,20,7.3
2020-06-12 21:00:00,7.3,97,6.0,1002.0,21,6.0
2020-06-12 22:00:00,6.0,97,7.2,1001.7,22,5.2
2020-06-12 23:00:00,5.2,97,8.1,1001.7,23,5.4
2020-06-13 00:00:00,5.4,95,7.4,1001.2,0,4.7
2020-06-13 01:00:00,4.7,96,7.9,1000.7,1,3.5
2020-06-13 02:00:00,3.5,96,7.5,1000.6,2,3.5
2020-06-13 03:00:00,3.5,95,6.6,1000.1,3,3.6
2020-06-13 04:00:00,3.6,98,7.9,999.7,4,3.5
2020-06-13 05:00:00,3.5,100,5.6,998.4,5,3.3
2020-06-13 06:00:00,3.3,100,9.2,998.4,6,3.0
2020-06-13 07:00:00,3.0,100,8.1,998.0,7,2.5
2020-06-13 08:00:00,2.5,100,5.7,998.4,8,2.5
2020-06-13 09:00:00,2.5,99,4.9,998.4,9,3.5
2020-06-13 10:00:00,3.5,98,4.6,998.6,10,5.4
2020-06-13 11:00:00,5.4,89,5.9,997.9,11,8.1
2020-06-13 12:00:00,8.1,79,7.7,997.0,12,10.2
2020-06-13 13:00:00,10.2,69,8.4,995.6,13,11.6
2020-06-13 14:00:00,11.6,65,11.6,994.5,14,12.1
2020-06-13 15:00:00,12.1,63,11.9,993.6,15,12.1
2020-06-13 16:00:00,12.1,67,11.5,993.0,16,10.4
2020-06-13 17:00:00,10.4,77,8.2,992.7,17,7.3
2020-06-13 18:00:00,7.3,84,7.9,992.3,18,6.2
2020-06-13 19:00:00,6.2,84,7.1,992.0,19,5.2
2020-06-13 20:00:00,5.2,88,8.2,992.2,20,5.6
2020-06-13 21:00:00,5.6,94,6.6,992.0,21,5.4
2020-06-13 22:00:00,5.4,100,7.9,992.1,22,5.0
2020-06-13 23:00:00,5.0,100,6.1,991.8,23,4.7
2020-06-14 00:00:00,4.7,100,5.5,990.9,0,4.0
2020-06-14 01:00:00,4.0,100,8.4,990.5,1,3.5
2020-06-14 02:00:00,3.5,100,10.5,990.0,2,2.8
2020-06-14 03:00:00,2.8,100,10.4,989.6,3,2.5
2020-06-14 04:00:00,2.5,100,8.2,988.7,4,2.1
2020-06-14 05:00:00,2.1,100,7.4,988.0,5,1.9
2020-06-14 06:00:00,1.9,100,6.6,987.3,6,1.5
2020-06-14 07:00:00,1.5,100,7.1,986.9,7,0.6
2020-06-14 08:00:00,0.6,100,8.3,987.4,8,1.3
2020-06-14 09:00:00,1.3,99,8.4,987.8,9,2.6
2020-06-14 10:00:00,2.6,97,6.9,988.0,10,4.9
2020-06-14 11:00:00,4.9,88,6.6,987.5,11,7.8
2020-06-14 12:00:00,7.8,77,4.3,986.9,12,10.4
2020-06-14 13:00:00,10.4,71,0.0,986.1,13,12.6
2020-06-14 14:00:00,12.6,66,4.2,985.2,14,14.4
2020-06-14 15:00:00,14.4,61,5.1,984.7,15,15.4
2020-06-14 16:00:00,15.4,58,2.3,985.4,16,12.2
2020-06-14 17:00:00,12.2,81,5.8,985.9,17,9.9
2020-06-14 18:00:00,9.9,82,9.2,986.3,18,10.0
2020-06-14 19:00:00,10.0,74,11.3,987.2,19,8.6
2020-06-14 20:00:00,8.6,83,11.6,987.6,20,7.5
2020-06-14 21:00:00,7.5,89,10.4,987.6,21,6.9
2020-06-14 22:00:00,6.9,96,10.2,987.4,22,7.4
2020-06-14 23:00:00,7.4,98,7.9,987.9,23,8.1
2020-06-15 00:00:00,8.1,99,8.3,988.7,0,8.1
2020-06-15 01:00:00,8.1,98,9.4,989.2,1,8.8
2020-06-15 02:00:00,8.8,96,9.6,989.0,2,9.2
2020-06-15 03:00:00,9.2,94,11.4,988.8,3,9.7
2020-06-15 04:00:00,9.7,93,15.3,988.1,4,9.6
2020-06-15 05:00:00,9.6,91,13.7,987.5,5,7.3
2020-06-15 06:00:00,7.3,96,5.4,986.7,6,6.5
2020-06-15 07:00:00,6.5,94,5.7,986.8,7,6.5
2020-06-15 08:00:00,6.5,86,6.8,988.0,8,9.6
2020-06-15 09:00:00,9.6,82,13.9,988.8,9,11.3
2020-06-15 10:00:00,11.3,82,13.3,989.2,10,12.3
2020-06-15 11:00:00,12.3,79,20.6,989.3,11,13.2
2020-06-15 12:00:00,13.2,77,23.2,989.4,12,13.9
2020-06-15 13:00:00,13.9,73,24.6,989.5,13,14.3
2020-06-15 14:00:00,14.3,71,23.4,989.7,14,13.6
2020-06-15 15:00:00,13.6,76,21.7,989.9,15,13.4
2020-06-15 16:00:00,13.4,77,25.6,990.3,16,13.0
2020-06-15 17:00:00,13.0,79,23.5,990.7,17,12.2
2020-06-15 18:00:00,12.2,80,23.2,990.8,18,11.9
2020-06-15 19:00:00,11.9,80,20.1,990.6,19,11.0
2020-06-15 20:00:00,11.0,86,10.6,990.5,20,11.3
2020-06-15 21:00:00,11.3,85,12.3,990.7,21,10.8
2020-06-15 22:00:00,10.8,88,9.7,991.4,22,10.8
2020-06-15 23:00:00,10.8,88,8.2,991.6,23,10.4
2020-06-16 00:00:00,10.4,89,9.2,990.6,0,10.0
2020-06-16 01:00:00,10.0,93,5.5,990.0,1,9.9
2020-06-16 02:00:00,9.9,92,5.5,989.6,2,9.9
2020-06-16 03:00:00,9.9,91,7.7,989.4,3,9.8
2020-06-16 04:00:00,9.8,93,7.4,989.0,4,9.6
2020-06-16 05:00:00,9.6,93,7.1,988.3,5,9.6
2020-06-16 06:00:00,9.6,94,5.0,988.4,6,9.6
2020-06-16 07:00:00,9.6,91,6.1,988.4,7,8.8
2020-06-16 08:00:00,8.8,92,8.8,988.6,8,9.9
2020-06-16 09:00:00,9.9,89,9.4,988.8,9,11.1
2020-06-16 10:00:00,11.1,87,8.4,989.5,10,12.6
2020-06-16 11:00:00,12.6,81,6.6,989.7,11,13.2
2020-06-16 12:00:00,13.2,80,8.1,989.3,12,13.8
2020-06-16 13:00:00,13.8,73,11.8,989.0,13,13.3
2020-06-16 14:00:00,13.3,78,9.8,988.3,14,13.0
2020-06-16 15:00:00,13.0,81,8.4,987.6,15,12.1
2020-06-16 16:00:00,12.1,88,6.4,987.4,16,11.6
2020-06-16 17:00:00,11.6,90,6.4,987.3,17,10.9
2020-06-16 18:00:00,10.9,93,3.9,987.3,18,10.2
2020-06-16 19:00:00,10.2,95,4.1,987.0,19,11.1
2020-06-16 20:00:00,11.1,90,1.8,986.9,20,9.9
2020-06-16 21:00:00,9.9,95,3.3,986.1,21,9.7
2020-06-16 22:00:00,9.7,96,4.7,985.6,22,8.8
2020-06-16 23:00:00,8.8,100,0.8,985.4,23,9.3
2020-06-17 00:00:00,9.3,97,8.9,986.4,0,10.2
2020-06-17 01:00:00,10.2,93,10.9,987.3,1,10.4
2020-06-17 02:00:00,10.4,92,9.5,986.9,2,10.1
2020-06-17 03:00:00,10.1,93,9.9,986.8,3,9.9
2020-06-17 04:00:00,9.9,92,7.5,986.1,4,9.6
2020-06-17 05:00:00,9.6,92,4.3,985.8,5,10.0
2020-06-17 06:00:00,10.0,91,9.3,986.5,6,10.7
2020-06-17 07:00:00,10.7,85,20.2,987.0,7,10.4
2020-06-17 08:00:00,10.4,89,12.1,987.3,8,11.0
2020-06-17 09:00:00,11.0,83,18.8,988.0,9,10.9
2020-06-17 10:00:00,10.9,86,17.7,989.3,10,10.9
2020-06-17 11:00:00,10.9,84,13.6,990.0,11,11.1
2020-06-17 12:00:00,11.1,85,12.7,990.2,12,11.4
2020-06-17 13:00:00,11.4,86,15.9,990.8,13,11.4
2020-06-17 14:00:00,11.4,86,18.8,991.4,14,10.9
2020-06-17 15:00:00,10.9,89,19.1,992.2,15,10.9
2020-06-17 16:00:00,10.9,87,16.4,993.4,16,10.3
2020-06-17 17:00:00,10.3,91,16.7,994.8,17,10.1
2020-06-17 18:00:00,10.1,93,14.3,996.0,18,9.9
2020-06-17 19:00:00,9.9,91,15.5,996.7,19,9.7
2020-06-17 20:00:00,9.7,87,14.6,997.3,20,9.6
2020-06-17 21:00:00,9.6,87,12.3,997.9,21,9.0
2020-06-17 22:00:00,9.0,88,7.0,997.6,22,8.5
2020-06-17 23:00:00,8.5,87,6.9,996.9,23,7.9
2020-06-18 00:00:00,7.9,87,6.6,996.3,0,8.3
2020-06-18 01:00:00,8.3,84,6.4,995.2,1,8.4
2020-06-18 02:00:00,8.4,83,5.5,994.5,2,8.2
2020-06-18 03:00:00,8.2,84,5.1,993.9,3,8.5
2020-06-18 04:00:00,8.5,82,5.1,994.1,4,8.8
2020-06-18 05:00:00,8.8,79,8.1,993.5,5,8.6
2020-06-18 06:00:00,8.6,80,6.4,993.2,6,8.2
2020-06-18 07:00:00,8.2,84,6.8,993.6,7,8.2
2020-06-18 08:00:00,8.2,85,6.2,993.7,8,8.7
2020-06-18 09:00:00,8.7,83,7.9,993.4,9,9.6
2020-06-18 10:00:00,9.6,81,8.0,993.5,10,10.5
2020-06-18 11:00:00,10.5,76,10.8,993.4,11,10.4
2020-06-18 12:00:00,10.4,75,14.0,992.7,12,10.4
2020-06-18 13:00:00,10.4,76,14.1,992.0,13,10.6
2020-06-18 14:00:00,10.6,75,15.4,991.2,14,11.1
2020-06-18 15:00:00,11.1,72,15.5,990.3,15,11.1
2020-06-18 16:00:00,11.1,69,14.8,990.3,16,11.1
2020-06-18 17:00:00,11.1,67,15.5,990.3,17,10.1
2020-06-18 18:00:00,10.1,78,16.0,990.1,18,10.0
2020-06-18 19:00:00,10.0,81,16.6,989.9,19,9.6
2020-06-18 20:00:00,9.6,77,17.7,989.5,20,9.8
2020-06-18 21:00:00,9.8,81,18.2,989.4,21,9.9
2020-06-18 22:00:00,9.9,83,21.2,989.6,22,9.9
2020-06-18 23:00:00,9.9,85,24.1,989.7,23,9.8
2020-06-19 00:00:00,9.8,87,23.4,989.4,0,10.1
2020-06-19 01:00:00,10.1,88,18.1,989.2,1,9.8
2020-06-19 02:00:00,9.8,91,4.8,989.9,2,9.6
2020-06-19 03:00:00,9.6,92,3.6,990.7,3,9.6
2020-06-19 04:00:00,9.6,90,13.3,990.7,4,9.6
2020-06-19 05:00:00,9.6,92,11.2,991.0,5,9.8
2020-06-19 06:00:00,9.8,92,11.3,991.1,6,9.8
2020-06-19 07:00:00,9.8,93,7.4,991.8,7,9.5
2020-06-19 08:00:00,9.5,92,5.0,992.9,8,10.3
2020-06-19 09:00:00,10.3,90,8.0,993.4,9,10.6
2020-06-19 10:00:00,10.6,91,8.3,993.6,10,11.1
2020-06-19 11:00:00,11.1,89,7.0,994.0,11,11.6
2020-06-19 12:00:00,11.6,88,6.8,993.8,12,11.9
2020-06-19 13:00:00,11.9,88,5.2,993.9,13,12.1
2020-06-19 14:00:00,12.1,88,4.3,993.6,14,12.6
2020-06-19 15:00:00,12.6,86,8.2,993.3,15,12.0
2020-06-19 16:00:00,12.0,90,7.6,993.0,16,11.6
2020-06-19 17:00:00,11.6,92,6.1,993.5,17,10.9
2020-06-19 18:00:00,10.9,95,3.5,993.9,18,10.9
2020-06-19 19:00:00,10.9,94,5.3,993.7,19,11.4
2020-06-19 20:00:00,11.4,93,4.9,993.1,20,11.4
2020-06-19 21:00:00,11.4,93,4.0,993.8,21,10.9
2020-06-19 22:00:00,10.9,95,3.7,993.6,22,10.4
2020-06-19 23:00:00,10.4,94,4.8,993.0,23,10.9
2020-06-20 00:00:00,10.9,92,5.8,992.7,0,10.9
2020-06-20 01:00:00,10.9,90,6.1,992.3,1,10.4
2020-06-20 02:00:00,10.4,94,3.4,992.9,2,10.6
2020-06-20 03:00:00,10.6,93,8.4,991.0,3,10.5
2020-06-20 04:00:00,10.5,95,6.2,990.6,4,10.6
2020-06-20 05:00:00,10.6,97,6.9,990.6,5,10.6
2020-06-20 06:00:00,10.6,97,7.9,990.0,6,10.6
2020-06-20 07:00:00,10.6,98,9.2,990.5,7,10.6
2020-06-20 08:00:00,10.6,97,7.9,990.5,8,11.1
2020-06-20 09:00:00,11.1,95,8.8,990.8,9,11.4
2020-06-20 10:00:00,11.4,94,10.7,991.0,10,11.9
2020-06-20 11:00:00,11.9,91,13.7,991.0,11,12.0
2020-06-20 12:00:00,12.0,90,13.3,990.5,12,11.9
2020-06-20 13:00:00,11.9,89,14.0,989.9,13,11.9
2020-06-20 14:00:00,11.9,89,13.0,989.6,14,11.6
2020-06-20 15:00:00,11.6,90,13.4,989.9,15,11.7
2020-06-20 16:00:00,11.7,88,18.1,989.9,16,11.7
2020-06-20 17:00:00,11.7,86,19.1,990.6,17,11.4
2020-06-20 18:00:00,11.4,89,19.8,990.7,18,11.2
2020-06-20 19:00:00,11.2,90,19.5,991.4,19,11.0
2020-06-20 20:00:00,11.0,89,20.2,992.1,20,11.1
2020-06-20 21:00:00,11.1,91,17.3,992.5,21,11.1
2020-06-20 22:00:00,11.1,92,10.2,993.3,22,10.9
2020-06-20 23:00:00,10.9,94,9.2,994.4,23,10.8
2020-06-21 00:00:00,10.8,95,3.3,995.1,0,10.2
2020-06-21 01:00:00,10.2,97,2.3,995.3,1,10.1
2020-06-21 02:00:00,10.1,98,1.9,995.3,2,10.0
2020-06-21 03:00:00,10.0,98,2.8,995.5,3,10.1
2020-06-21 04:00:00,10.1,96,4.7,995.5,4,9.9
2020-06-21 05:00:00,9.9,95,4.1,995.5,5,9.8
2020-06-21 06:00:00,9.8,94,3.8,995.1,6,10.1
2020-06-21 07:00:00,10.1,90,2.3,995.0,7,9.0
2020-06-21 08:00:00,9.0,92,1.6,995.3,8,9.2
2020-06-21 09:00:00,9.2,91,2.9,995.2,9,10.6
2020-06-21 10:00:00,10.6,89,2.3,995.2,10,12.2
2020-06-21 11:00:00,12.2,84,0.4,995.1,11,13.6
2020-06-21 12:00:00,13.6,80,0.8,994.2,12,14.8
2020-06-21 13:00:00,14.8,74,2.4,992.8,13,15.9
2020-06-21 14:00:00,15.9,68,4.7,991.6,14,16.4
2020-06-21 15:00:00,16.4,68,6.5,991.3,15,16.0
2020-06-21 16:00:00,16.0,70,5.5,990.6,16,14.9
2020-06-21 17:00:00,14.9,77,6.5,990.8,17,12.6
2020-06-21 18:00:00,12.6,89,6.5,990.9,18,12.8
2020-06-21 19:00:00,12.8,86,1.8,990.8,19,10.9
2020-06-21 20:00:00,10.9,95,7.0,991.3,20,11.7
2020-06-21 21:00:00,11.7,91,2.7,991.7,21,10.9
2020-06-21 22:00:00,10.9,96,4.6,991.1,22,10.9
2020-06-21 23:00:00,10.9,96,4.0,991.1,23,10.2
2020-06-22 00:00:00,10.2,97,4.4,990.8,0,10.9
2020-06-22 01:00:00,10.9,95,2.5,991.8,1,10.1
2020-06-22 02:00:00,10.1,97,3.6,991.4,2,10.3
2020-06-22 03:00:00,10.3,95,5.8,992.1,3,9.9
2020-06-22 04:00:00,9.9,93,8.1,991.9,4,9.7
2020-06-22 05:00:00,9.7,93,6.5,992.2,5,9.4
2020-06-22 06:00:00,9.4,95,10.9,992.2,6,9.0
2020-06-22 07:00:00,9.0,90,13.4,992.1,7,9.6
2020-06-22 08:00:00,9.6,89,9.3,991.4,8,9.6
2020-06-22 09:00:00,9.6,91,7.8,991.3,9,9.6
2020-06-22 10:00:00,9.6,89,6.6,991.2,10,10.1
2020-06-22 11:00:00,10.1,87,4.6,991.6,11,10.5
2020-06-22 12:00:00,10.5,86,4.6,991.9,12,10.0
2020-06-22 13:00:00,10.0,88,6.8,990.7,13,9.6
2020-06-22 14:00:00,9.6,86,6.3,989.5,14,9.6
2020-06-22 15:00:00,9.6,87,3.5,989.2,15,9.6
2020-06-22 16:00:00,9.6,90,2.9,989.3,16,9.4
2020-06-22 17:00:00,9.4,91,8.2,989.5,17,9.3
2020-06-22 18:00:00,9.3,93,9.8,989.7,18,9.4
2020-06-22 19:00:00,9.4,92,5.4,990.1,19,9.2
2020-06-22 20:00:00,9.2,87,8.3,990.2,20,9.1
2020-06-22 21:00:00,9.1,92,8.0,990.6,21,9.1
2020-06-22 22:00:00,9.1,92,6.8,990.9,22,8.8
2020-06-22 23:00:00,8.8,94,6.2,990.6,23,8.4
2020-06-23 00:00:00,8.4,94,5.7,990.6,0,7.7
2020-06-23 01:00:00,7.7,94,5.9,990.4,1,7.1
2020-06-23 02:00:00,7.1,95,6.4,989.9,2,7.1
2020-06-23 03:00:00,7.1,94,5.0,989.9,3,7.1
2020-06-23 04:00:00,7.1,94,5.8,989.7,4,6.8
2020-06-23 05:00:00,6.8,94,7.3,989.5,5,6.4
2020-06-23 06:00:00,6.4,95,5.5,989.6,6,5.9
2020-06-23 07:00:00,5.9,95,5.6,989.8,7,7.4
2020-06-23 08:00:00,7.4,89,4.4,990.4,8,8.4
2020-06-23 09:00:00,8.4,89,4.4,990.3,9,9.6
2020-06-23 10:00:00,9.6,86,6.0,990.4,10,10.4
2020-06-23 11:00:00,10.4,84,11.2,990.4,11,11.2
2020-06-23 12:00:00,11.2,84,16.0,989.6,12,12.3
2020-06-23 13:00:00,12.3,75,15.9,988.9,13,11.6
2020-06-23 14:00:00,11.6,79,16.4,988.6,14,11.0
2020-06-23 15:00:00,11.0,87,12.9,988.6,15,10.3
2020-06-23 16:00:00,10.3,87,11.2,988.5,16,9.9
2020-06-23 17:00:00,9.9,91,11.9,988.4,17,9.4
2020-06-23 18:00:00,9.4,93,14.5,988.7,18,9.4
2020-06-23 19:00:00,9.4,93,15.5,989.1,19,8.9
2020-06-23 20:00:00,8.9,92,8.4,988.9,20,8.3
2020-06-23 21:00:00,8.3,93,10.5,989.4,21,8.1
2020-06-23 22:00:00,8.1,93,6.0,990.1,22,7.8
2020-06-23 23:00:00,7.8,94,4.6,990.6,23,7.4
2020-06-24 00:00:00,7.4,93,5.2,990.9,0,6.9
2020-06-24 01:00:00,6.9,94,6.6,990.9,1,6.7
2020-06-24 02:00:00,6.7,93,7.1,991.0,2,6.4
2020-06-24 03:00:00,6.4,94,7.0,991.4,3,6.6
2020-06-24 04:00:00,6.6,97,9.8,991.4,4,6.6
2020-06-24 05:00:00,6.6,95,11.3,991.6,5,5.9
2020-06-24 06:00:00,5.9,96,7.7,991.7,6,5.6
2020-06-24 07:00:00,5.6,95,10.4,992.2,7,5.0
2020-06-24 08:00:00,5.0,88,10.5,993.0,8,6.1
2020-06-24 09:00:00,6.1,88,14.2,993.5,9,6.7
2020-06-24 10:00:00,6.7,87,15.6,994.1,10,6.8
2020-06-24 11:00:00,6.8,88,15.5,994.3,11,7.0
2020-06-24 12:00:00,7.0,87,16.9,994.5,12,7.7
2020-06-24 13:00:00,7.7,88,16.9,994.2,13,7.8
2020-06-24 14:00:00,7.8,88,16.4,993.8,14,7.8
2020-06-24 15:00:00,7.8,91,15.5,993.9,15,7.7
2020-06-24 16:00:00,7.7,89,18.2,994.5,16,7.4
2020-06-24 17:00:00,7.4,91,16.6,995.1,17,6.9
2020-06-24 18:00:00,6.9,92,15.0,995.7,18,6.7
2020-06-24 19:00:00,6.7,91,13.9,996.3,19,6.4
2020-06-24 20:00:00,6.4,90,11.2,997.5,20,6.3
2020-06-24 21:00:00,6.3,91,8.8,998.2,21,6.1
2020-06-24 22:00:00,6.1,90,9.4,998.6,22,6.2
2020-06-24 23:00:00,6.2,89,8.9,999.0,23,5.2
2020-06-25 00:00:00,5.2,91,6.4,998.7,0,3.7
2020-06-25 01:00:00,3.7,94,7.4,998.2,1,3.5
2020-06-25 02:00:00,3.5,93,6.4,998.0,2,4.2
2020-06-25 03:00:00,4.2,91,2.3,998.0,3,2.2
2020-06-25 04:00:00,2.2,97,3.8,997.9,4,1.6
2020-06-25 05:00:00,1.6,96,4.7,997.8,5,1.6
2020-06-25 06:00:00,1.6,93,2.8,997.2,6,1.5
2020-06-25 07:00:00,1.5,95,2.4,997.7,7,0.1
2020-06-25 08:00:00,0.1,100,3.4,998.1,8,1.6
2020-06-25 09:00:00,1.6,98,3.8,998.1,9,4.9
2020-06-25 10:00:00,4.9,85,0.5,998.3,10,7.7
2020-06-25 11:00:00,7.7,76,1.6,998.3,11,9.9
2020-06-25 12:00:00,9.9,66,3.0,997.7,12,11.0
2020-06-25 13:00:00,11.0,65,3.1,996.0,13,11.8
2020-06-25 14:00:00,11.8,64,4.6,994.8,14,11.4
2020-06-25 15:00:00,11.4,66,5.6,994.0,15,11.0
2020-06-25 16:00:00,11.0,69,6.6,993.1,16,9.8
2020-06-25 17:00:00,9.8,72,8.3,993.5,17,8.9
2020-06-25 18:00:00,8.9,75,11.8,994.0,18,8.1
2020-06-25 19:00:00,8.1,81,9.9,994.4,19,6.8
2020-06-25 20:00:00,6.8,91,6.1,993.6,20,6.7
2020-06-25 21:00:00,6.7,93,7.1,993.4,21,6.2
2020-06-25 22:00:00,6.2,96,5.1,993.3,22,5.0
2020-06-25 23:00:00,5.0,98,6.9,993.0,23,6.2
2020-06-26 00:00:00,6.2,95,3.6,992.9,0,5.8
2020-06-26 01:00:00,5.8,98,6.4,992.7,1,5.6
2020-06-26 02:00:00,5.6,98,4.6,992.8,2,5.4
2020-06-26 03:00:00,5.4,99,3.4,993.1,3,5.1
2020-06-26 04:00:00,5.1,100,2.8,992.8,4,3.8
2020-06-26 05:00:00,3.8,100,4.8,993.0,5,4.6
2020-06-26 06:00:00,4.6,100,1.4,993.1,6,4.0
2020-06-26 07:00:00,4.0,100,1.1,993.4,7,4.1
2020-06-26 08:00:00,4.1,100,2.7,994.3,8,4.9
2020-06-26 09:00:00,4.9,99,3.7,993.9,9,6.8
2020-06-26 10:00:00,6.8,91,3.0,994.2,10,8.8
2020-06-26 11:00:00,8.8,84,3.8,994.4,11,10.9
2020-06-26 12:00:00,10.9,75,2.5,995.0,12,12.1
2020-06-26 13:00:00,12.1,71,4.5,995.2,13,11.4
2020-06-26 14:00:00,11.4,76,5.2,995.5,14,11.8
2020-06-26 15:00:00,11.8,70,2.3,995.5,15,11.9
2020-06-26 16:00:00,11.9,70,3.7,995.4,16,10.8
2020-06-26 17:00:00,10.8,77,4.4,995.8,17,10.1
2020-06-26 18:00:00,10.1,77,3.5,996.3,18,8.9
2020-06-26 19:00:00,8.9,83,6.5,996.1,19,7.7
2020-06-26 20:00:00,7.7,84,5.2,996.3,20,8.5
2020-06-26 21:00:00,8.5,85,4.7,996.8,21,8.3
2020-06-26 22:00:00,8.3,88,7.4,996.8,22,7.9
2020-06-26 23:00:00,7.9,89,4.8,996.7,23,6.8
2020-06-27 00:00:00,6.8,94,5.0,996.8,0,6.8
2020-06-27 01:00:00,6.8,94,4.3,996.4,1,6.6
2020-06-27 02:00:00,6.6,95,4.6,996.1,2,6.5
2020-06-27 03:00:00,6.5,95,4.0,995.7,3,6.2
2020-06-27 04:00:00,6.2,98,3.3,994.8,4,5.9
2020-06-27 05:00:00,5.9,96,4.6,994.2,5,6.9
2020-06-27 06:00:00,6.9,91,1.6,994.0,6,5.2
2020-06-27 07:00:00,5.2,94,5.8,993.5,7,5.6
2020-06-27 08:00:00,5.6,92,1.5,993.3,8,6.4
2020-06-27 09:00:00,6.4,93,2.6,993.3,9,7.8
2020-06-27 10:00:00,7.8,91,2.5,992.6,10,10.0
2020-06-27 11:00:00,10.0,86,2.9,992.0,11,11.9
2020-06-27 12:00:00,11.9,81,2.9,991.2,12,12.7
2020-06-27 13:00:00,12.7,78,1.9,990.3,13,13.9
2020-06-27 14:00:00,13.9,75,3.1,989.7,14,14.6
2020-06-27 15:00:00,14.6,73,4.7,989.4,15,14.1
2020-06-27 16:00:00,14.1,78,4.8,989.2,16,12.5
2020-06-27 17:00:00,12.5,87,7.4,988.8,17,10.4
2020-06-27 18:00:00,10.4,88,9.1,988.5,18,11.7
2020-06-27 19:00:00,11.7,81,6.6,989.0,19,9.5
2020-06-27 20:00:00,9.5,92,5.7,988.4,20,9.4
2020-06-27 21:00:00,9.4,93,4.4,987.8,21,8.7
2020-06-27 22:00:00,8.7,95,4.5,987.8,22,8.2
2020-06-27 23:00:00,8.2,96,4.9,988.3,23,7.8
2020-06-28 00:00:00,7.8,96,5.2,989.1,0,7.8
2020-06-28 01:00:00,7.8,94,6.6,989.3,1,8.4
2020-06-28 02:00:00,8.4,90,5.1,989.0,2,8.9
2020-06-28 03:00:00,8.9,89,5.9,988.8,3,9.1
2020-06-28 04:00:00,9.1,90,6.1,988.6,4,8.6
2020-06-28 05:00:00,8.6,94,4.0,988.5,5,8.4
2020-06-28 06:00:00,8.4,91,6.0,987.8,6,8.4
2020-06-28 07:00:00,8.4,92,3.1,987.8,7,7.2
2020-06-28 08:00:00,7.2,94,4.1,988.0,8,8.4
2020-06-28 09:00:00,8.4,90,9.8,988.6,9,8.9
2020-06-28 10:00:00,8.9,90,6.4,989.1,10,9.5
2020-06-28 11:00:00,9.5,88,7.7,989.6,11,9.8
2020-06-28 12:00:00,9.8,89,10.7,989.3,12,10.6
2020-06-28 13:00:00,10.6,85,13.3,988.3,13,11.6
2020-06-28 14:00:00,11.6,83,12.5,987.0,14,11.9
2020-06-28 15:00:00,11.9,82,13.5,986.0,15,11.6
2020-06-28 16:00:00,11.6,84,7.7,985.9,16,10.9
2020-06-28 17:00:00,10.9,90,9.3,986.4,17,10.6
2020-06-28 18:00:00,10.6,90,11.7,986.8,18,10.6
2020-06-28 19:00:00,10.6,89,14.8,986.9,19,11.1
2020-06-28 20:00:00,11.1,85,13.5,986.4,20,11.0
2020-06-28 21:00:00,11.0,87,11.9,986.2,21,11.1
2020-06-28 22:00:00,11.1,88,14.7,986.0,22,10.9
2020-06-28 23:00:00,10.9,89,15.7,985.8,23,10.6
2020-06-29 00:00:00,10.6,88,14.0,985.2,0,10.2
2020-06-29 01:00:00,10.2,89,8.0,984.8,1,9.8
2020-06-29 02:00:00,9.8,93,8.0,985.3,2,9.7
2020-06-29 03:00:00,9.7,95,5.5,985.6,3,9.5
2020-06-29 04:00:00,9.5,93,6.5,985.9,4,9.4
2020-06-29 05:00:00,9.4,93,9.7,985.9,5,8.4
2020-06-29 06:00:00,8.4,89,12.3,986.2,6,7.6
2020-06-29 07:00:00,7.6,89,19.1,985.8,7,9.0
2020-06-29 08:00:00,9.0,85,28.3,985.6,8,8.4
2020-06-29 09:00:00,8.4,88,19.6,985.9,9,9.1
2020-06-29 10:00:00,9.1,85,19.3,986.2,10,9.5
2020-06-29 11:00:00,9.5,87,15.2,987.0,11,9.8
2020-06-29 12:00:00,9.8,86,18.0,988.2,12,9.8
2020-06-29 13:00:00,9.8,83,21.0,988.9,13,10.4
2020-06-29 14:00:00,10.4,86,21.3,989.3,14,9.9
2020-06-29 15:00:00,9.9,89,18.2,990.0,15,9.8
2020-06-29 16:00:00,9.8,90,18.4,991.0,16,9.6
2020-06-29 17:00:00,9.6,89,17.2,992.1,17,9.0
2020-06-29 18:00:00,9.0,90,13.7,993.1,18,8.6
2020-06-29 19:00:00,8.6,90,11.5,994.4,19,8.6
2020-06-29 20:00:00,8.6,90,12.0,995.3,20,8.4
2020-06-29 21:00:00,8.4,90,11.0,995.9,21,8.1
2020-06-29 22:00:00,8.1,90,10.4,996.7,22,7.8
2020-06-29 23:00:00,7.8,91,8.7,997.2,23,7.4
2020-06-30 00:00:00,7.4,90,7.9,997.9,0,7.3
2020-06-30 01:00:00,7.3,92,7.7,998.3,1,7.2
2020-06-30 02:00:00,7.2,92,6.9,998.5,2,7.3
2020-06-30 03:00:00,7.3,92,6.2,998.5,3,7.6
2020-06-30 04:00:00,7.6,92,5.9,998.7,4,7.4
2020-06-30 05:00:00,7.4,93,4.3,999.0,5,7.2
2020-06-30 06:00:00,7.2,94,3.8,999.2,6,6.2
2020-06-30 07:00:00,6.2,95,6.6,999.6,7,5.7
2020-06-30 08:00:00,5.7,90,5.9,999.8,8,6.8
2020-06-30 09:00:00,6.8,90,3.4,999.8,9,8.9
2020-06-30 10:00:00,8.9,86,1.1,1000.2,10,11.1
2020-06-30 11:00:00,11.1,78,0.5,1000.4,11,12.6
2020-06-30 12:00:00,12.6,67,2.9,999.6,12,13.9
2020-06-30 13:00:00,13.9,59,1.9,998.5,13,13.9
2020-06-30 14:00:00,13.9,59,3.6,997.8,14,13.9
2020-06-30 15:00:00,13.9,60,4.5,996.9,15,13.5
2020-06-30 16:00:00,13.5,66,3.9,996.7,16,11.6
2020-06-30 17:00:00,11.6,82,5.6,996.3,17,11.2
2020-06-30 18:00:00,11.2,76,5.8,996.2,18,11.5
2020-06-30 19:00:00,11.5,71,4.7,996.3,19,9.2
2020-06-30 20:00:00,9.2,89,6.7,996.5,20,10.0
2020-06-30 21:00:00,10.0,82,4.3,996.7,21,9.8
2020-06-30 22:00:00,9.8,83,1.5,996.7,22,9.1
2020-06-30 23:00:00,9.1,89,4.8,996.2,23,8.6
2020-07-01 00:00:00,8.6,93,3.1,996.5,0,8.7
2020-07-01 01:00:00,8.7,94,6.4,996.0,1,8.9
2020-07-01 02:00:00,8.9,91,7.0,995.6,2,8.9
2020-07-01 03:00:00,8.9,88,6.5,995.6,3,8.9
2020-07-01 04:00:00,8.9,88,6.5,995.5,4,9.3
2020-07-01 05:00:00,9.3,84,13.9,994.9,5,9.4
2020-07-01 06:00:00,9.4,79,11.5,994.4,6,9.8
2020-07-01 07:00:00,9.8,79,8.1,995.2,7,8.8
2020-07-01 08:00:00,8.8,87,5.6,996.4,8,9.6
2020-07-01 09:00:00,9.6,84,8.5,996.4,9,10.6
2020-07-01 10:00:00,10.6,83,7.6,996.8,10,11.6
2020-07-01 11:00:00,11.6,80,6.6,996.3,11,13.4
2020-07-01 12:00:00,13.4,72,6.1,996.3,12,14.8
2020-07-01 13:00:00,14.8,68,4.5,995.4,13,15.4
2020-07-01 14:00:00,15.4,64,4.1,994.8,14,15.8
2020-07-01 15:00:00,15.8,61,6.0,994.8,15,15.6
2020-07-01 16:00:00,15.6,61,5.7,994.6,16,13.7
2020-07-01 17:00:00,13.7,75,4.7,995.1,17,11.4
2020-07-01 18:00:00,11.4,86,5.9,995.6,18,9.8
2020-07-01 19:00:00,9.8,93,7.9,996.0,19,9.3
2020-07-01 20:00:00,9.3,95,7.6,996.4,20,9.3
2020-07-01 21:00:00,9.3,95,6.0,996.3,21,8.8
2020-07-01 22:00:00,8.8,97,7.2,996.8,22,8.1
2020-07-01 23:00:00,8.1,98,8.4,996.9,23,8.9
2020-07-02 00:00:00,8.9,96,5.1,997.5,0,8.9
2020-07-02 01:00:00,8.9,96,6.1,997.5,1,8.9
2020-07-02 02:00:00,8.9,96,7.2,997.2,2,8.5
2020-07-02 03:00:00,8.5,98,9.5,997.2,3,8.1
2020-07-02 04:00:00,8.1,98,9.1,997.0,4,7.8
2020-07-02 05:00:00,7.8,96,7.5,996.6,5,7.3
2020-07-02 06:00:00,7.3,96,8.7,996.6,6,6.9
2020-07-02 07:00:00,6.9,98,8.6,996.9,7,6.3
2020-07-02 08:00:00,6.3,99,8.9,997.4,8,6.7
2020-07-02 09:00:00,6.7,97,9.4,997.5,9,7.3
2020-07-02 10:00:00,7.3,94,8.9,997.5,10,8.4
2020-07-02 11:00:00,8.4,91,9.7,997.3,11,9.8
2020-07-02 12:00:00,9.8,86,10.3,996.8,12,11.1
2020-07-02 13:00:00,11.1,81,10.1,995.5,13,12.2
2020-07-02 14:00:00,12.2,77,11.2,994.8,14,12.6
2020-07-02 15:00:00,12.6,75,12.2,994.3,15,12.5
2020-07-02 16:00:00,12.5,75,10.3,994.1,16,11.4
2020-07-02 17:00:00,11.4,81,7.0,994.0,17,8.0
2020-07-02 18:00:00,8.0,92,9.9,993.3,18,7.9
2020-07-02 19:00:00,7.9,92,6.5,993.5,19,7.7
2020-07-02 20:00:00,7.7,93,6.7,993.5,20,6.8
2020-07-02 21:00:00,6.8,96,5.6,993.6,21,7.4
2020-07-02 22:00:00,7.4,95,2.0,993.5,22,7.5
2020-07-02 23:00:00,7.5,95,3.7,993.2,23,7.4
2020-07-03 00:00:00,7.4,97,2.8,993.7,0,7.6
2020-07-03 01:00:00,7.6,97,0.8,993.5,1,7.1
2020-07-03 02:00:00,7.1,99,2.1,992.8,2,6.7
2020-07-03 03:00:00,6.7,99,3.2,992.5,3,7.7
2020-07-03 04:00:00,7.7,98,4.3,992.3,4,7.7
2020-07-03 05:00:00,7.7,98,3.1,992.3,5,6.9
2020-07-03 06:00:00,6.9,100,4.4,992.2,6,6.9
2020-07-03 07:00:00,6.9,100,4.0,992.4,7,7.7
2020-07-03 08:00:00,7.7,98,9.6,992.6,8,8.6
2020-07-03 09:00:00,8.6,92,13.7,992.1,9,9.6
2020-07-03 10:00:00,9.6,88,10.9,992.3,10,9.6
2020-07-03 11:00:00,9.6,86,9.7,992.4,11,10.1
2020-07-03 12:00:00,10.1,86,10.5,991.9,12,10.7
2020-07-03 13:00:00,10.7,86,13.5,991.1,13,10.9
2020-07-03 14:00:00,10.9,87,13.3,990.6,14,10.9
2020-07-03 15:00:00,10.9,87,8.7,990.2,15,11.5
2020-07-03 16:00:00,11.5,89,7.2,990.0,16,11.9
2020-07-03 17:00:00,11.9,91,7.3,990.0,17,11.5
2020-07-03 18:00:00,11.5,93,7.0,990.1,18,11.4
2020-07-03 19:00:00,11.4,93,7.8,990.5,19,11.4
2020-07-03 20:00:00,11.4,94,5.6,990.5,20,11.5
2020-07-03 21:00:00,11.5,94,4.1,990.3,21,11.1
2020-07-03 22:00:00,11.1,95,4.2,990.4,22,10.9
2020-07-03 23:00:00,10.9,96,5.4,990.1,23,10.5
2020-07-04 00:00:00,10.5,95,4.5,990.4,0,10.4
2020-07-04 01:00:00,10.4,95,3.5,990.0,1,9.7
2020-07-04 02:00:00,9.7,97,4.7,989.5,2,9.8
2020-07-04 03:00:00,9.8,97,3.2,989.1,3,9.6
2020-07-04 04:00:00,9.6,97,4.4,988.4,4,9.4
2020-07-04 05:00:00,9.4,97,3.6,987.6,5,9.2
2020-07-04 06:00:00,9.2,97,4.2,987.3,6,8.6
2020-07-04 07:00:00,8.6,97,4.0,987.3,7,7.8
2020-07-04 08:00:00,7.8,99,2.3,988.2,8,7.8
2020-07-04 09:00:00,7.8,96,8.6,988.1,9,8.1
2020-07-04 10:00:00,8.1,93,10.8,989.1,10,8.4
2020-07-04 11:00:00,8.4,92,6.5,989.7,11,8.9
2020-07-04 12:00:00,8.9,90,10.0,989.7,12,8.9
2020-07-04 13:00:00,8.9,82,14.7,989.9,13,8.7
2020-07-04 14:00:00,8.7,76,10.7,988.8,14,8.9
2020-07-04 15:00:00,8.9,77,11.2,988.6,15,9.4
2020-07-04 16:00:00,9.4,73,10.9,988.6,16,8.4
2020-07-04 17:00:00,8.4,82,11.2,989.2,17,7.9
2020-07-04 18:00:00,7.9,89,8.4,989.9,18,8.1
2020-07-04 19:00:00,8.1,86,13.7,990.6,19,8.1
2020-07-04 20:00:00,8.1,86,20.7,991.8,20,8.3
2020-07-04 21:00:00,8.3,88,20.8,992.8,21,7.8
2020-07-04 22:00:00,7.8,90,19.7,993.6,22,7.7
2020-07-04 23:00:00,7.7,88,18.3,994.0,23,7.5
2020-07-05 00:00:00,7.5,90,16.9,994.8,0,7.6
2020-07-05 01:00:00,7.6,90,15.3,994.7,1,7.4
2020-07-05 02:00:00,7.4,91,14.3,994.9,2,7.3
2020-07-05 03:00:00,7.3,92,11.8,995.3,3,7.5
2020-07-05 04:00:00,7.5,92,10.4,995.4,4,7.5
2020-07-05 05:00:00,7.5,92,8.6,995.6,5,7.5
2020-07-05 06:00:00,7.5,93,8.4,996.3,6,7.1
2020-07-05 07:00:00,7.1,95,3.6,996.9,7,7.3
2020-07-05 08:00:00,7.3,89,4.0,997.8,8,7.5
2020-07-05 09:00:00,7.5,91,3.0,998.6,9,8.6
2020-07-05 10:00:00,8.6,86,3.3,999.0,10,9.6
2020-07-05 11:00:00,9.6,80,4.5,999.0,11,10.6
2020-07-05 12:00:00,10.6,81,4.9,998.4,12,11.4
2020-07-05 13:00:00,11.4,80,2.8,997.6,13,11.7
2020-07-05 14:00:00,11.7,79,1.4,996.8,14,11.8
2020-07-05 15:00:00,11.8,77,5.0,995.8,15,11.6
2020-07-05 16:00:00,11.6,70,7.6,995.5,16,10.4
2020-07-05 17:00:00,10.4,77,5.8,995.1,17,7.8
2020-07-05 18:00:00,7.8,87,8.7,995.0,18,8.2
2020-07-05 19:00:00,8.2,82,7.3,995.3,19,8.4
2020-07-05 20:00:00,8.4,81,10.0,994.7,20,8.2
2020-07-05 21:00:00,8.2,84,10.7,994.8,21,7.8
2020-07-05 22:00:00,7.8,88,10.7,995.1,22,7.4
2020-07-05 23:00:00,7.4,90,9.2,994.8,23,7.2
2020-07-06 00:00:00,7.2,91,9.7,994.6,0,6.9
2020-07-06 01:00:00,6.9,93,8.9,994.1,1,6.6
2020-07-06 02:00:00,6.6,96,6.9,993.6,2,6.2
2020-07-06 03:00:00,6.2,97,9.7,992.9,3,5.8
2020-07-06 04:00:00,5.8,98,11.0,992.4,4,5.3
2020-07-06 05:00:00,5.3,99,8.4,992.0,5,5.2
2020-07-06 06:00:00,5.2,98,6.5,991.8,6,5.1
2020-07-06 07:00:00,5.1,97,8.9,991.8,7,4.5
2020-07-06 08:00:00,4.5,100,8.7,992.0,8,4.8
2020-07-06 09:00:00,4.8,97,7.1,992.0,9,5.7
2020-07-06 10:00:00,5.7,92,7.3,992.0,10,6.7
2020-07-06 11:00:00,6.7,87,7.6,992.0,11,6.9
2020-07-06 12:00:00,6.9,86,5.4,991.6,12,7.3
2020-07-06 13:00:00,7.3,84,5.8,991.0,13,8.5
2020-07-06 14:00:00,8.5,79,5.4,990.6,14,8.8
2020-07-06 15:00:00,8.8,78,6.7,990.7,15,8.6
2020-07-06 16:00:00,8.6,78,7.7,990.9,16,8.0
2020-07-06 17:00:00,8.0,80,5.6,990.9,17,6.2
2020-07-06 18:00:00,6.2,89,6.6,990.8,18,5.8
2020-07-06 19:00:00,5.8,90,6.9,991.3,19,5.8
2020-07-06 20:00:00,5.8,91,5.3,991.4,20,5.8
2020-07-06 21:00:00,5.8,92,4.6,991.5,21,5.4
2020-07-06 22:00:00,5.4,94,3.4,991.9,22,4.6
2020-07-06 23:00:00,4.6,96,5.0,992.3,23,5.1
2020-07-07 00:00:00,5.1,94,3.0,992.7,0,3.8
2020-07-07 01:00:00,3.8,99,2.3,992.6,1,2.6
2020-07-07 02:00:00,2.6,100,4.7,992.6,2,3.1
2020-07-07 03:00:00,3.1,100,4.0,992.7,3,3.0
2020-07-07 04:00:00,3.0,100,4.3,993.1,4,3.8
2020-07-07 05:00:00,3.8,99,3.2,993.7,5,3.5
2020-07-07 06:00:00,3.5,100,4.0,994.5,6,2.3
2020-07-07 07:00:00,2.3,100,4.7,995.4,7,3.3
2020-07-07 08:00:00,3.3,98,4.8,996.0,8,4.8
2020-07-07 09:00:00,4.8,97,7.3,996.8,9,7.8
2020-07-07 10:00:00,7.8,86,5.8,997.8,10,10.2
2020-07-07 11:00:00,10.2,76,7.9,998.5,11,11.6
2020-07-07 12:00:00,11.6,69,11.2,998.3,12,12.4
2020-07-07 13:00:00,12.4,65,12.6,997.9,13,13.1
2020-07-07 14:00:00,13.1,57,13.7,997.6,14,12.8
2020-07-07 15:00:00,12.8,59,13.3,997.5,15,11.9
2020-07-07 16:00:00,11.9,62,9.2,997.5,16,11.4
2020-07-07 17:00:00,11.4,62,9.5,997.6,17,10.4
2020-07-07 18:00:00,10.4,65,11.2,997.7,18,9.6
2020-07-07 19:00:00,9.6,72,10.8,997.9,19,9.5
2020-07-07 20:00:00,9.5,79,10.2,998.7,20,9.4
2020-07-07 21:00:00,9.4,82,13.8,998.1,21,8.9
2020-07-07 22:00:00,8.9,86,7.4,998.6,22,8.8
2020-07-07 23:00:00,8.8,88,8.4,998.1,23,8.4
2020-07-08 00:00:00,8.4,89,10.7,998.3,0,8.2
2020-07-08 01:00:00,8.2,89,14.5,997.3,1,8.6
2020-07-08 02:00:00,8.6,86,12.1,996.7,2,8.2
2020-07-08 03:00:00,8.2,81,22.2,996.0,3,7.9
2020-07-08 04:00:00,7.9,81,18.9,996.5,4,8.1
2020-07-08 05:00:00,8.1,79,19.3,996.6,5,7.8
2020-07-08 06:00:00,7.8,84,19.9,996.5,6,7.5
2020-07-08 07:00:00,7.5,86,11.9,998.0,7,6.9
2020-07-08 08:00:00,6.9,86,9.8,999.3,8,7.7
2020-07-08 09:00:00,7.7,85,11.9,1000.1,9,8.9
2020-07-08 10:00:00,8.9,81,12.0,1000.5,10,10.2
2020-07-08 11:00:00,10.2,73,10.2,1001.1,11,11.1
2020-07-08 12:00:00,11.1,70,11.6,1000.6,12,12.2
2020-07-08 13:00:00,12.2,64,13.5,1000.3,13,12.5
2020-07-08 14:00:00,12.5,59,10.4,1000.2,14,12.4
2020-07-08 15:00:00,12.4,62,8.6,1000.0,15,12.2
2020-07-08 16:00:00,12.2,60,5.4,999.9,16,11.2
2020-07-08 17:00:00,11.2,71,3.9,1000.1,17,9.8
2020-07-08 18:00:00,9.8,69,6.8,1000.1,18,8.6
2020-07-08 19:00:00,8.6,76,8.4,1000.4,19,7.2
2020-07-08 20:00:00,7.2,91,6.3,999.9,20,6.8
2020-07-08 21:00:00,6.8,91,6.4,999.8,21,6.2
2020-07-08 22:00:00,6.2,92,8.5,999.5,22,5.7
2020-07-08 23:00:00,5.7,92,7.9,999.6,23,5.4
2020-07-09 00:00:00,5.4,93,7.5,999.3,0,4.8
2020-07-09 01:00:00,4.8,94,7.5,999.0,1,4.5
2020-07-09 02:00:00,4.5,95,7.2,999.0,2,4.8
2020-07-09 03:00:00,4.8,94,5.9,998.7,3,3.9
2020-07-09 04:00:00,3.9,95,5.7,998.6,4,4.8
2020-07-09 05:00:00,4.8,93,1.8,998.0,5,4.8
2020-07-09 06:00:00,4.8,89,6.4,998.6,6,4.8
2020-07-09 07:00:00,4.8,92,4.7,999.0,7,5.7
2020-07-09 08:00:00,5.7,88,3.1,999.1,8,6.3
2020-07-09 09:00:00,6.3,87,3.6,999.0,9,7.8
2020-07-09 10:00:00,7.8,78,4.6,999.6,10,8.6
2020-07-09 11:00:00,8.6,77,1.1,999.3,11,10.8
2020-07-09 12:00:00,10.8,72,1.5,999.0,12,12.2
2020-07-09 13:00:00,12.2,68,5.1,998.5,13,13.1
2020-07-09 14:00:00,13.1,64,6.8,998.0,14,13.4
2020-07-09 15:00:00,13.4,64,4.1,997.0,15,13.4
2020-07-09 16:00:00,13.4,62,4.0,996.5,16,11.9
2020-07-09 17:00:00,11.9,76,4.6,995.9,17,8.9
2020-07-09 18:00:00,8.9,78,8.2,995.6,18,7.8
2020-07-09 19:00:00,7.8,80,8.7,995.4,19,7.2
2020-07-09 20:00:00,7.2,83,6.3,994.8,20,6.2
2020-07-09 21:00:00,6.2,87,6.3,994.7,21,6.3
2020-07-09 22:00:00,6.3,88,6.0,994.6,22,7.3
2020-07-09 23:00:00,7.3,79,3.8,994.6,23,7.3
2020-07-10 00:00:00,7.3,80,1.5,995.1,0,5.2
2020-07-10 01:00:00,5.2,91,4.7,994.6,1,6.1
2020-07-10 02:00:00,6.1,89,4.4,994.7,2,7.0
2020-07-10 03:00:00,7.0,83,6.7,994.7,3,7.8
2020-07-10 04:00:00,7.8,80,6.5,994.9,4,7.9
2020-07-10 05:00:00,7.9,80,9.2,995.1,5,7.7
2020-07-10 06:00:00,7.7,84,10.3,995.0,6,7.9
2020-07-10 07:00:00,7.9,86,12.2,995.0,7,8.1
2020-07-10 08:00:00,8.1,88,11.6,996.0,8,8.6
2020-07-10 09:00:00,8.6,88,12.4,996.1,9,9.4
2020-07-10 10:00:00,9.4,87,12.4,996.5,10,9.8
2020-07-10 11:00:00,9.8,89,10.8,996.6,11,12.1
2020-07-10 12:00:00,12.1,83,10.4,996.8,12,13.4
2020-07-10 13:00:00,13.4,79,9.0,996.2,13,14.1
2020-07-10 14:00:00,14.1,76,5.5,995.8,14,13.6
2020-07-10 15:00:00,13.6,81,4.6,995.3,15,13.1
2020-07-10 16:00:00,13.1,88,3.0,995.8,16,12.5
2020-07-10 17:00:00,12.5,92,3.1,996.2,17,11.7
2020-07-10 18:00:00,11.7,95,2.7,995.9,18,9.9
2020-07-10 19:00:00,9.9,98,5.6,995.8,19,9.4
2020-07-10 20:00:00,9.4,98,7.7,996.4,20,10.1
2020-07-10 21:00:00,10.1,97,6.0,996.4,21,10.1
2020-07-10 22:00:00,10.1,97,4.6,996.3,22,10.4
2020-07-10 23:00:00,10.4,97,6.5,996.1,23,10.1
2020-07-11 00:00:00,10.1,98,5.1,996.3,0,9.6
2020-07-11 01:00:00,9.6,100,5.1,995.8,1,9.2
2020-07-11 02:00:00,9.2,100,5.6,995.6,2,8.8
2020-07-11 03:00:00,8.8,100,8.2,995.3,3,8.1
2020-07-11 04:00:00,8.1,99,9.7,995.3,4,7.3
2020-07-11 05:00:00,7.3,99,9.5,994.9,5,6.6
2020-07-11 06:00:00,6.6,99,13.0,995.5,6,5.7
2020-07-11 07:00:00,5.7,100,10.7,996.3,7,5.2
2020-07-11 08:00:00,5.2,99,11.1,997.1,8,5.4
2020-07-11 09:00:00,5.4,98,9.2,997.0,9,6.0
2020-07-11 10:00:00,6.0,96,7.6,997.1,10,6.7
2020-07-11 11:00:00,6.7,93,8.7,997.4,11,7.2
2020-07-11 12:00:00,7.2,92,8.3,997.7,12,7.2
2020-07-11 13:00:00,7.2,92,7.7,997.2,13,7.9
2020-07-11 14:00:00,7.9,89,9.2,997.0,14,8.4
2020-07-11 15:00:00,8.4,85,8.1,996.8,15,8.5
2020-07-11 16:00:00,8.5,85,7.7,996.8,16,8.3
2020-07-11 17:00:00,8.3,85,7.9,996.9,17,7.5
2020-07-11 18:00:00,7.5,88,5.0,997.1,18,6.9
2020-07-11 19:00:00,6.9,92,3.3,997.6,19,7.2
2020-07-11 20:00:00,7.2,91,3.6,997.4,20,7.2
2020-07-11 21:00:00,7.2,89,3.8,997.9,21,6.6
2020-07-11 22:00:00,6.6,92,5.6,998.2,22,5.9
2020-07-11 23:00:00,5.9,94,6.0,997.9,23,6.2
2020-07-12 00:00:00,6.2,91,5.0,998.0,0,6.1
2020-07-12 01:00:00,6.1,89,5.4,997.6,1,5.2
2020-07-12 02:00:00,5.2,92,4.7,997.6,2,4.7
2020-07-12 03:00:00,4.7,92,4.8,997.4,3,4.8
2020-07-12 04:00:00,4.8,90,6.1,997.4,4,4.2
2020-07-12 05:00:00,4.2,90,5.2,997.1,5,3.8
2020-07-12 06:00:00,3.8,91,4.5,996.9,6,3.8
2020-07-12 07:00:00,3.8,91,4.0,996.9,7,3.9
2020-07-12 08:00:00,3.9,92,5.3,997.4,8,5.2
2020-07-12 09:00:00,5.2,90,6.5,997.8,9,7.4
2020-07-12 10:00:00,7.4,83,3.0,998.0,10,9.9
2020-07-12 11:00:00,9.9,73,3.4,997.9,11,12.0
2020-07-12 12:00:00,12.0,65,5.5,997.7,12,13.6
2020-07-12 13:00:00,13.6,58,7.1,996.8,13,14.6
2020-07-12 14:00:00,14.6,56,8.2,995.8,14,14.8
2020-07-12 15:00:00,14.8,58,9.8,995.5,15,14.2
2020-07-12 16:00:00,14.2,63,11.1,995.6,16,12.8
2020-07-12 17:00:00,12.8,71,8.9,995.8,17,9.6
2020-07-12 18:00:00,9.6,84,7.4,995.8,18,8.8
2020-07-12 19:00:00,8.8,86,7.4,995.9,19,7.9
2020-07-12 20:00:00,7.9,90,11.0,996.1,20,7.6
2020-07-12 21:00:00,7.6,91,9.5,996.1,21,7.1
2020-07-12 22:00:00,7.1,93,9.8,996.0,22,7.8
2020-07-12 23:00:00,7.8,90,8.7,996.2,23,6.1
2020-07-13 00:00:00,6.1,95,10.4,996.6,0,6.1
2020-07-13 01:00:00,6.1,97,8.2,996.4,1,6.7
2020-07-13 02:00:00,6.7,99,7.4,996.0,2,5.9
2020-07-13 03:00:00,5.9,100,6.6,996.0,3,6.6
2020-07-13 04:00:00,6.6,100,7.1,996.1,4,6.7
2020-07-13 05:00:00,6.7,100,7.7,996.1,5,6.8
2020-07-13 06:00:00,6.8,100,9.2,996.4,6,6.7
2020-07-13 07:00:00,6.7,100,11.2,996.9,7,6.2
2020-07-13 08:00:00,6.2,100,8.7,997.8,8,6.8
2020-07-13 09:00:00,6.8,99,8.9,998.4,9,7.5
2020-07-13 10:00:00,7.5,97,8.1,998.6,10,9.1
2020-07-13 11:00:00,9.1,91,8.7,998.8,11,10.7
2020-07-13 12:00:00,10.7,86,9.2,998.4,12,12.6
2020-07-13 13:00:00,12.6,79,9.6,997.5,13,13.9
2020-07-13 14:00:00,13.9,75,10.4,996.7,14,14.6
2020-07-13 15:00:00,14.6,73,10.8,996.5,15,14.6
2020-07-13 16:00:00,14.6,74,10.3,996.4,16,13.4
2020-07-13 17:00:00,13.4,82,8.3,996.2,17,10.2
2020-07-13 18:00:00,10.2,92,7.4,995.8,18,9.3
2020-07-13 19:00:00,9.3,93,6.9,996.0,19,8.0
2020-07-13 20:00:00,8.0,96,8.4,996.2,20,7.2
2020-07-13 21:00:00,7.2,99,8.2,996.1,21,6.9
2020-07-13 22:00:00,6.9,100,7.9,996.0,22,6.4
2020-07-13 23:00:00,6.4,100,7.1,996.0,23,7.6
2020-07-14 00:00:00,7.6,100,6.6,996.2,0,7.4
2020-07-14 01:00:00,7.4,100,6.7,995.8,1,6.9
2020-07-14 02:00:00,6.9,100,8.5,995.1,2,6.0
2020-07-14 03:00:00,6.0,100,6.5,994.5,3,5.8
2020-07-14 04:00:00,5.8,100,6.0,994.0,4,5.3
2020-07-14 05:00:00,5.3,100,7.7,993.7,5,4.9
2020-07-14 06:00:00,4.9,100,8.7,993.5,6,4.8
2020-07-14 07:00:00,4.8,100,7.8,993.4,7,4.2
2020-07-14 08:00:00,4.2,99,7.2,994.0,8,4.8
2020-07-14 09:00:00,4.8,98,8.1,993.9,9,6.2
2020-07-14 10:00:00,6.2,94,6.2,994.1,10,8.4
2020-07-14 11:00:00,8.4,85,5.5,994.1,11,11.3
2020-07-14 12:00:00,11.3,75,7.4,993.6,12,13.9
2020-07-14 13:00:00,13.9,68,8.5,992.7,13,15.7
2020-07-14 14:00:00,15.7,63,8.7,991.8,14,16.6
2020-07-14 15:00:00,16.6,62,8.7,991.2,15,16.6
2020-07-14 16:00:00,16.6,65,8.2,991.0,16,14.6
2020-07-14 17:00:00,14.6,80,5.9,990.9,17,11.5
2020-07-14 18:00:00,11.5,81,10.2,990.7,18,9.5
2020-07-14 19:00:00,9.5,88,10.2,990.9,19,11.1
2020-07-14 20:00:00,11.1,83,6.6,991.7,20,10.4
2020-07-14 21:00:00,10.4,88,4.9,991.6,21,9.1
2020-07-14 22:00:00,9.1,97,4.9,991.5,22,8.2
2020-07-14 23:00:00,8.2,100,4.6,991.6,23,7.3
2020-07-15 00:00:00,7.3,100,1.9,991.3,0,6.9
2020-07-15 01:00:00,6.9,100,1.1,990.8,1,7.1
2020-07-15 02:00:00,7.1,99,1.1,990.6,2,7.4
2020-07-15 03:00:00,7.4,99,2.7,990.4,3,6.4
2020-07-15 04:00:00,6.4,100,3.7,989.7,4,6.2
2020-07-15 05:00:00,6.2,100,1.8,989.4,5,5.7
2020-07-15 06:00:00,5.7,100,1.0,989.3,6,5.2
2020-07-15 07:00:00,5.2,100,1.0,989.5,7,3.9
2020-07-15 08:00:00,3.9,100,1.5,989.8,8,4.2
2020-07-15 09:00:00,4.2,98,2.5,989.8,9,5.7
2020-07-15 10:00:00,5.7,97,1.9,990.0,10,8.1
2020-07-15 11:00:00,8.1,87,1.8,989.8,11,11.7
2020-07-15 12:00:00,11.7,70,1.1,989.8,12,14.5
2020-07-15 13:00:00,14.5,64,0.7,989.5,13,16.6
2020-07-15 14:00:00,16.6,60,1.5,989.0,14,17.8
2020-07-15 15:00:00,17.8,59,2.1,989.1,15,17.9
2020-07-15 16:00:00,17.9,60,1.8,989.4,16,17.0
2020-07-15 17:00:00,17.0,64,4.0,989.7,17,14.1
2020-07-15 18:00:00,14.1,73,7.6,990.3,18,10.4
2020-07-15 19:00:00,10.4,90,8.0,991.0,19,9.6
2020-07-15 20:00:00,9.6,97,7.6,991.2,20,10.3
2020-07-15 21:00:00,10.3,96,7.6,991.7,21,10.0
2020-07-15 22:00:00,10.0,96,7.4,992.2,22,9.7
2020-07-15 23:00:00,9.7,97,5.9,992.7,23,9.1
2020-07-16 00:00:00,9.1,97,6.0,992.9,0,8.8
2020-07-16 01:00:00,8.8,97,6.1,992.6,1,8.6
2020-07-16 02:00:00,8.6,97,5.4,992.6,2,8.2
2020-07-16 03:00:00,8.2,97,4.4,992.3,3,8.4
2020-07-16 04:00:00,8.4,96,6.9,991.9,4,8.4
2020-07-16 05:00:00,8.4,92,7.8,991.6,5,8.1
2020-07-16 06:00:00,8.1,92,6.8,991.5,6,7.6
2020-07-16 07:00:00,7.6,94,3.6,991.6,7,7.3
2020-07-16 08:00:00,7.3,100,4.7,991.0,8,7.9
2020-07-16 09:00:00,7.9,98,3.6,991.2,9,8.8
2020-07-16 10:00:00,8.8,94,2.3,991.7,10,9.4
2020-07-16 11:00:00,9.4,91,4.4,991.9,11,9.9
2020-07-16 12:00:00,9.9,89,4.5,991.8,12,10.6
2020-07-16 13:00:00,10.6,86,4.0,990.5,13,11.2
2020-07-16 14:00:00,11.2,84,6.5,989.4,14,11.5
2020-07-16 15:00:00,11.5,81,5.1,989.0,15,11.9
2020-07-16 16:00:00,11.9,77,6.1,988.8,16,11.1
2020-07-16 17:00:00,11.1,83,4.1,988.8,17,9.9
2020-07-16 18:00:00,9.9,88,4.6,988.8,18,9.4
2020-07-16 19:00:00,9.4,89,4.9,989.0,19,8.6
2020-07-16 20:00:00,8.6,93,4.6,988.3,20,8.8
2020-07-16 21:00:00,8.8,92,6.4,987.8,21,8.6
2020-07-16 22:00:00,8.6,94,7.4,987.0,22,8.1
2020-07-16 23:00:00,8.1,96,5.1,986.7,23,7.6
2020-07-17 00:00:00,7.6,97,4.3,986.7,0,8.1
2020-07-17 01:00:00,8.1,95,5.0,987.1,1,8.4
2020-07-17 02:00:00,8.4,95,8.7,987.0,2,8.4
2020-07-17 03:00:00,8.4,94,8.6,986.9,3,8.4
2020-07-17 04:00:00,8.4,93,8.8,986.4,4,8.6
2020-07-17 05:00:00,8.6,92,11.0,986.4,5,8.6
2020-07-17 06:00:00,8.6,92,12.0,986.4,6,9.1
2020-07-17 07:00:00,9.1,90,13.0,986.8,7,8.8
2020-07-17 08:00:00,8.8,93,14.2,986.8,8,9.7
2020-07-17 09:00:00,9.7,90,13.1,987.5,9,10.1
2020-07-17 10:00:00,10.1,88,16.5,987.9,10,11.0
2020-07-17 11:00:00,11.0,82,21.1,988.3,11,12.4
2020-07-17 12:00:00,12.4,72,22.1,987.9,12,13.4
2020-07-17 13:00:00,13.4,71,23.4,987.3,13,13.9
2020-07-17 14:00:00,13.9,69,23.7,986.6,14,13.4
2020-07-17 15:00:00,13.4,73,20.8,986.2,15,13.2
2020-07-17 16:00:00,13.2,79,18.8,985.9,16,12.8
2020-07-17 17:00:00,12.8,85,14.5,986.0,17,12.5
2020-07-17 18:00:00,12.5,87,16.3,986.5,18,12.1
2020-07-17 19:00:00,12.1,87,20.1,987.3,19,11.1
2020-07-17 20:00:00,11.1,88,16.6,988.0,20,11.1
2020-07-17 21:00:00,11.1,88,16.7,988.6,21,10.6
2020-07-17 22:00:00,10.6,88,17.9,989.2,22,10.2
2020-07-17 23:00:00,10.2,89,16.2,989.6,23,10.2
2020-07-18 00:00:00,10.2,89,14.7,989.4,0,10.1
2020-07-18 01:00:00,10.1,89,10.3,989.3,1,9.9
2020-07-18 02:00:00,9.9,91,6.6,989.3,2,9.9
2020-07-18 03:00:00,9.9,91,7.8,989.0,3,9.9
2020-07-18 04:00:00,9.9,91,7.6,988.8,4,9.9
2020-07-18 05:00:00,9.9,92,7.6,988.6,5,9.9
2020-07-18 06:00:00,9.9,91,6.5,988.7,6,10.2
2020-07-18 07:00:00,10.2,89,9.2,989.2,7,10.4
2020-07-18 08:00:00,10.4,90,8.9,989.3,8,10.6
2020-07-18 09:00:00,10.6,90,8.8,989.3,9,11.1
2020-07-18 10:00:00,11.1,88,12.2,989.7,10,11.9
2020-07-18 11:00:00,11.9,88,15.5,989.6,11,12.2
2020-07-18 12:00:00,12.2,87,17.2,989.4,12,12.3
2020-07-18 13:00:00,12.3,86,15.9,989.4,13,12.8
2020-07-18 14:00:00,12.8,87,16.1,989.2,14,12.8
2020-07-18 15:00:00,12.8,87,19.1,989.0,15,12.6
2020-07-18 16:00:00,12.6,88,17.2,989.4,16,12.1
2020-07-18 17:00:00,12.1,91,13.8,989.7,17,11.9
2020-07-18 18:00:00,11.9,91,13.4,989.9,18,11.7
2020-07-18 19:00:00,11.7,91,10.6,990.2,19,11.2
2020-07-18 20:00:00,11.2,92,8.0,989.9,20,11.6
2020-07-18 21:00:00,11.6,92,7.4,989.9,21,11.6
2020-07-18 22:00:00,11.6,91,11.2,990.2,22,11.7
2020-07-18 23:00:00,11.7,91,14.1,990.1,23,11.7
2020-07-19 00:00:00,11.7,91,13.4,990.2,0,11.4
2020-07-19 01:00:00,11.4,91,12.7,990.1,1,11.4
2020-07-19 02:00:00,11.4,93,10.9,990.2,2,11.2
2020-07-19 03:00:00,11.2,92,10.1,990.1,3,11.1
2020-07-19 04:00:00,11.1,92,10.8,989.9,4,10.8
2020-07-19 05:00:00,10.8,92,9.7,989.8,5,10.6
2020-07-19 06:00:00,10.6,94,6.8,989.9,6,9.9
2020-07-19 07:00:00,9.9,95,5.1,990.2,7,10.4
2020-07-19 08:00:00,10.4,93,9.2,991.0,8,11.2
2020-07-19 09:00:00,11.2,91,9.3,991.0,9,12.1
2020-07-19 10:00:00,12.1,89,10.8,991.3,10,13.1
2020-07-19 11:00:00,13.1,83,14.3,991.2,11,14.1
2020-07-19 12:00:00,14.1,80,12.7,990.9,12,14.6
2020-07-19 13:00:00,14.6,77,10.5,990.2,13,15.2
2020-07-19 14:00:00,15.2,73,12.7,989.5,14,15.1
2020-07-19 15:00:00,15.1,75,13.7,989.4,15,15.0
2020-07-19 16:00:00,15.0,76,10.3,989.5,16,13.6
2020-07-19 17:00:00,13.6,82,11.3,990.1,17,11.3
2020-07-19 18:00:00,11.3,92,5.9,990.3,18,11.4
2020-07-19 19:00:00,11.4,90,5.7,991.1,19,11.6
2020-07-19 20:00:00,11.6,89,10.8,991.7,20,11.3
2020-07-19 21:00:00,11.3,90,11.2,992.0,21,10.9
2020-07-19 22:00:00,10.9,92,8.3,992.4,22,10.9
2020-07-19 23:00:00,10.9,92,8.1,992.2,23,10.6
2020-07-20 00:00:00,10.6,94,4.9,991.8,0,9.8
2020-07-20 01:00:00,9.8,95,5.4,991.0,1,9.1
2020-07-20 02:00:00,9.1,97,4.9,990.5,2,8.2
2020-07-20 03:00:00,8.2,100,5.1,989.9,3,7.6
2020-07-20 04:00:00,7.6,100,5.1,989.6,4,7.1
2020-07-20 05:00:00,7.1,100,4.9,989.4,5,7.1
2020-07-20 06:00:00,7.1,99,4.5,989.5,6,7.2
2020-07-20 07:00:00,7.2,97,5.6,989.8,7,7.4
2020-07-20 08:00:00,7.4,95,5.0,990.7,8,9.1
2020-07-20 09:00:00,9.1,93,7.7,990.8,9,10.9
2020-07-20 10:00:00,10.9,89,6.3,991.5,10,12.4
2020-07-20 11:00:00,12.4,82,10.1,991.4,11,13.6
2020-07-20 12:00:00,13.6,76,12.9,991.2,12,14.4
2020-07-20 13:00:00,14.4,69,13.5,990.6,13,14.3
2020-07-20 14:00:00,14.3,69,11.0,989.9,14,14.1
2020-07-20 15:00:00,14.1,73,11.5,989.8,15,13.1
2020-07-20 16:00:00,13.1,81,11.2,990.3,16,12.8
2020-07-20 17:00:00,12.8,83,8.7,990.5,17,10.6
2020-07-20 18:00:00,10.6,92,5.0,990.6,18,10.2
2020-07-20 19:00:00,10.2,94,7.6,990.6,19,9.5
2020-07-20 20:00:00,9.5,93,7.2,991.0,20,9.1
2020-07-20 21:00:00,9.1,95,5.9,990.9,21,8.0
2020-07-20 22:00:00,8.0,96,7.2,990.3,22,8.6
2020-07-20 23:00:00,8.6,97,4.5,990.2,23,8.0
2020-07-21 00:00:00,8.0,98,4.0,990.1,0,7.8
2020-07-21 01:00:00,7.8,98,4.1,989.9,1,8.1
2020-07-21 02:00:00,8.1,96,5.4,989.9,2,8.4
2020-07-21 03:00:00,8.4,94,5.1,990.0,3,8.8
2020-07-21 04:00:00,8.8,93,7.6,989.5,4,8.9
2020-07-21 05:00:00,8.9,93,5.6,989.3,5,8.3
2020-07-21 06:00:00,8.3,96,4.7,989.6,6,8.7
2020-07-21 07:00:00,8.7,93,6.4,990.6,7,8.4
2020-07-21 08:00:00,8.4,93,8.7,991.9,8,8.6
2020-07-21 09:00:00,8.6,92,6.4,992.5,9,8.9
2020-07-21 10:00:00,8.9,93,7.4,993.0,10,9.2
2020-07-21 11:00:00,9.2,93,5.9,993.8,11,9.6
2020-07-21 12:00:00,9.6,91,7.4,994.1,12,9.7
2020-07-21 13:00:00,9.7,89,11.3,994.0,13,9.6
2020-07-21 14:00:00,9.6,87,12.6,993.8,14,10.1
2020-07-21 15:00:00,10.1,80,6.1,993.9,15,10.1
2020-07-21 16:00:00,10.1,84,5.8,994.4,16,10.0
2020-07-21 17:00:00,10.0,87,6.4,995.0,17,8.7
2020-07-21 18:00:00,8.7,91,5.2,995.3,18,8.1
2020-07-21 19:00:00,8.1,92,5.6,995.7,19,7.6
2020-07-21 20:00:00,7.6,92,8.1,995.9,20,6.8
2020-07-21 21:00:00,6.8,93,5.6,996.1,21,6.0
2020-07-21 22:00:00,6.0,95,5.0,996.1,22,5.7
2020-07-21 23:00:00,5.7,95,5.1,995.9,23,5.1
2020-07-22 00:00:00,5.1,95,5.4,995.5,0,5.0
2020-07-22 01:00:00,5.0,93,5.1,995.3,1,4.2
2020-07-22 02:00:00,4.2,96,4.3,995.0,2,5.2
2020-07-22 03:00:00,5.2,95,1.0,994.9,3,5.1
2020-07-22 04:00:00,5.1,95,2.7,995.0,4,4.8
2020-07-22 05:00:00,4.8,95,2.4,995.1,5,4.6
2020-07-22 06:00:00,4.6,95,0.4,995.3,6,3.3
2020-07-22 07:00:00,3.3,98,2.0,995.4,7,3.5
2020-07-22 08:00:00,3.5,97,2.7,995.8,8,4.6
2020-07-22 09:00:00,4.6,96,4.1,996.2,9,6.6
2020-07-22 10:00:00,6.6,94,3.3,996.7,10,9.1
2020-07-22 11:00:00,9.1,83,2.5,997.1,11,10.9
2020-07-22 12:00:00,10.9,70,2.5,996.9,12,11.9
2020-07-22 13:00:00,11.9,61,3.7,996.3,13,12.1
2020-07-22 14:00:00,12.1,59,3.6,996.0,14,12.3
2020-07-22 15:00:00,12.3,58,1.8,995.7,15,12.2
2020-07-22 16:00:00,12.2,57,0.4,995.6,16,11.6
2020-07-22 17:00:00,11.6,67,2.3,995.4,17,9.2
2020-07-22 18:00:00,9.2,72,6.2,995.3,18,9.9
2020-07-22 19:00:00,9.9,67,5.7,995.7,19,9.1
2020-07-22 20:00:00,9.1,66,3.1,995.8,20,8.0
2020-07-22 21:00:00,8.0,70,2.5,995.4,21,7.0
2020-07-22 22:00:00,7.0,76,3.7,995.5,22,5.4
2020-07-22 23:00:00,5.4,83,1.8,995.3,23,2.7
2020-07-23 00:00:00,2.7,92,2.3,995.0,0,2.1
2020-07-23 01:00:00,2.1,92,1.3,994.5,1,2.6
2020-07-23 02:00:00,2.6,90,1.5,994.8,2,1.3
2020-07-23 03:00:00,1.3,92,4.0,994.7,3,0.4
2020-07-23 04:00:00,0.4,90,5.2,994.5,4,0.2
2020-07-23 05:00:00,0.2,85,6.2,994.5,5,0.2
2020-07-23 06:00:00,0.2,80,6.1,994.8,6,-0.6
2020-07-23 07:00:00,-0.6,82,7.6,995.1,7,0.1
2020-07-23 08:00:00,0.1,79,6.7,995.8,8,3.2
2020-07-23 09:00:00,3.2,72,6.6,996.6,9,6.3
2020-07-23 10:00:00,6.3,70,5.9,997.5,10,9.1
2020-07-23 11:00:00,9.1,67,6.3,997.7,11,10.9
2020-07-23 12:00:00,10.9,63,5.7,997.6,12,12.0
2020-07-23 13:00:00,12.0,61,5.1,997.2,13,12.6
2020-07-23 14:00:00,12.6,60,4.7,996.6,14,11.4
2020-07-23 15:00:00,11.4,66,6.1,996.7,15,10.1
2020-07-23 16:00:00,10.1,76,7.2,996.9,16,9.5
2020-07-23 17:00:00,9.5,79,5.9,997.3,17,7.2
2020-07-23 18:00:00,7.2,89,5.2,997.6,18,6.1
2020-07-23 19:00:00,6.1,94,6.5,997.9,19,6.4
2020-07-23 20:00:00,6.4,92,5.5,998.0,20,7.2
2020-07-23 21:00:00,7.2,84,5.5,998.0,21,6.6
2020-07-23 22:00:00,6.6,86,5.5,998.4,22,6.3
2020-07-23 23:00:00,6.3,85,4.6,998.7,23,5.8
2020-07-24 00:00:00,5.8,87,1.5,999.2,0,5.2
2020-07-24 01:00:00,5.2,91,0.4,999.4,1,4.7
2020-07-24 02:00:00,4.7,93,2.5,1000.1,2,4.1
2020-07-24 03:00:00,4.1,97,1.5,1000.0,3,3.2
2020-07-24 04:00:00,3.2,100,3.6,999.9,4,2.5
2020-07-24 05:00:00,2.5,100,3.3,999.2,5,2.3
2020-07-24 06:00:00,2.3,100,2.4,999.8,6,2.7
2020-07-24 07:00:00,2.7,99,1.8,1000.9,7,1.8
2020-07-24 08:00:00,1.8,98,2.9,1001.8,8,2.2
2020-07-24 09:00:00,2.2,99,3.6,1002.4,9,4.4
2020-07-24 10:00:00,4.4,96,3.0,1003.2,10,7.0
2020-07-24 11:00:00,7.0,86,2.9,1003.3,11,9.8
2020-07-24 12:00:00,9.8,71,2.7,1003.2,12,11.6
2020-07-24 13:00:00,11.6,61,1.9,1002.9,13,12.4
2020-07-24 14:00:00,12.4,58,3.3,1002.8,14,12.8
2020-07-24 15:00:00,12.8,57,2.3,1002.4,15,12.8
2020-07-24 16:00:00,12.8,55,0.7,1002.2,16,12.2
2020-07-24 17:00:00,12.2,64,1.0,1002.3,17,11.1
2020-07-24 18:00:00,11.1,61,4.7,1002.3,18,6.3
2020-07-24 19:00:00,6.3,83,10.0,1002.1,19,5.3
2020-07-24 20:00:00,5.3,88,10.7,1002.1,20,5.2
2020-07-24 21:00:00,5.2,87,9.2,1002.3,21,5.9
2020-07-24 22:00:00,5.9,84,6.1,1002.4,22,4.7
2020-07-24 23:00:00,4.7,89,1.3,1002.1,23,3.6
2020-07-25 00:00:00,3.6,94,1.5,1001.8,0,1.3
2020-07-25 01:00:00,1.3,95,2.6,1001.4,1,0.4
2020-07-25 02:00:00,0.4,92,4.0,1000.8,2,-0.6
2020-07-25 03:00:00,-0.6,94,5.9,999.7,3,0.9
2020-07-25 04:00:00,0.9,86,1.1,999.4,4,1.5
2020-07-25 05:00:00,1.5,74,2.9,999.4,5,2.0
2020-07-25 06:00:00,2.0,65,3.8,999.3,6,2.2
2020-07-25 07:00:00,2.2,61,2.4,999.3,7,1.9
2020-07-25 08:00:00,1.9,75,3.4,999.8,8,3.2
2020-07-25 09:00:00,3.2,77,5.1,999.5,9,4.3
2020-07-25 10:00:00,4.3,79,1.5,1000.1,10,5.9
2020-07-25 11:00:00,5.9,72,0.5,1000.2,11,7.1
2020-07-25 12:00:00,7.1,68,3.3,999.8,12,7.8
2020-07-25 13:00:00,7.8,65,2.2,999.2,13,10.6
2020-07-25 14:00:00,10.6,56,3.8,998.3,14,11.1
2020-07-25 15:00:00,11.1,55,4.3,997.8,15,10.6
2020-07-25 16:00:00,10.6,65,5.0,998.0,16,10.2
2020-07-25 17:00:00,10.2,73,4.1,997.9,17,7.7
2020-07-25 18:00:00,7.7,79,8.7,997.5,18,7.9
2020-07-25 19:00:00,7.9,78,5.4,997.5,19,5.7
2020-07-25 20:00:00,5.7,86,7.4,997.0,20,6.3
2020-07-25 21:00:00,6.3,86,5.9,997.1,21,6.2
2020-07-25 22:00:00,6.2,86,4.5,996.9,22,5.8
2020-07-25 23:00:00,5.8,85,5.2,997.3,23,5.2
2020-07-26 00:00:00,5.2,88,5.4,997.0,0,4.2
2020-07-26 01:00:00,4.2,90,4.1,996.4,1,5.0
2020-07-26 02:00:00,5.0,85,3.8,996.5,2,5.8
2020-07-26 03:00:00,5.8,78,4.1,996.2,3,5.1
2020-07-26 04:00:00,5.1,87,2.6,995.7,4,5.2
2020-07-26 05:00:00,5.2,86,3.3,995.5,5,5.1
2020-07-26 06:00:00,5.1,88,4.3,996.1,6,5.3
2020-07-26 07:00:00,5.3,86,3.5,996.3,7,5.2
2020-07-26 08:00:00,5.2,84,3.1,996.8,8,6.4
2020-07-26 09:00:00,6.4,83,7.4,997.2,9,8.4
2020-07-26 10:00:00,8.4,78,5.8,997.2,10,9.2
2020-07-26 11:00:00,9.2,73,5.8,997.3,11,10.6
2020-07-26 12:00:00,10.6,64,4.3,997.5,12,11.6
2020-07-26 13:00:00,11.6,60,4.9,997.1,13,11.7
2020-07-26 14:00:00,11.7,63,4.2,996.7,14,11.7
2020-07-26 15:00:00,11.7,68,2.9,996.3,15,10.9
2020-07-26 16:00:00,10.9,75,4.8,996.5,16,10.3
2020-07-26 17:00:00,10.3,73,5.4,996.8,17,9.4
2020-07-26 18:00:00,9.4,72,4.5,996.9,18,8.5
2020-07-26 19:00:00,8.5,78,4.8,997.2,19,8.4
2020-07-26 20:00:00,8.4,81,2.6,997.5,20,8.4
2020-07-26 21:00:00,8.4,87,2.3,997.9,21,8.4
2020-07-26 22:00:00,8.4,85,3.1,997.9,22,8.5
2020-07-26 23:00:00,8.5,85,7.5,997.9,23,8.4
2020-07-27 00:00:00,8.4,92,10.0,998.1,0,8.0
2020-07-27 01:00:00,8.0,93,10.8,998.1,1,7.1
2020-07-27 02:00:00,7.1,95,10.8,998.3,2,6.3
2020-07-27 03:00:00,6.3,97,10.0,998.3,3,5.8
2020-07-27 04:00:00,5.8,98,9.4,998.5,4,5.1
2020-07-27 05:00:00,5.1,99,8.7,998.5,5,4.4
2020-07-27 06:00:00,4.4,100,8.2,998.5,6,4.8
2020-07-27 07:00:00,4.8,99,9.2,998.9,7,5.2
2020-07-27 08:00:00,5.2,98,12.3,999.3,8,6.0
2020-07-27 09:00:00,6.0,97,15.9,1000.2,9,7.6
2020-07-27 10:00:00,7.6,88,16.2,1000.6,10,9.1
2020-07-27 11:00:00,9.1,80,14.4,1000.8,11,10.8
2020-07-27 12:00:00,10.8,70,16.6,1000.8,12,11.9
2020-07-27 13:00:00,11.9,62,17.6,999.8,13,12.4
2020-07-27 14:00:00,12.4,58,18.5,999.4,14,12.6
2020-07-27 15:00:00,12.6,53,20.2,999.0,15,12.2
2020-07-27 16:00:00,12.2,50,20.5,999.0,16,10.9
2020-07-27 17:00:00,10.9,56,16.9,999.2,17,8.6
2020-07-27 18:00:00,8.6,61,13.7,999.2,18,7.2
2020-07-27 19:00:00,7.2,66,12.7,999.6,19,6.2
2020-07-27 20:00:00,6.2,65,14.3,1000.0,20,5.2
2020-07-27 21:00:00,5.2,70,14.1,1000.2,21,4.0
2020-07-27 22:00:00,4.0,78,13.3,1000.6,22,3.0
2020-07-27 23:00:00,3.0,86,11.5,1000.8,23,2.1
2020-07-28 00:00:00,2.1,92,10.8,1000.7,0,1.5
2020-07-28 01:00:00,1.5,94,10.2,1000.6,1,0.9
2020-07-28 02:00:00,0.9,95,10.2,1000.3,2,0.3
2020-07-28 03:00:00,0.3,95,9.7,999.8,3,-0.2
2020-07-28 04:00:00,-0.2,96,8.9,999.6,4,-1.0
2020-07-28 05:00:00,-1.0,97,6.9,999.1,5,-1.6
2020-07-28 06:00:00,-1.6,99,6.4,998.9,6,-2.0
2020-07-28 07:00:00,-2.0,100,6.4,998.8,7,-2.1
2020-07-28 08:00:00,-2.1,100,7.2,998.8,8,-0.6
2020-07-28 09:00:00,-0.6,99,7.9,999.2,9,0.8
2020-07-28 10:00:00,0.8,95,6.9,999.3,10,3.4
2020-07-28 11:00:00,3.4,85,7.9,999.0,11,6.2
2020-07-28 12:00:00,6.2,73,9.2,998.5,12,8.4
2020-07-28 13:00:00,8.4,66,9.0,997.7,13,10.0
2020-07-28 14:00:00,10.0,62,9.3,996.9,14,10.9
2020-07-28 15:00:00,10.9,59,9.7,996.4,15,11.1
2020-07-28 16:00:00,11.1,60,9.8,996.2,16,10.1
2020-07-28 17:00:00,10.1,68,8.1,996.5,17,6.1
2020-07-28 18:00:00,6.1,83,9.0,996.2,18,4.4
2020-07-28 19:00:00,4.4,88,8.9,996.4,19,3.0
2020-07-28 20:00:00,3.0,89,10.1,996.4,20,2.8
2020-07-28 21:00:00,2.8,90,8.2,996.5,21,2.2
2020-07-28 22:00:00,2.2,92,9.8,996.7,22,2.5
2020-07-28 23:00:00,2.5,95,7.9,996.6,23,2.4
2020-07-29 00:00:00,2.4,98,5.6,996.3,0,2.8
2020-07-29 01:00:00,2.8,100,5.1,995.9,1,2.8
2020-07-29 02:00:00,2.8,100,4.1,995.6,2,2.2
2020-07-29 03:00:00,2.2,100,4.6,994.9,3,1.7
2020-07-29 04:00:00,1.7,100,5.3,994.0,4,1.2
2020-07-29 05:00:00,1.2,100,8.3,993.5,5,1.0
2020-07-29 06:00:00,1.0,100,8.2,993.5,6,0.3
2020-07-29 07:00:00,0.3,100,7.5,993.5,7,0.6
2020-07-29 08:00:00,0.6,100,6.5,993.9,8,1.0
2020-07-29 09:00:00,1.0,99,6.3,993.8,9,2.8
2020-07-29 10:00:00,2.8,97,4.9,994.0,10,5.3
2020-07-29 11:00:00,5.3,88,3.6,994.0,11,8.6
2020-07-29 12:00:00,8.6,79,3.4,993.5,12,11.2
2020-07-29 13:00:00,11.2,70,4.4,992.6,13,13.4
2020-07-29 14:00:00,13.4,65,4.7,991.5,14,14.6
2020-07-29 15:00:00,14.6,61,4.3,990.6,15,14.9
2020-07-29 16:00:00,14.9,62,3.5,990.2,16,13.6
2020-07-29 17:00:00,13.6,79,3.9,989.7,17,12.4
2020-07-29 18:00:00,12.4,69,6.7,989.5,18,10.2
2020-07-29 19:00:00,10.2,79,5.6,989.3,19,8.6
2020-07-29 20:00:00,8.6,88,2.7,989.0,20,7.8
2020-07-29 21:00:00,7.8,90,1.6,988.9,21,7.3
2020-07-29 22:00:00,7.3,89,0.4,989.6,22,6.5
2020-07-29 23:00:00,6.5,93,4.8,990.4,23,5.3
2020-07-30 00:00:00,5.3,100,4.0,991.0,0,3.1
2020-07-30 01:00:00,3.1,99,6.6,990.6,1,4.0
2020-07-30 02:00:00,4.0,95,7.6,990.2,2,3.3
2020-07-30 03:00:00,3.3,96,6.8,989.6,3,3.0
2020-07-30 04:00:00,3.0,97,5.6,990.2,4,2.7
2020-07-30 05:00:00,2.7,94,6.6,991.2,5,2.5
2020-07-30 06:00:00,2.5,97,5.4,992.8,6,3.3
2020-07-30 07:00:00,3.3,98,8.8,994.4,7,4.0
2020-07-30 08:00:00,4.0,99,9.8,995.2,8,5.3
2020-07-30 09:00:00,5.3,95,6.6,996.5,9,6.9
2020-07-30 10:00:00,6.9,89,4.1,997.2,10,8.6
2020-07-30 11:00:00,8.6,83,5.8,997.4,11,10.4
2020-07-30 12:00:00,10.4,75,7.6,997.0,12,11.1
2020-07-30 13:00:00,11.1,68,7.6,996.1,13,11.2
2020-07-30 14:00:00,11.2,68,5.2,995.7,14,11.4
2020-07-30 15:00:00,11.4,69,4.1,995.1,15,10.9
2020-07-30 16:00:00,10.9,76,2.1,994.7,16,10.1
2020-07-30 17:00:00,10.1,79,4.1,995.0,17,7.7
2020-07-30 18:00:00,7.7,88,8.3,995.2,18,7.5
2020-07-30 19:00:00,7.5,87,6.8,995.6,19,6.8
2020-07-30 20:00:00,6.8,92,5.3,995.2,20,6.8
2020-07-30 21:00:00,6.8,94,4.0,995.0,21,6.2
2020-07-30 22:00:00,6.2,96,3.1,995.1,22,6.7
2020-07-30 23:00:00,6.7,94,1.5,995.6,23,6.0
2020-07-31 00:00:00,6.0,98,0.4,995.4,0,5.3
2020-07-31 01:00:00,5.3,100,3.8,994.9,1,4.2
2020-07-31 02:00:00,4.2,100,0.0,994.6,2,2.7
2020-07-31 03:00:00,2.7,100,0.4,994.2,3,2.2
2020-07-31 04:00:00,2.2,100,2.5,993.8,4,1.9
2020-07-31 05:00:00,1.9,100,2.3,993.0,5,2.1
2020-07-31 06:00:00,2.1,100,1.8,992.8,6,2.0
2020-07-31 07:00:00,2.0,100,1.6,992.7,7,2.5
2020-07-31 08:00:00,2.5,98,1.3,993.3,8,4.2
2020-07-31 09:00:00,4.2,95,4.0,993.3,9,6.5
2020-07-31 10:00:00,6.5,86,3.7,993.5,10,8.6
2020-07-31 11:00:00,8.6,78,2.9,993.1,11,11.0
2020-07-31 12:00:00,11.0,69,1.9,993.1,12,12.1
2020-07-31 13:00:00,12.1,67,1.4,992.3,13,13.5
2020-07-31 14:00:00,13.5,67,0.7,990.6,14,14.2
2020-07-31 15:00:00,14.2,68,5.8,989.2,15,14.1
2020-07-31 16:00:00,14.1,68,2.3,988.8,16,12.9
2020-07-31 17:00:00,12.9,83,4.5,988.0,17,10.2
2020-07-31 18:00:00,10.2,89,6.1,987.2,18,11.8
2020-07-31 19:00:00,11.8,77,0.5,987.2,19,11.1
2020-07-31 20:00:00,11.1,81,2.9,986.9,20,10.9
2020-07-31 21:00:00,10.9,82,4.7,987.1,21,10.9
2020-07-31 22:00:00,10.9,81,1.5,986.5,22,8.4
2020-07-31 23:00:00,8.4,92,5.1,986.0,23,8.1
2020-08-01 00:00:00,8.1,88,5.0,985.5,0,8.4
2020-08-01 01:00:00,8.4,83,5.0,985.6,1,9.1
2020-08-01 02:00:00,9.1,76,3.4,986.7,2,9.0
2020-08-01 03:00:00,9.0,76,3.1,987.6,3,7.9
2020-08-01 04:00:00,7.9,81,6.6,987.4,4,7.9
2020-08-01 05:00:00,7.9,79,10.7,987.3,5,7.8
2020-08-01 06:00:00,7.8,81,9.1,987.6,6,7.0
2020-08-01 07:00:00,7.0,89,6.6,988.7,7,6.7
2020-08-01 08:00:00,6.7,91,7.4,989.5,8,8.0
2020-08-01 09:00:00,8.0,86,10.2,991.1,9,9.6
2020-08-01 10:00:00,9.6,82,13.2,992.2,10,10.2
2020-08-01 11:00:00,10.2,78,14.3,993.1,11,11.2
2020-08-01 12:00:00,11.2,77,14.2,993.6,12,12.9
2020-08-01 13:00:00,12.9,72,17.8,994.4,13,13.4
2020-08-01 14:00:00,13.4,68,19.2,993.4,14,13.6
2020-08-01 15:00:00,13.6,67,14.8,993.4,15,13.1
2020-08-01 16:00:00,13.1,69,13.3,993.4,16,13.1
2020-08-01 17:00:00,13.1,72,10.2,994.2,17,12.1
2020-08-01 18:00:00,12.1,78,6.9,994.9,18,11.1
2020-08-01 19:00:00,11.1,87,7.3,995.9,19,10.4
2020-08-01 20:00:00,10.4,86,4.5,997.0,20,9.9
2020-08-01 21:00:00,9.9,86,5.1,997.2,21,10.2
2020-08-01 22:00:00,10.2,82,3.5,997.2,22,9.7
2020-08-01 23:00:00,9.7,85,3.9,996.7,23,6.8
2020-08-02 00:00:00,6.8,95,6.0,996.1,0,7.9
2020-08-02 01:00:00,7.9,94,3.5,996.1,1,7.9
2020-08-02 02:00:00,7.9,93,1.9,995.6,2,6.0
2020-08-02 03:00:00,6.0,97,5.1,995.1,3,7.3
2020-08-02 04:00:00,7.3,95,0.7,994.6,4,6.8
2020-08-02 05:00:00,6.8,97,1.5,994.1,5,6.6
2020-08-02 06:00:00,6.6,94,1.8,994.3,6,6.3
2020-08-02 07:00:00,6.3,89,1.8,994.4,7,4.8
2020-08-02 08:00:00,4.8,84,2.3,994.7,8,6.4
2020-08-02 09:00:00,6.4,83,1.5,995.0,9,9.1
2020-08-02 10:00:00,9.1,85,3.4,995.6,10,11.6
2020-08-02 11:00:00,11.6,82,6.6,995.6,11,13.6
2020-08-02 12:00:00,13.6,72,8.0,995.1,12,15.2
2020-08-02 13:00:00,15.2,64,6.8,994.1,13,16.4
2020-08-02 14:00:00,16.4,59,5.1,992.6,14,17.0
2020-08-02 15:00:00,17.0,58,8.2,992.2,15,16.8
2020-08-02 16:00:00,16.8,60,9.9,992.5,16,15.4
2020-08-02 17:00:00,15.4,69,5.9,992.5,17,11.8
2020-08-02 18:00:00,11.8,80,8.9,992.3,18,9.5
2020-08-02 19:00:00,9.5,89,11.0,992.3,19,8.4
2020-08-02 20:00:00,8.4,93,10.9,993.0,20,10.2
2020-08-02 21:00:00,10.2,93,4.3,992.9,21,7.0
2020-08-02 22:00:00,7.0,100,4.3,991.8,22,7.2
2020-08-02 23:00:00,7.2,100,5.9,991.9,23,6.1
2020-08-03 00:00:00,6.1,100,7.6,992.9,0,6.3
2020-08-03 01:00:00,6.3,100,3.1,993.2,1,6.1
2020-08-03 02:00:00,6.1,100,2.6,992.5,2,6.2
2020-08-03 03:00:00,6.2,100,3.0,992.0,3,6.3
2020-08-03 04:00:00,6.3,100,1.3,992.3,4,6.6
2020-08-03 05:00:00,6.6,100,1.3,992.6,5,6.8
2020-08-03 06:00:00,6.8,100,1.8,993.4,6,7.2
2020-08-03 07:00:00,7.2,99,3.3,994.2,7,7.2
2020-08-03 08:00:00,7.2,99,2.5,995.0,8,8.2
2020-08-03 09:00:00,8.2,98,1.8,996.2,9,9.3
2020-08-03 10:00:00,9.3,94,3.9,996.7,10,10.6
2020-08-03 11:00:00,10.6,90,5.1,997.1,11,12.1
2020-08-03 12:00:00,12.1,84,4.3,996.7,12,12.9
2020-08-03 13:00:00,12.9,81,1.6,995.5,13,14.2
2020-08-03 14:00:00,14.2,78,5.7,995.2,14,15.0
2020-08-03 15:00:00,15.0,75,3.8,994.4,15,15.2
2020-08-03 16:00:00,15.2,74,5.2,994.3,16,14.8
2020-08-03 17:00:00,14.8,76,9.7,994.4,17,12.4
2020-08-03 18:00:00,12.4,87,9.9,994.7,18,11.8
2020-08-03 19:00:00,11.8,89,8.0,994.8,19,11.2
2020-08-03 20:00:00,11.2,90,6.8,994.9,20,9.9
2020-08-03 21:00:00,9.9,94,7.3,996.0,21,9.5
2020-08-03 22:00:00,9.5,95,6.5,996.0,22,8.9
2020-08-03 23:00:00,8.9,98,5.1,995.1,23,7.4
2020-08-04 00:00:00,7.4,100,4.9,994.5,0,7.7
2020-08-04 01:00:00,7.7,100,4.0,994.4,1,7.6
2020-08-04 02:00:00,7.6,100,6.1,994.4,2,7.8
2020-08-04 03:00:00,7.8,99,7.2,994.0,3,7.8
2020-08-04 04:00:00,7.8,100,7.0,993.6,4,7.1
2020-08-04 05:00:00,7.1,100,7.4,993.3,5,6.9
2020-08-04 06:00:00,6.9,100,5.1,993.2,6,6.8
2020-08-04 07:00:00,6.8,99,5.6,993.7,7,6.2
2020-08-04 08:00:00,6.2,96,4.2,994.4,8,6.8
2020-08-04 09:00:00,6.8,98,6.5,994.7,9,7.8
2020-08-04 10:00:00,7.8,97,6.5,995.1,10,9.3
2020-08-04 11:00:00,9.3,93,4.9,995.0,11,11.9
2020-08-04 12:00:00,11.9,84,4.3,995.1,12,14.2
2020-08-04 13:00:00,14.2,76,3.9,994.4,13,16.0
2020-08-04 14:00:00,16.0,68,2.7,993.6,14,17.1
2020-08-04 15:00:00,17.1,64,1.3,992.8,15,17.5
2020-08-04 16:00:00,17.5,63,1.3,992.7,16,17.4
2020-08-04 17:00:00,17.4,64,0.4,993.0,17,16.7
2020-08-04 18:00:00,16.7,66,4.0,993.2,18,12.1
2020-08-04 19:00:00,12.1,84,7.6,993.2,19,13.7
2020-08-04 20:00:00,13.7,79,4.5,993.5,20,13.2
2020-08-04 21:00:00,13.2,80,1.0,993.7,21,10.6
2020-08-04 22:00:00,10.6,92,7.6,994.1,22,9.6
2020-08-04 23:00:00,9.6,98,8.7,995.0,23,10.9
2020-08-05 00:00:00,10.9,97,1.8,995.6,0,10.6
2020-08-05 01:00:00,10.6,97,4.3,995.9,1,10.6
2020-08-05 02:00:00,10.6,96,6.8,996.2,2,10.9
2020-08-05 03:00:00,10.9,96,7.8,996.3,3,11.0
2020-08-05 04:00:00,11.0,95,9.2,996.4,4,11.1
2020-08-05 05:00:00,11.1,94,7.2,997.0,5,11.1
2020-08-05 06:00:00,11.1,94,4.8,997.5,6,10.6
2020-08-05 07:00:00,10.6,95,4.5,998.2,7,10.4
2020-08-05 08:00:00,10.4,93,3.1,998.9,8,10.6
2020-08-05 09:00:00,10.6,95,2.4,999.3,9,11.2
2020-08-05 10:00:00,11.2,93,3.3,999.7,10,12.8
2020-08-05 11:00:00,12.8,86,1.5,999.9,11,13.9
2020-08-05 12:00:00,13.9,78,6.1,1000.3,12,13.9
2020-08-05 13:00:00,13.9,77,8.2,999.7,13,14.2
2020-08-05 14:00:00,14.2,72,7.6,999.1,14,15.1
2020-08-05 15:00:00,15.1,62,5.2,998.7,15,15.3
2020-08-05 16:00:00,15.3,58,4.3,998.8,16,14.9
2020-08-05 17:00:00,14.9,59,6.0,998.9,17,12.1
2020-08-05 18:00:00,12.1,79,16.7,999.7,18,10.8
2020-08-05 19:00:00,10.8,85,14.5,1000.3,19,10.4
2020-08-05 20:00:00,10.4,82,12.3,1001.3,20,10.4
2020-08-05 21:00:00,10.4,77,15.7,1001.7,21,9.4
2020-08-05 22:00:00,9.4,77,17.2,1001.8,22,8.2
2020-08-05 23:00:00,8.2,79,16.7,1001.7,23,7.2
2020-08-06 00:00:00,7.2,85,16.5,1001.3,0,6.4
2020-08-06 01:00:00,6.4,89,16.7,1000.4,1,5.8
2020-08-06 02:00:00,5.8,90,17.1,999.5,2,5.1
2020-08-06 03:00:00,5.1,91,16.0,998.4,3,4.5
2020-08-06 04:00:00,4.5,90,14.5,997.4,4,4.1
2020-08-06 05:00:00,4.1,87,13.9,996.8,5,3.8
2020-08-06 06:00:00,3.8,84,12.1,996.4,6,3.5
2020-08-06 07:00:00,3.5,82,12.1,996.4,7,2.4
2020-08-06 08:00:00,2.4,90,9.0,997.2,8,3.8
2020-08-06 09:00:00,3.8,82,10.5,997.5,9,5.8
2020-08-06 10:00:00,5.8,71,13.6,997.1,10,7.4
2020-08-06 11:00:00,7.4,66,11.6,996.7,11,9.3
2020-08-06 12:00:00,9.3,62,10.8,996.4,12,10.7
2020-08-06 13:00:00,10.7,59,14.2,996.1,13,11.4
2020-08-06 14:00:00,11.4,58,10.9,994.8,14,12.2
2020-08-06 15:00:00,12.2,56,13.4,994.0,15,12.4
2020-08-06 16:00:00,12.4,56,13.2,993.9,16,11.9
2020-08-06 17:00:00,11.9,60,10.8,994.0,17,9.3
2020-08-06 18:00:00,9.3,71,7.9,994.2,18,7.9
2020-08-06 19:00:00,7.9,77,7.6,994.7,19,7.2
2020-08-06 20:00:00,7.2,82,7.6,994.8,20,7.9
2020-08-06 21:00:00,7.9,79,8.6,995.0,21,7.6
2020-08-06 22:00:00,7.6,80,10.0,995.2,22,6.6
2020-08-06 23:00:00,6.6,84,8.3,995.4,23,5.4
2020-08-07 00:00:00,5.4,90,8.4,995.2,0,5.8
2020-08-07 01:00:00,5.8,87,12.7,995.5,1,5.2
2020-08-07 02:00:00,5.2,89,12.4,995.4,2,4.8
2020-08-07 03:00:00,4.8,92,12.0,995.1,3,4.4
2020-08-07 04:00:00,4.4,91,14.0,995.1,4,3.7
2020-08-07 05:00:00,3.7,97,8.2,994.5,5,3.2
2020-08-07 06:00:00,3.2,100,9.3,994.2,6,3.0
2020-08-07 07:00:00,3.0,98,13.2,994.8,7,2.9
2020-08-07 08:00:00,2.9,100,9.1,994.8,8,3.6
2020-08-07 09:00:00,3.6,96,9.3,995.6,9,4.5
2020-08-07 10:00:00,4.5,92,8.7,995.9,10,6.5
2020-08-07 11:00:00,6.5,83,7.6,995.9,11,8.9
2020-08-07 12:00:00,8.9,74,7.7,995.6,12,11.1
2020-08-07 13:00:00,11.1,66,9.8,994.9,13,11.9
2020-08-07 14:00:00,11.9,61,13.0,994.4,14,12.3
2020-08-07 15:00:00,12.3,59,14.7,994.2,15,12.8
2020-08-07 16:00:00,12.8,59,12.3,994.0,16,12.5
2020-08-07 17:00:00,12.5,61,9.8,993.9,17,8.9
2020-08-07 18:00:00,8.9,75,10.3,993.7,18,6.9
2020-08-07 19:00:00,6.9,82,12.1,993.7,19,6.1
2020-08-07 20:00:00,6.1,87,11.4,994.6,20,7.1
2020-08-07 21:00:00,7.1,84,8.2,995.0,21,5.4
2020-08-07 22:00:00,5.4,89,10.7,995.1,22,5.3
2020-08-07 23:00:00,5.3,89,8.4,995.0,23,5.9
2020-08-08 00:00:00,5.9,89,9.7,995.6,0,4.7
2020-08-08 01:00:00,4.7,95,6.6,995.6,1,5.2
2020-08-08 02:00:00,5.2,96,3.9,995.2,2,4.5
2020-08-08 03:00:00,4.5,99,4.8,995.3,3,4.6
2020-08-08 04:00:00,4.6,100,8.2,995.1,4,4.4
2020-08-08 05:00:00,4.4,100,8.8,995.0,5,4.5
2020-08-08 06:00:00,4.5,100,7.9,995.3,6,4.3
2020-08-08 07:00:00,4.3,100,5.8,995.2,7,4.0
2020-08-08 08:00:00,4.0,100,6.2,996.0,8,4.8
2020-08-08 09:00:00,4.8,99,6.2,996.9,9,5.8
2020-08-08 10:00:00,5.8,97,7.4,997.0,10,8.3
2020-08-08 11:00:00,8.3,88,8.7,996.8,11,10.1
2020-08-08 12:00:00,10.1,83,8.7,996.3,12,13.2
2020-08-08 13:00:00,13.2,70,9.9,995.7,13,14.8
2020-08-08 14:00:00,14.8,65,8.7,994.7,14,15.6
2020-08-08 15:00:00,15.6,62,9.3,993.8,15,15.6
2020-08-08 16:00:00,15.6,64,9.7,993.5,16,14.9
2020-08-08 17:00:00,14.9,70,8.2,993.4,17,11.6
2020-08-08 18:00:00,11.6,81,8.2,993.2,18,9.7
2020-08-08 19:00:00,9.7,86,8.0,993.1,19,7.9
2020-08-08 20:00:00,7.9,91,11.1,993.0,20,10.4
2020-08-08 21:00:00,10.4,81,4.7,993.3,21,9.2
2020-08-08 22:00:00,9.2,87,2.3,992.8,22,7.6
2020-08-08 23:00:00,7.6,94,3.9,992.1,23,7.8
2020-08-09 00:00:00,7.8,93,4.1,991.7,0,8.3
2020-08-09 01:00:00,8.3,93,6.8,992.8,1,8.3
2020-08-09 02:00:00,8.3,96,6.5,992.8,2,7.3
2020-08-09 03:00:00,7.3,98,5.2,991.5,3,6.5
2020-08-09 04:00:00,6.5,100,4.9,990.9,4,6.2
2020-08-09 05:00:00,6.2,100,5.2,991.0,5,6.0
2020-08-09 06:00:00,6.0,99,4.9,992.4,6,5.7
2020-08-09 07:00:00,5.7,100,4.4,992.8,7,5.7
2020-08-09 08:00:00,5.7,100,5.5,993.8,8,8.1
2020-08-09 09:00:00,8.1,98,4.0,995.0,9,8.9
2020-08-09 10:00:00,8.9,94,4.9,995.8,10,9.6
2020-08-09 11:00:00,9.6,89,3.0,996.2,11,11.2
2020-08-09 12:00:00,11.2,80,4.3,996.2,12,13.8
2020-08-09 13:00:00,13.8,65,6.1,996.0,13,14.6
2020-08-09 14:00:00,14.6,62,5.9,995.9,14,14.9
2020-08-09 15:00:00,14.9,60,6.2,995.7,15,15.1
2020-08-09 16:00:00,15.1,61,4.2,996.0,16,14.5
2020-08-09 17:00:00,14.5,67,3.3,996.2,17,11.9
2020-08-09 18:00:00,11.9,80,6.7,996.3,18,13.3
2020-08-09 19:00:00,13.3,68,2.3,997.3,19,9.3
2020-08-09 20:00:00,9.3,89,8.6,997.3,20,8.6
2020-08-09 21:00:00,8.6,95,8.1,997.7,21,7.6
2020-08-09 22:00:00,7.6,97,8.9,998.0,22,7.6
2020-08-09 23:00:00,7.6,98,6.4,997.8,23,7.9
2020-08-10 00:00:00,7.9,98,7.1,997.6,0,8.8
2020-08-10 01:00:00,8.8,98,10.0,997.5,1,9.0
2020-08-10 02:00:00,9.0,98,12.9,997.4,2,8.6
2020-08-10 03:00:00,8.6,97,16.2,997.1,3,7.7
2020-08-10 04:00:00,7.7,97,17.3,997.0,4,7.2
2020-08-10 05:00:00,7.2,95,17.6,997.3,5,6.8
2020-08-10 06:00:00,6.8,97,17.7,997.8,6,6.5
2020-08-10 07:00:00,6.5,95,16.8,998.6,7,6.2
2020-08-10 08:00:00,6.2,96,19.5,999.7,8,6.8
2020-08-10 09:00:00,6.8,87,18.5,1001.0,9,8.4
2020-08-10 10:00:00,8.4,71,19.2,1002.0,10,9.8
2020-08-10 11:00:00,9.8,64,18.7,1002.5,11,10.9
2020-08-10 12:00:00,10.9,58,17.9,1002.3,12,11.8
2020-08-10 13:00:00,11.8,55,19.1,1001.9,13,12.8
2020-08-10 14:00:00,12.8,51,18.0,1000.5,14,12.7
2020-08-10 15:00:00,12.7,46,19.2,999.8,15,11.9
2020-08-10 16:00:00,11.9,48,20.5,999.6,16,10.6
2020-08-10 17:00:00,10.6,57,20.0,999.7,17,8.6
2020-08-10 18:00:00,8.6,61,19.8,999.9,18,7.6
2020-08-10 19:00:00,7.6,58,19.5,1000.2,19,6.8
2020-08-10 20:00:00,6.8,58,20.0,999.9,20,6.2
2020-08-10 21:00:00,6.2,61,20.9,1000.0,21,5.3
2020-08-10 22:00:00,5.3,63,19.5,999.8,22,4.6
2020-08-10 23:00:00,4.6,65,18.7,999.5,23,3.8
2020-08-11 00:00:00,3.8,68,17.2,999.0,0,3.1
2020-08-11 01:00:00,3.1,72,15.9,998.5,1,2.5
2020-08-11 02:00:00,2.5,76,15.6,997.9,2,2.0
2020-08-11 03:00:00,2.0,80,15.1,996.8,3,1.5
2020-08-11 04:00:00,1.5,82,15.1,995.9,4,1.1
2020-08-11 05:00:00,1.1,84,15.1,995.2,5,0.9
2020-08-11 06:00:00,0.9,85,15.5,995.2,6,0.6
2020-08-11 07:00:00,0.6,86,14.8,995.2,7,0.8
2020-08-11 08:00:00,0.8,87,14.7,995.3,8,2.5
2020-08-11 09:00:00,2.5,77,14.0,995.6,9,4.5
2020-08-11 10:00:00,4.5,68,14.1,995.7,10,6.3
2020-08-11 11:00:00,6.3,62,14.3,995.0,11,8.1
2020-08-11 12:00:00,8.1,59,14.7,994.4,12,9.4
2020-08-11 13:00:00,9.4,56,15.3,993.6,13,10.6
2020-08-11 14:00:00,10.6,54,15.7,992.5,14,11.2
2020-08-11 15:00:00,11.2,53,16.2,992.0,15,11.3
2020-08-11 16:00:00,11.3,54,16.5,991.7,16,10.6
2020-08-11 17:00:00,10.6,59,15.4,991.8,17,8.8
2020-08-11 18:00:00,8.8,65,11.8,991.8,18,7.5
2020-08-11 19:00:00,7.5,70,11.0,992.0,19,6.9
2020-08-11 20:00:00,6.9,74,11.4,992.3,20,6.4
2020-08-11 21:00:00,6.4,76,11.3,992.5,21,5.4
2020-08-11 22:00:00,5.4,81,10.6,992.7,22,4.2
2020-08-11 23:00:00,4.2,87,9.4,992.6,23,3.2
2020-08-12 00:00:00,3.2,90,8.5,992.5,0,2.3
2020-08-12 01:00:00,2.3,92,7.8,992.3,1,2.0
2020-08-12 02:00:00,2.0,93,7.1,992.5,2,2.3
2020-08-12 03:00:00,2.3,92,8.2,992.2,3,2.3
2020-08-12 04:00:00,2.3,93,7.9,992.2,4,2.1
2020-08-12 05:00:00,2.1,95,8.0,992.3,5,2.0
2020-08-12 06:00:00,2.0,96,8.2,992.6,6,2.2
2020-08-12 07:00:00,2.2,96,8.1,993.0,7,1.8
2020-08-12 08:00:00,1.8,98,7.1,993.6,8,2.5
2020-08-12 09:00:00,2.5,97,7.4,994.7,9,3.2
2020-08-12 10:00:00,3.2,95,6.2,995.1,10,4.2
2020-08-12 11:00:00,4.2,91,5.1,995.3,11,6.3
2020-08-12 12:00:00,6.3,85,6.5,995.3,12,8.1
2020-08-12 13:00:00,8.1,80,5.0,994.6,13,9.9
2020-08-12 14:00:00,9.9,73,6.7,994.0,14,11.3
2020-08-12 15:00:00,11.3,66,10.0,993.7,15,11.2
2020-08-12 16:00:00,11.2,64,12.9,993.9,16,10.6
2020-08-12 17:00:00,10.6,67,10.5,994.0,17,7.4
2020-08-12 18:00:00,7.4,83,8.1,993.9,18,5.8
2020-08-12 19:00:00,5.8,87,9.3,994.1,19,5.6
2020-08-12 20:00:00,5.6,89,9.4,994.4,20,4.7
2020-08-12 21:00:00,4.7,92,10.2,994.4,21,4.4
2020-08-12 22:00:00,4.4,91,9.9,994.4,22,3.6
2020-08-12 23:00:00,3.6,92,10.6,994.5,23,3.3
2020-08-13 00:00:00,3.3,92,10.2,994.5,0,2.8
2020-08-13 01:00:00,2.8,94,9.2,994.4,1,3.2
2020-08-13 02:00:00,3.2,94,7.6,994.7,2,2.5
2020-08-13 03:00:00,2.5,97,6.9,994.5,3,1.3
2020-08-13 04:00:00,1.3,99,9.2,994.0,4,1.5
2020-08-13 05:00:00,1.5,100,8.6,993.8,5,2.2
2020-08-13 06:00:00,2.2,100,7.0,993.9,6,3.2
2020-08-13 07:00:00,3.2,100,3.2,994.3,7,2.3
2020-08-13 08:00:00,2.3,100,4.7,994.6,8,4.2
2020-08-13 09:00:00,4.2,99,4.6,994.9,9,5.8
2020-08-13 10:00:00,5.8,94,7.6,995.0,10,7.3
2020-08-13 11:00:00,7.3,86,7.8,995.0,11,8.9
2020-08-13 12:00:00,8.9,80,8.8,994.6,12,10.4
2020-08-13 13:00:00,10.4,73,8.4,993.5,13,11.5
2020-08-13 14:00:00,11.5,68,9.1,992.7,14,12.1
2020-08-13 15:00:00,12.1,67,10.0,992.2,15,11.9
2020-08-13 16:00:00,11.9,66,8.9,992.1,16,11.5
2020-08-13 17:00:00,11.5,68,7.0,992.0,17,8.4
2020-08-13 18:00:00,8.4,82,8.2,991.6,18,6.9
2020-08-13 19:00:00,6.9,85,8.7,992.0,19,8.9
2020-08-13 20:00:00,8.9,77,3.7,992.2,20,7.1
2020-08-13 21:00:00,7.1,86,6.2,992.0,21,6.4
2020-08-13 22:00:00,6.4,89,7.2,992.0,22,6.6
2020-08-13 23:00:00,6.6,89,5.0,992.1,23,6.0
2020-08-14 00:00:00,6.0,92,4.0,992.2,0,4.3
2020-08-14 01:00:00,4.3,96,5.4,992.4,1,4.5
2020-08-14 02:00:00,4.5,97,5.2,992.5,2,4.9
2020-08-14 03:00:00,4.9,96,7.4,992.4,3,5.1
2020-08-14 04:00:00,5.1,96,7.7,992.5,4,5.2
2020-08-14 05:00:00,5.2,95,8.3,992.8,5,5.6
2020-08-14 06:00:00,5.6,93,7.4,993.5,6,5.5
2020-08-14 07:00:00,5.5,95,4.8,994.3,7,5.8
2020-08-14 08:00:00,5.8,95,4.5,995.6,8,6.5
2020-08-14 09:00:00,6.5,94,4.8,996.6,9,7.4
2020-08-14 10:00:00,7.4,90,1.6,997.0,10,8.4
2020-08-14 11:00:00,8.4,86,1.5,997.4,11,9.6
2020-08-14 12:00:00,9.6,79,1.1,997.3,12,10.6
2020-08-14 13:00:00,10.6,75,3.6,996.8,13,11.1
2020-08-14 14:00:00,11.1,72,5.8,996.1,14,11.8
2020-08-14 15:00:00,11.8,67,6.8,995.5,15,12.2
2020-08-14 16:00:00,12.2,63,10.0,995.6,16,11.8
2020-08-14 17:00:00,11.8,62,11.6,995.5,17,9.8
2020-08-14 18:00:00,9.8,71,10.0,995.6,18,8.4
2020-08-14 19:00:00,8.4,73,11.2,996.6,19,7.3
2020-08-14 20:00:00,7.3,67,11.4,997.4,20,6.9
2020-08-14 21:00:00,6.9,63,12.4,997.9,21,6.1
2020-08-14 22:00:00,6.1,64,12.0,998.0,22,5.2
2020-08-14 23:00:00,5.2,69,10.7,998.1,23,4.4
2020-08-15 00:00:00,4.4,73,10.4,997.9,0,4.0
2020-08-15 01:00:00,4.0,75,12.9,997.8,1,3.7
2020-08-15 02:00:00,3.7,78,13.9,997.5,2,3.3
2020-08-15 03:00:00,3.3,81,14.4,997.3,3,2.8
2020-08-15 04:00:00,2.8,83,12.2,996.9,4,2.2
2020-08-15 05:00:00,2.2,84,10.8,996.8,5,1.7
2020-08-15 06:00:00,1.7,84,10.7,996.8,6,1.0
2020-08-15 07:00:00,1.0,86,8.2,996.5,7,1.1
2020-08-15 08:00:00,1.1,88,9.7,997.2,8,4.1
2020-08-15 09:00:00,4.1,77,12.0,998.0,9,6.7
2020-08-15 10:00:00,6.7,64,14.0,997.8,10,8.8
2020-08-15 11:00:00,8.8,59,15.8,997.6,11,10.6
2020-08-15 12:00:00,10.6,57,16.1,997.2,12,11.8
2020-08-15 13:00:00,11.8,56,18.1,996.5,13,12.6
2020-08-15 14:00:00,12.6,55,18.6,995.7,14,12.9
2020-08-15 15:00:00,12.9,56,20.4,995.2,15,12.6
2020-08-15 16:00:00,12.6,57,20.5,995.0,16,11.7
2020-08-15 17:00:00,11.7,59,17.7,994.9,17,9.8
2020-08-15 18:00:00,9.8,63,15.8,995.1,18,8.2
2020-08-15 19:00:00,8.2,64,15.8,995.3,19,6.8
2020-08-15 20:00:00,6.8,65,15.5,995.4,20,5.8
2020-08-15 21:00:00,5.8,67,15.1,995.6,21,4.5
2020-08-15 22:00:00,4.5,73,12.8,995.5,22,3.5
2020-08-15 23:00:00,3.5,78,11.5,995.5,23,2.6
2020-08-16 00:00:00,2.6,82,11.2,995.6,0,1.8
2020-08-16 01:00:00,1.8,87,9.4,995.2,1,1.1
2020-08-16 02:00:00,1.1,91,8.7,995.0,2,0.6
2020-08-16 03:00:00,0.6,93,9.0,994.5,3,0.2
2020-08-16 04:00:00,0.2,94,9.1,994.3,4,-0.2
2020-08-16 05:00:00,-0.2,96,7.7,994.3,5,-0.6
2020-08-16 06:00:00,-0.6,96,6.1,994.4,6,-0.6
2020-08-16 07:00:00,-0.6,96,6.0,994.8,7,0.1
2020-08-16 08:00:00,0.1,93,9.7,995.3,8,2.4
2020-08-16 09:00:00,2.4,83,6.0,996.3,9,5.2
2020-08-16 10:00:00,5.2,70,9.6,996.4,10,7.6
2020-08-16 11:00:00,7.6,61,12.2,996.4,11,9.7
2020-08-16 12:00:00,9.7,56,14.4,996.5,12,11.3
2020-08-16 13:00:00,11.3,53,17.1,996.0,13,12.3
2020-08-16 14:00:00,12.3,52,17.6,995.2,14,12.8
2020-08-16 15:00:00,12.8,52,17.7,994.8,15,12.2
2020-08-16 16:00:00,12.2,54,19.1,995.0,16,11.6
2020-08-16 17:00:00,11.6,59,14.0,994.7,17,10.1
2020-08-16 18:00:00,10.1,65,10.6,994.7,18,7.9
2020-08-16 19:00:00,7.9,73,10.6,994.7,19,7.1
2020-08-16 20:00:00,7.1,76,11.4,994.6,20,6.5
2020-08-16 21:00:00,6.5,79,11.4,994.6,21,5.5
2020-08-16 22:00:00,5.5,84,9.7,994.7,22,4.6
2020-08-16 23:00:00,4.6,89,9.2,994.8,23,3.8
2020-08-17 00:00:00,3.8,93,7.6,994.8,0,2.8
2020-08-17 01:00:00,2.8,95,6.8,994.5,1,2.2
2020-08-17 02:00:00,2.2,97,6.8,994.4,2,2.1
2020-08-17 03:00:00,2.1,99,6.5,993.9,3,2.2
2020-08-17 04:00:00,2.2,100,5.5,993.5,4,2.5
2020-08-17 05:00:00,2.5,100,6.1,993.4,5,2.5
2020-08-17 06:00:00,2.5,100,6.4,993.4,6,2.5
2020-08-17 07:00:00,2.5,100,7.1,993.7,7,2.0
2020-08-17 08:00:00,2.0,98,7.6,994.3,8,2.6
2020-08-17 09:00:00,2.6,99,5.7,995.1,9,4.1
2020-08-17 10:00:00,4.1,94,4.8,995.0,10,5.9
2020-08-17 11:00:00,5.9,88,5.1,995.1,11,8.4
2020-08-17 12:00:00,8.4,80,5.9,995.1,12,10.6
2020-08-17 13:00:00,10.6,72,7.4,994.4,13,11.9
2020-08-17 14:00:00,11.9,67,10.0,993.6,14,12.4
2020-08-17 15:00:00,12.4,64,10.6,993.2,15,12.4
2020-08-17 16:00:00,12.4,63,10.1,993.3,16,11.9
2020-08-17 17:00:00,11.9,66,8.9,993.5,17,8.8
2020-08-17 18:00:00,8.8,81,9.7,993.5,18,8.7
2020-08-17 19:00:00,8.7,78,8.4,993.8,19,6.8
2020-08-17 20:00:00,6.8,85,9.8,993.1,20,8.1
2020-08-17 21:00:00,8.1,80,7.6,993.6,21,8.1
2020-08-17 22:00:00,8.1,81,5.0,993.8,22,7.3
2020-08-17 23:00:00,7.3,85,2.8,993.6,23,5.3
2020-08-18 00:00:00,5.3,91,7.8,993.8,0,4.9
2020-08-18 01:00:00,4.9,94,9.5,994.7,1,3.1
2020-08-18 02:00:00,3.1,99,8.2,994.5,2,2.4
2020-08-18 03:00:00,2.4,100,6.8,994.2,3,3.0
2020-08-18 04:00:00,3.0,100,6.4,994.0,4,3.2
2020-08-18 05:00:00,3.2,100,4.7,994.6,5,2.9
2020-08-18 06:00:00,2.9,100,2.6,994.9,6,3.2
2020-08-18 07:00:00,3.2,100,1.6,995.5,7,3.6
2020-08-18 08:00:00,3.6,99,4.2,996.4,8,4.7
2020-08-18 09:00:00,4.7,99,2.1,997.3,9,6.5
2020-08-18 10:00:00,6.5,91,1.8,997.8,10,8.4
2020-08-18 11:00:00,8.4,83,3.7,998.0,11,10.1
2020-08-18 12:00:00,10.1,78,2.7,998.0,12,11.5
2020-08-18 13:00:00,11.5,70,4.8,997.8,13,11.6
2020-08-18 14:00:00,11.6,68,5.5,997.4,14,12.2
2020-08-18 15:00:00,12.2,62,6.9,997.3,15,11.9
2020-08-18 16:00:00,11.9,61,5.6,997.6,16,11.5
2020-08-18 17:00:00,11.5,68,4.0,997.8,17,10.2
2020-08-18 18:00:00,10.2,76,5.4,997.8,18,8.4
2020-08-18 19:00:00,8.4,84,7.9,998.2,19,9.4
2020-08-18 20:00:00,9.4,73,3.2,998.8,20,7.7
2020-08-18 21:00:00,7.7,86,6.4,998.9,21,7.4
2020-08-18 22:00:00,7.4,89,4.7,999.5,22,6.9
2020-08-18 23:00:00,6.9,91,6.0,999.5,23,6.3
2020-08-19 00:00:00,6.3,93,6.6,999.5,0,5.9
2020-08-19 01:00:00,5.9,94,6.9,999.4,1,5.5
2020-08-19 02:00:00,5.5,94,7.5,999.4,2,5.3
2020-08-19 03:00:00,5.3,94,11.0,999.0,3,5.0
2020-08-19 04:00:00,5.0,97,11.6,998.8,4,4.4
2020-08-19 05:00:00,4.4,99,11.9,998.9,5,4.1
2020-08-19 06:00:00,4.1,100,12.7,998.8,6,3.5
2020-08-19 07:00:00,3.5,100,14.1,999.1,7,3.5
2020-08-19 08:00:00,3.5,98,15.3,999.8,8,3.9
2020-08-19 09:00:00,3.9,93,12.9,1000.2,9,5.2
2020-08-19 10:00:00,5.2,86,12.5,1000.3,10,7.1
2020-08-19 11:00:00,7.1,79,11.7,1000.4,11,9.1
2020-08-19 12:00:00,9.1,72,11.6,999.9,12,10.7
2020-08-19 13:00:00,10.7,66,11.1,999.1,13,11.9
2020-08-19 14:00:00,11.9,63,11.4,998.6,14,12.5
2020-08-19 15:00:00,12.5,61,12.9,998.1,15,12.6
2020-08-19 16:00:00,12.6,61,13.7,997.8,16,12.1
2020-08-19 17:00:00,12.1,64,13.7,997.9,17,10.3
2020-08-19 18:00:00,10.3,72,10.3,997.5,18,8.6
2020-08-19 19:00:00,8.6,78,9.2,997.7,19,7.7
2020-08-19 20:00:00,7.7,79,10.2,998.1,20,7.4
2020-08-19 21:00:00,7.4,75,10.7,998.4,21,6.2
2020-08-19 22:00:00,6.2,81,9.2,998.4,22,4.5
2020-08-19 23:00:00,4.5,91,6.6,998.4,23,3.3
2020-08-20 00:00:00,3.3,95,6.0,998.2,0,2.2
2020-08-20 01:00:00,2.2,98,6.3,998.0,1,1.6
2020-08-20 02:00:00,1.6,100,5.6,997.9,2,1.6
2020-08-20 03:00:00,1.6,100,5.6,997.3,3,1.4
2020-08-20 04:00:00,1.4,100,7.1,997.0,4,0.6
2020-08-20 05:00:00,0.6,100,5.6,996.7,5,0.3
2020-08-20 06:00:00,0.3,99,5.9,996.5,6,-0.2
2020-08-20 07:00:00,-0.2,98,4.8,996.4,7,0.1
2020-08-20 08:00:00,0.1,96,5.0,997.5,8,0.6
2020-08-20 09:00:00,0.6,93,5.8,997.5,9,2.6
2020-08-20 10:00:00,2.6,84,5.4,997.6,10,6.3
2020-08-20 11:00:00,6.3,68,4.7,997.4,11,9.6
2020-08-20 12:00:00,9.6,63,4.8,997.1,12,12.6
2020-08-20 13:00:00,12.6,58,3.8,996.3,13,14.9
2020-08-20 14:00:00,14.9,54,2.5,995.4,14,16.4
2020-08-20 15:00:00,16.4,52,2.7,995.0,15,16.8
2020-08-20 16:00:00,16.8,52,3.9,994.7,16,16.0
2020-08-20 17:00:00,16.0,58,4.3,994.5,17,14.8
2020-08-20 18:00:00,14.8,55,4.0,994.1,18,11.8
2020-08-20 19:00:00,11.8,66,7.7,994.2,19,7.4
2020-08-20 20:00:00,7.4,85,11.8,994.3,20,10.4
2020-08-20 21:00:00,10.4,77,5.9,994.8,21,9.1
2020-08-20 22:00:00,9.1,84,2.2,994.7,22,7.5
2020-08-20 23:00:00,7.5,87,2.9,994.3,23,4.8
2020-08-21 00:00:00,4.8,87,3.8,993.7,0,4.1
2020-08-21 01:00:00,4.1,82,2.6,993.2,1,3.8
2020-08-21 02:00:00,3.8,79,2.0,992.6,2,3.3
2020-08-21 03:00:00,3.3,76,2.6,992.0,3,3.5
2020-08-21 04:00:00,3.5,74,3.4,991.4,4,3.7
2020-08-21 05:00:00,3.7,74,3.6,991.3,5,3.5
2020-08-21 06:00:00,3.5,78,2.4,991.5,6,3.0
2020-08-21 07:00:00,3.0,80,1.9,991.6,7,1.3
2020-08-21 08:00:00,1.3,70,4.0,992.2,8,4.4
2020-08-21 09:00:00,4.4,82,6.0,992.8,9,7.5
2020-08-21 10:00:00,7.5,87,5.0,993.0,10,11.0
2020-08-21 11:00:00,11.0,75,2.9,992.8,11,14.1
2020-08-21 12:00:00,14.1,64,2.3,992.4,12,16.5
2020-08-21 13:00:00,16.5,58,1.8,991.7,13,18.2
2020-08-21 14:00:00,18.2,55,1.8,990.9,14,19.2
2020-08-21 15:00:00,19.2,53,2.7,990.5,15,19.4
2020-08-21 16:00:00,19.4,51,4.1,990.3,16,18.9
2020-08-21 17:00:00,18.9,54,4.3,990.2,17,15.0
2020-08-21 18:00:00,15.0,65,8.1,989.8,18,11.9
2020-08-21 19:00:00,11.9,74,9.6,989.8,19,12.8
2020-08-21 20:00:00,12.8,77,7.6,990.1,20,11.9
2020-08-21 21:00:00,11.9,82,5.2,989.8,21,10.3
2020-08-21 22:00:00,10.3,89,3.9,989.8,22,8.7
2020-08-21 23:00:00,8.7,92,3.6,989.6,23,7.4
2020-08-22 00:00:00,7.4,88,2.9,989.6,0,6.3
2020-08-22 01:00:00,6.3,83,2.8,989.1,1,5.8
2020-08-22 02:00:00,5.8,83,1.6,988.6,2,5.3
2020-08-22 03:00:00,5.3,84,2.5,987.6,3,4.9
2020-08-22 04:00:00,4.9,84,1.6,986.7,4,4.6
2020-08-22 05:00:00,4.6,89,0.7,986.6,5,4.1
2020-08-22 06:00:00,4.1,93,1.8,986.5,6,4.2
2020-08-22 07:00:00,4.2,93,2.9,986.8,7,3.2
2020-08-22 08:00:00,3.2,89,2.7,987.1,8,6.0
2020-08-22 09:00:00,6.0,83,3.1,987.5,9,9.5
2020-08-22 10:00:00,9.5,78,3.6,987.6,10,12.9
2020-08-22 11:00:00,12.9,70,3.1,987.4,11,15.9
2020-08-22 12:00:00,15.9,65,2.3,987.3,12,18.5
2020-08-22 13:00:00,18.5,60,2.6,986.9,13,20.4
2020-08-22 14:00:00,20.4,53,7.6,986.3,14,20.1
2020-08-22 15:00:00,20.1,54,11.3,986.1,15,18.8
2020-08-22 16:00:00,18.8,64,12.7,986.1,16,16.8
2020-08-22 17:00:00,16.8,74,13.4,986.3,17,13.7
2020-08-22 18:00:00,13.7,81,11.2,986.5,18,11.2
2020-08-22 19:00:00,11.2,86,10.4,987.2,19,10.4
2020-08-22 20:00:00,10.4,86,10.9,987.1,20,8.9
2020-08-22 21:00:00,8.9,93,7.0,987.0,21,7.8
2020-08-22 22:00:00,7.8,96,5.4,986.8,22,8.5
2020-08-22 23:00:00,8.5,92,7.6,987.3,23,8.9
2020-08-23 00:00:00,8.9,89,7.9,987.7,0,9.1
2020-08-23 01:00:00,9.1,86,10.2,988.0,1,9.1
2020-08-23 02:00:00,9.1,88,10.6,988.0,2,8.9
2020-08-23 03:00:00,8.9,90,9.2,987.6,3,8.7
2020-08-23 04:00:00,8.7,90,10.0,987.9,4,8.4
2020-08-23 05:00:00,8.4,90,10.7,988.4,5,7.8
2020-08-23 06:00:00,7.8,92,9.0,988.6,6,8.6
2020-08-23 07:00:00,8.6,86,12.1,989.1,7,8.6
2020-08-23 08:00:00,8.6,86,10.7,989.2,8,10.5
2020-08-23 09:00:00,10.5,79,8.4,989.6,9,11.8
2020-08-23 10:00:00,11.8,71,14.0,990.0,10,13.1
2020-08-23 11:00:00,13.1,61,21.8,990.1,11,14.1
2020-08-23 12:00:00,14.1,59,23.9,989.7,12,14.8
2020-08-23 13:00:00,14.8,57,18.0,988.8,13,15.6
2020-08-23 14:00:00,15.6,54,18.1,988.0,14,15.9
2020-08-23 15:00:00,15.9,52,21.3,987.3,15,15.1
2020-08-23 16:00:00,15.1,53,18.1,987.2,16,14.9
2020-08-23 17:00:00,14.9,54,11.7,986.7,17,12.4
2020-08-23 18:00:00,12.4,65,6.9,986.8,18,10.6
2020-08-23 19:00:00,10.6,69,7.3,987.4,19,9.4
2020-08-23 20:00:00,9.4,76,8.8,987.6,20,9.8
2020-08-23 21:00:00,9.8,72,11.6,987.8,21,9.3
2020-08-23 22:00:00,9.3,76,8.1,987.8,22,8.9
2020-08-23 23:00:00,8.9,79,9.2,987.8,23,8.9
2020-08-24 00:00:00,8.9,79,6.6,987.4,0,8.4
2020-08-24 01:00:00,8.4,82,5.0,987.0,1,8.3
2020-08-24 02:00:00,8.3,84,5.4,986.5,2,8.5
2020-08-24 03:00:00,8.5,83,6.9,986.0,3,9.5
2020-08-24 04:00:00,9.5,77,6.8,985.7,4,9.1
2020-08-24 05:00:00,9.1,79,6.2,985.4,5,8.1
2020-08-24 06:00:00,8.1,83,6.8,985.6,6,7.4
2020-08-24 07:00:00,7.4,85,7.5,985.9,7,7.7
2020-08-24 08:00:00,7.7,84,8.5,986.3,8,10.8
2020-08-24 09:00:00,10.8,75,8.6,987.2,9,13.1
2020-08-24 10:00:00,13.1,63,12.3,987.1,10,14.4
2020-08-24 11:00:00,14.4,51,17.7,986.8,11,15.4
2020-08-24 12:00:00,15.4,48,20.6,987.3,12,15.1
2020-08-24 13:00:00,15.1,48,23.6,987.3,13,15.2
2020-08-24 14:00:00,15.2,47,23.1,986.9,14,15.4
2020-08-24 15:00:00,15.4,48,28.5,986.3,15,14.7
2020-08-24 16:00:00,14.7,52,27.2,986.6,16,12.9
2020-08-24 17:00:00,12.9,61,27.9,987.3,17,11.9
2020-08-24 18:00:00,11.9,62,32.8,988.1,18,11.1
2020-08-24 19:00:00,11.1,71,21.6,988.9,19,10.0
2020-08-24 20:00:00,10.0,81,11.9,989.9,20,10.4
2020-08-24 21:00:00,10.4,84,8.5,989.9,21,10.2
2020-08-24 22:00:00,10.2,83,8.0,990.0,22,10.2
2020-08-24 23:00:00,10.2,83,8.0,989.8,23,9.1
2020-08-25 00:00:00,9.1,83,7.6,989.3,0,8.9
2020-08-25 01:00:00,8.9,82,6.8,988.9,1,8.8
2020-08-25 02:00:00,8.8,85,6.1,989.0,2,8.8
2020-08-25 03:00:00,8.8,86,5.1,988.7,3,8.4
2020-08-25 04:00:00,8.4,85,6.8,988.3,4,8.4
2020-08-25 05:00:00,8.4,84,6.1,988.0,5,8.9
2020-08-25 06:00:00,8.9,84,5.4,988.3,6,8.6
2020-08-25 07:00:00,8.6,88,10.2,989.1,7,9.4
2020-08-25 08:00:00,9.4,84,14.1,990.5,8,9.8
2020-08-25 09:00:00,9.8,86,12.7,991.3,9,10.5
2020-08-25 10:00:00,10.5,83,13.8,991.8,10,10.9
2020-08-25 11:00:00,10.9,83,15.7,992.0,11,11.3
2020-08-25 12:00:00,11.3,82,16.6,992.3,12,12.6
2020-08-25 13:00:00,12.6,72,21.0,991.9,13,11.5
2020-08-25 14:00:00,11.5,77,15.8,991.4,14,11.9
2020-08-25 15:00:00,11.9,78,13.6,991.0,15,11.2
2020-08-25 16:00:00,11.2,77,17.6,991.0,16,10.5
2020-08-25 17:00:00,10.5,82,16.6,991.0,17,9.9
2020-08-25 18:00:00,9.9,83,13.5,991.5,18,9.6
2020-08-25 19:00:00,9.6,84,13.1,992.0,19,9.0
2020-08-25 20:00:00,9.0,82,10.5,993.0,20,8.9
2020-08-25 21:00:00,8.9,86,8.4,993.7,21,8.9
2020-08-25 22:00:00,8.9,85,10.8,994.2,22,7.9
2020-08-25 23:00:00,7.9,87,9.2,994.1,23,7.2
2020-08-26 00:00:00,7.2,89,6.9,993.9,0,7.2
2020-08-26 01:00:00,7.2,87,7.9,993.9,1,7.8
2020-08-26 02:00:00,7.8,89,7.9,994.3,2,7.8
2020-08-26 03:00:00,7.8,90,8.7,993.9,3,7.9
2020-08-26 04:00:00,7.9,87,10.5,994.1,4,7.8
2020-08-26 05:00:00,7.8,87,11.5,994.8,5,7.8
2020-08-26 06:00:00,7.8,85,9.0,994.9,6,7.1
2020-08-26 07:00:00,7.1,90,6.9,995.2,7,7.7
2020-08-26 08:00:00,7.7,90,6.6,995.7,8,9.2
2020-08-26 09:00:00,9.2,84,7.6,996.0,9,10.3
2020-08-26 10:00:00,10.3,79,8.7,996.4,10,11.8
2020-08-26 11:00:00,11.8,71,9.4,996.4,11,12.1
2020-08-26 12:00:00,12.1,68,15.1,996.4,12,12.6
2020-08-26 13:00:00,12.6,71,16.6,996.4,13,12.9
2020-08-26 14:00:00,12.9,71,12.4,995.7,14,12.7
2020-08-26 15:00:00,12.7,67,16.0,995.0,15,13.2
2020-08-26 16:00:00,13.2,57,16.3,994.9,16,13.2
2020-08-26 17:00:00,13.2,59,10.5,995.0,17,10.6
2020-08-26 18:00:00,10.6,74,6.7,995.3,18,10.8
2020-08-26 19:00:00,10.8,65,1.1,996.0,19,9.8
2020-08-26 20:00:00,9.8,73,3.6,995.9,20,9.1
2020-08-26 21:00:00,9.1,76,0.8,996.2,21,8.3
2020-08-26 22:00:00,8.3,80,2.8,996.3,22,7.9
2020-08-26 23:00:00,7.9,82,2.5,996.1,23,7.6
2020-08-27 00:00:00,7.6,84,2.5,995.7,0,6.8
2020-08-27 01:00:00,6.8,89,2.4,994.9,1,5.8
2020-08-27 02:00:00,5.8,96,1.1,994.4,2,4.8
2020-08-27 03:00:00,4.8,100,2.0,993.6,3,3.5
2020-08-27 04:00:00,3.5,100,3.5,993.1,4,2.1
2020-08-27 05:00:00,2.1,100,2.1,992.9,5,2.0
2020-08-27 06:00:00,2.0,99,1.1,993.0,6,2.5
2020-08-27 07:00:00,2.5,99,1.6,993.2,7,3.1
2020-08-27 08:00:00,3.1,99,1.5,994.9,8,4.6
2020-08-27 09:00:00,4.6,97,0.4,995.4,9,6.6
2020-08-27 10:00:00,6.6,93,2.5,995.8,10,9.1
2020-08-27 11:00:00,9.1,86,2.3,996.6,11,11.4
2020-08-27 12:00:00,11.4,74,5.1,996.8,12,12.5
2020-08-27 13:00:00,12.5,68,8.5,996.4,13,13.2
2020-08-27 14:00:00,13.2,62,10.9,996.2,14,13.3
2020-08-27 15:00:00,13.3,61,11.1,996.1,15,12.8
2020-08-27 16:00:00,12.8,62,11.6,996.1,16,12.2
2020-08-27 17:00:00,12.2,63,9.0,996.3,17,11.2
2020-08-27 18:00:00,11.2,67,5.9,996.6,18,9.6
2020-08-27 19:00:00,9.6,78,5.2,996.7,19,9.6
2020-08-27 20:00:00,9.6,74,4.0,996.7,20,8.6
2020-08-27 21:00:00,8.6,81,4.6,997.3,21,7.7
2020-08-27 22:00:00,7.7,89,4.1,997.7,22,8.3
2020-08-27 23:00:00,8.3,87,2.6,998.0,23,8.4
2020-08-28 00:00:00,8.4,85,5.1,997.6,0,8.4
2020-08-28 01:00:00,8.4,79,6.9,997.4,1,7.9
2020-08-28 02:00:00,7.9,79,5.0,996.7,2,7.7
2020-08-28 03:00:00,7.7,81,4.1,996.0,3,7.2
2020-08-28 04:00:00,7.2,85,3.3,995.3,4,6.8
2020-08-28 05:00:00,6.8,86,3.6,994.9,5,6.2
2020-08-28 06:00:00,6.2,91,2.7,995.1,6,5.2
2020-08-28 07:00:00,5.2,95,3.5,995.3,7,6.4
2020-08-28 08:00:00,6.4,93,3.6,995.9,8,8.1
2020-08-28 09:00:00,8.1,86,5.1,996.2,9,9.6
2020-08-28 10:00:00,9.6,77,5.8,996.4,10,10.9
2020-08-28 11:00:00,10.9,63,7.2,996.5,11,11.2
2020-08-28 12:00:00,11.2,62,7.2,996.6,12,12.4
2020-08-28 13:00:00,12.4,57,9.0,996.4,13,12.0
2020-08-28 14:00:00,12.0,60,9.2,995.7,14,11.4
2020-08-28 15:00:00,11.4,67,8.7,995.6,15,10.9
2020-08-28 16:00:00,10.9,72,8.5,995.8,16,10.2
2020-08-28 17:00:00,10.2,73,11.6,996.0,17,9.5
2020-08-28 18:00:00,9.5,76,9.4,995.9,18,8.9
2020-08-28 19:00:00,8.9,79,9.1,996.3,19,8.3
2020-08-28 20:00:00,8.3,85,8.7,997.6,20,8.6
2020-08-28 21:00:00,8.6,89,7.6,998.3,21,8.5
2020-08-28 22:00:00,8.5,90,6.4,998.7,22,8.2
2020-08-28 23:00:00,8.2,90,10.0,998.4,23,7.9
2020-08-29 00:00:00,7.9,85,9.1,998.5,0,7.2
2020-08-29 01:00:00,7.2,88,6.1,998.3,1,6.3
2020-08-29 02:00:00,6.3,92,5.2,998.2,2,5.6
2020-08-29 03:00:00,5.6,94,6.9,997.8,3,6.5
2020-08-29 04:00:00,6.5,90,3.7,998.0,4,6.8
2020-08-29 05:00:00,6.8,86,2.5,998.3,5,6.2
2020-08-29 06:00:00,6.2,89,2.5,998.6,6,6.6
2020-08-29 07:00:00,6.6,86,1.5,999.0,7,6.8
2020-08-29 08:00:00,6.8,87,2.5,999.2,8,8.3
2020-08-29 09:00:00,8.3,87,2.1,999.8,9,10.1
2020-08-29 10:00:00,10.1,81,4.0,1000.4,10,11.3
2020-08-29 11:00:00,11.3,73,6.2,1000.5,11,12.4
2020-08-29 12:00:00,12.4,70,9.0,1000.4,12,13.4
2020-08-29 13:00:00,13.4,67,10.4,999.7,13,13.8
2020-08-29 14:00:00,13.8,63,12.4,999.0,14,13.4
2020-08-29 15:00:00,13.4,66,15.9,998.4,15,13.4
2020-08-29 16:00:00,13.4,65,16.2,998.1,16,12.6
2020-08-29 17:00:00,12.6,68,17.4,998.0,17,11.1
2020-08-29 18:00:00,11.1,73,16.1,998.2,18,9.5
2020-08-29 19:00:00,9.5,80,15.1,998.4,19,8.4
2020-08-29 20:00:00,8.4,84,14.8,998.7,20,8.0
2020-08-29 21:00:00,8.0,81,15.5,998.8,21,6.8
2020-08-29 22:00:00,6.8,73,16.1,999.1,22,5.6
2020-08-29 23:00:00,5.6,71,15.6,999.3,23,4.5
2020-08-30 00:00:00,4.5,76,14.1,999.0,0,3.6
2020-08-30 01:00:00,3.6,80,13.0,998.6,1,2.8
2020-08-30 02:00:00,2.8,82,13.2,998.3,2,2.1
2020-08-30 03:00:00,2.1,84,12.7,997.6,3,1.5
2020-08-30 04:00:00,1.5,86,11.9,997.1,4,0.9
2020-08-30 05:00:00,0.9,88,11.3,997.0,5,0.3
2020-08-30 06:00:00,0.3,91,10.8,997.0,6,-0.2
2020-08-30 07:00:00,-0.2,94,10.8,997.1,7,0.9
2020-08-30 08:00:00,0.9,94,11.8,997.9,8,2.5
2020-08-30 09:00:00,2.5,88,12.6,997.6,9,4.7
2020-08-30 10:00:00,4.7,80,13.2,997.2,10,7.2
2020-08-30 11:00:00,7.2,71,14.3,996.6,11,9.5
2020-08-30 12:00:00,9.5,65,14.8,995.6,12,11.4
2020-08-30 13:00:00,11.4,60,15.9,994.6,13,12.6
2020-08-30 14:00:00,12.6,57,16.8,993.3,14,13.4
2020-08-30 15:00:00,13.4,56,16.8,992.2,15,13.6
2020-08-30 16:00:00,13.6,56,16.6,991.7,16,13.1
2020-08-30 17:00:00,13.1,60,14.8,991.7,17,11.2
2020-08-30 18:00:00,11.2,67,10.6,991.4,18,8.8
2020-08-30 19:00:00,8.8,75,9.0,991.4,19,6.8
2020-08-30 20:00:00,6.8,84,8.4,991.7,20,6.9
2020-08-30 21:00:00,6.9,83,8.1,991.8,21,5.9
2020-08-30 22:00:00,5.9,90,7.1,992.0,22,4.6
2020-08-30 23:00:00,4.6,96,7.8,991.7,23,4.7
2020-08-31 00:00:00,4.7,99,5.8,991.5,0,4.8
2020-08-31 01:00:00,4.8,100,3.8,991.5,1,4.6
2020-08-31 02:00:00,4.6,100,5.2,991.3,2,4.1
2020-08-31 03:00:00,4.1,100,4.9,990.7,3,3.9
2020-08-31 04:00:00,3.9,100,1.1,990.7,4,3.8
2020-08-31 05:00:00,3.8,100,1.1,991.1,5,3.8
2020-08-31 06:00:00,3.8,100,4.3,991.6,6,4.0
2020-08-31 07:00:00,4.0,100,5.2,992.1,7,4.7
2020-08-31 08:00:00,4.7,100,5.9,993.3,8,5.9
2020-08-31 09:00:00,5.9,98,6.6,994.0,9,7.9
2020-08-31 10:00:00,7.9,91,7.3,994.8,10,10.4
2020-08-31 11:00:00,10.4,83,7.3,995.3,11,12.6
2020-08-31 12:00:00,12.6,74,7.6,995.3,12,14.2
2020-08-31 13:00:00,14.2,67,7.6,994.9,13,15.1
2020-08-31 14:00:00,15.1,63,7.2,994.2,14,15.5
2020-08-31 15:00:00,15.5,60,7.7,993.6,15,15.4
2020-08-31 16:00:00,15.4,58,7.8,993.8,16,14.9
2020-08-31 17:00:00,14.9,61,7.3,994.0,17,12.6
2020-08-31 18:00:00,12.6,78,6.5,994.2,18,11.6
2020-08-31 19:00:00,11.6,76,5.6,994.8,19,8.7
2020-08-31 20:00:00,8.7,90,8.7,995.4,20,8.4
2020-08-31 21:00:00,8.4,93,4.3,995.9,21,7.4
2020-08-31 22:00:00,7.4,97,5.2,996.0,22,7.2
2020-08-31 23:00:00,7.2,96,5.1,995.8,23,7.2
2020-09-01 00:00:00,7.2,96,2.2,995.7,0,6.7
2020-09-01 01:00:00,6.7,99,1.8,995.6,1,6.6
2020-09-01 02:00:00,6.6,100,1.5,995.5,2,6.5
2020-09-01 03:00:00,6.5,100,1.1,995.0,3,6.4
2020-09-01 04:00:00,6.4,100,2.8,994.8,4,6.7
2020-09-01 05:00:00,6.7,100,2.8,994.9,5,6.8
2020-09-01 06:00:00,6.8,99,1.9,995.4,6,7.2
2020-09-01 07:00:00,7.2,98,1.4,996.1,7,7.2
2020-09-01 08:00:00,7.2,96,5.8,997.4,8,8.2
2020-09-01 09:00:00,8.2,91,1.1,997.9,9,9.6
2020-09-01 10:00:00,9.6,84,2.8,998.5,10,10.9
2020-09-01 11:00:00,10.9,78,3.2,998.7,11,11.9
2020-09-01 12:00:00,11.9,73,2.6,998.5,12,12.6
2020-09-01 13:00:00,12.6,70,2.2,997.8,13,13.3
2020-09-01 14:00:00,13.3,68,3.5,997.0,14,13.6
2020-09-01 15:00:00,13.6,68,3.3,996.8,15,13.5
2020-09-01 16:00:00,13.5,67,1.8,996.9,16,13.4
2020-09-01 17:00:00,13.4,69,3.0,996.9,17,12.1
2020-09-01 18:00:00,12.1,83,3.7,997.2,18,10.0
2020-09-01 19:00:00,10.0,89,7.6,997.6,19,10.6
2020-09-01 20:00:00,10.6,86,5.2,998.9,20,10.2
2020-09-01 21:00:00,10.2,86,7.3,999.2,21,9.8
2020-09-01 22:00:00,9.8,86,5.8,999.4,22,8.5
2020-09-01 23:00:00,8.5,93,4.7,999.3,23,7.3
2020-09-02 00:00:00,7.3,95,7.6,999.4,0,7.2
2020-09-02 01:00:00,7.2,95,7.1,999.5,1,6.2
2020-09-02 02:00:00,6.2,98,8.2,999.8,2,6.0
2020-09-02 03:00:00,6.0,99,6.6,999.6,3,6.1
2020-09-02 04:00:00,6.1,100,5.1,999.2,4,6.9
2020-09-02 05:00:00,6.9,100,4.7,999.5,5,6.8
2020-09-02 06:00:00,6.8,100,5.8,999.7,6,6.8
2020-09-02 07:00:00,6.8,100,3.7,999.7,7,7.0
2020-09-02 08:00:00,7.0,98,5.3,1000.3,8,8.6
2020-09-02 09:00:00,8.6,90,6.4,1000.4,9,10.6
2020-09-02 10:00:00,10.6,81,8.9,1000.0,10,12.4
2020-09-02 11:00:00,12.4,72,12.4,999.4,11,13.7
2020-09-02 12:00:00,13.7,63,14.3,998.7,12,14.4
2020-09-02 13:00:00,14.4,62,14.2,997.9,13,14.9
2020-09-02 14:00:00,14.9,61,11.8,997.1,14,15.0
2020-09-02 15:00:00,15.0,61,11.0,996.2,15,14.6
2020-09-02 16:00:00,14.6,60,12.8,995.9,16,14.2
2020-09-02 17:00:00,14.2,62,11.0,995.4,17,12.4
2020-09-02 18:00:00,12.4,73,6.3,994.8,18,10.0
2020-09-02 19:00:00,10.0,79,7.4,994.4,19,9.5
2020-09-02 20:00:00,9.5,80,6.9,994.7,20,9.9
2020-09-02 21:00:00,9.9,78,6.6,994.6,21,9.8
2020-09-02 22:00:00,9.8,77,9.2,994.4,22,8.8
2020-09-02 23:00:00,8.8,80,9.4,994.6,23,8.1
2020-09-03 00:00:00,8.1,81,9.9,994.9,0,7.2
2020-09-03 01:00:00,7.2,85,9.4,994.5,1,6.4
2020-09-03 02:00:00,6.4,91,8.2,994.4,2,6.0
2020-09-03 03:00:00,6.0,94,8.7,994.0,3,5.8
2020-09-03 04:00:00,5.8,96,7.9,994.0,4,5.7
2020-09-03 05:00:00,5.7,97,7.2,994.5,5,5.6
2020-09-03 06:00:00,5.6,98,7.4,995.3,6,5.4
2020-09-03 07:00:00,5.4,99,6.6,996.0,7,5.9
2020-09-03 08:00:00,5.9,99,3.5,996.4,8,6.9
2020-09-03 09:00:00,6.9,95,1.5,996.8,9,8.6
2020-09-03 10:00:00,8.6,87,4.2,997.4,10,10.5
2020-09-03 11:00:00,10.5,79,4.1,997.2,11,12.2
2020-09-03 12:00:00,12.2,73,4.3,997.1,12,13.9
2020-09-03 13:00:00,13.9,67,3.6,995.9,13,14.6
2020-09-03 14:00:00,14.6,64,6.0,995.1,14,15.1
2020-09-03 15:00:00,15.1,61,7.6,994.5,15,15.1
2020-09-03 16:00:00,15.1,60,10.8,994.4,16,14.4
2020-09-03 17:00:00,14.4,62,11.8,994.7,17,12.4
2020-09-03 18:00:00,12.4,71,7.2,994.6,18,10.1
2020-09-03 19:00:00,10.1,77,7.8,994.7,19,9.1
2020-09-03 20:00:00,9.1,81,7.6,994.0,20,9.1
2020-09-03 21:00:00,9.1,81,6.4,994.1,21,8.8
2020-09-03 22:00:00,8.8,81,6.8,993.8,22,8.6
2020-09-03 23:00:00,8.6,80,7.7,993.5,23,8.4
2020-09-04 00:00:00,8.4,79,9.9,992.8,0,7.4
2020-09-04 01:00:00,7.4,87,9.4,991.9,1,6.7
2020-09-04 02:00:00,6.7,94,7.9,990.9,2,6.2
2020-09-04 03:00:00,6.2,97,6.2,989.6,3,5.7
2020-09-04 04:00:00,5.7,99,6.3,988.6,4,5.2
2020-09-04 05:00:00,5.2,100,7.5,989.1,5,5.4
2020-09-04 06:00:00,5.4,100,6.6,989.2,6,5.2
2020-09-04 07:00:00,5.2,100,7.6,989.1,7,5.6
2020-09-04 08:00:00,5.6,98,3.6,989.2,8,6.9
2020-09-04 09:00:00,6.9,93,0.0,990.1,9,8.4
2020-09-04 10:00:00,8.4,87,1.5,990.8,10,10.2
2020-09-04 11:00:00,10.2,81,2.5,990.8,11,12.3
2020-09-04 12:00:00,12.3,74,1.6,990.5,12,14.8
2020-09-04 13:00:00,14.8,67,3.5,989.9,13,16.5
2020-09-04 14:00:00,16.5,61,5.0,989.3,14,17.4
2020-09-04 15:00:00,17.4,56,9.2,989.1,15,16.7
2020-09-04 16:00:00,16.7,59,12.4,989.4,16,16.2
2020-09-04 17:00:00,16.2,62,5.5,989.4,17,13.7
2020-09-04 18:00:00,13.7,74,5.4,989.9,18,11.6
2020-09-04 19:00:00,11.6,80,6.6,991.2,19,9.3
2020-09-04 20:00:00,9.3,89,6.2,992.3,20,9.9
2020-09-04 21:00:00,9.9,84,3.1,992.5,21,8.6
2020-09-04 22:00:00,8.6,91,3.1,992.8,22,6.7
2020-09-04 23:00:00,6.7,98,5.6,992.6,23,7.2
2020-09-05 00:00:00,7.2,96,4.6,992.7,0,7.7
2020-09-05 01:00:00,7.7,95,6.1,992.7,1,7.9
2020-09-05 02:00:00,7.9,94,5.4,992.9,2,7.6
2020-09-05 03:00:00,7.6,94,4.7,992.6,3,7.1
2020-09-05 04:00:00,7.1,94,5.6,993.1,4,7.7
2020-09-05 05:00:00,7.7,91,3.1,994.1,5,6.8
2020-09-05 06:00:00,6.8,96,3.0,995.0,6,7.6
2020-09-05 07:00:00,7.6,94,4.3,995.9,7,7.3
2020-09-05 08:00:00,7.3,92,8.3,997.2,8,7.7
2020-09-05 09:00:00,7.7,91,7.7,997.5,9,8.8
2020-09-05 10:00:00,8.8,85,8.7,997.9,10,10.8
2020-09-05 11:00:00,10.8,74,13.0,998.6,11,12.5
2020-09-05 12:00:00,12.5,65,14.5,998.9,12,13.6
2020-09-05 13:00:00,13.6,61,13.8,998.8,13,14.2
2020-09-05 14:00:00,14.2,60,11.8,998.2,14,14.7
2020-09-05 15:00:00,14.7,59,8.8,998.0,15,14.6
2020-09-05 16:00:00,14.6,61,6.3,998.1,16,14.2
2020-09-05 17:00:00,14.2,64,5.6,997.8,17,12.4
2020-09-05 18:00:00,12.4,82,5.6,997.9,18,9.8
2020-09-05 19:00:00,9.8,84,9.6,998.0,19,8.9
2020-09-05 20:00:00,8.9,84,10.1,998.2,20,8.7
2020-09-05 21:00:00,8.7,88,6.3,998.1,21,7.4
2020-09-05 22:00:00,7.4,91,8.2,997.8,22,6.5
2020-09-05 23:00:00,6.5,93,9.9,997.6,23,6.2
2020-09-06 00:00:00,6.2,93,8.5,997.3,0,5.6
2020-09-06 01:00:00,5.6,94,8.0,996.5,1,4.8
2020-09-06 02:00:00,4.8,95,8.7,996.3,2,3.9
2020-09-06 03:00:00,3.9,96,9.9,995.4,3,3.4
2020-09-06 04:00:00,3.4,97,8.9,994.6,4,2.5
2020-09-06 05:00:00,2.5,99,9.4,994.0,5,2.8
2020-09-06 06:00:00,2.8,100,8.2,993.7,6,3.5
2020-09-06 07:00:00,3.5,100,7.4,994.0,7,4.3
2020-09-06 08:00:00,4.3,99,5.0,994.8,8,5.5
2020-09-06 09:00:00,5.5,98,5.6,995.0,9,7.7
2020-09-06 10:00:00,7.7,89,5.8,994.8,10,10.8
2020-09-06 11:00:00,10.8,77,6.6,994.2,11,13.6
2020-09-06 12:00:00,13.6,67,7.9,993.6,12,15.8
2020-09-06 13:00:00,15.8,58,9.2,992.7,13,17.0
2020-09-06 14:00:00,17.0,52,10.1,991.8,14,17.5
2020-09-06 15:00:00,17.5,51,10.6,991.3,15,17.5
2020-09-06 16:00:00,17.5,53,10.2,991.2,16,17.0
2020-09-06 17:00:00,17.0,59,8.2,991.2,17,13.6
2020-09-06 18:00:00,13.6,79,9.7,991.2,18,13.9
2020-09-06 19:00:00,13.9,67,8.1,991.5,19,13.4
2020-09-06 20:00:00,13.4,71,3.6,991.6,20,12.4
2020-09-06 21:00:00,12.4,74,2.4,992.0,21,11.4
2020-09-06 22:00:00,11.4,79,0.7,992.5,22,10.3
2020-09-06 23:00:00,10.3,84,1.3,992.8,23,8.9
2020-09-07 00:00:00,8.9,89,0.5,992.7,0,6.4
2020-09-07 01:00:00,6.4,93,4.2,993.0,1,4.7
2020-09-07 02:00:00,4.7,95,7.1,992.7,2,4.3
2020-09-07 03:00:00,4.3,98,7.4,992.5,3,4.4
2020-09-07 04:00:00,4.4,100,5.7,992.6,4,5.2
2020-09-07 05:00:00,5.2,98,3.4,993.6,5,6.1
2020-09-07 06:00:00,6.1,100,2.1,994.0,6,6.4
2020-09-07 07:00:00,6.4,100,6.2,994.6,7,7.2
2020-09-07 08:00:00,7.2,100,5.4,994.8,8,8.4
2020-09-07 09:00:00,8.4,97,6.0,995.5,9,9.7
2020-09-07 10:00:00,9.7,93,6.0,995.8,10,11.7
2020-09-07 11:00:00,11.7,84,8.4,995.4,11,14.2
2020-09-07 12:00:00,14.2,75,6.9,994.9,12,15.9
2020-09-07 13:00:00,15.9,71,5.1,993.5,13,17.0
2020-09-07 14:00:00,17.0,67,4.4,991.9,14,17.8
2020-09-07 15:00:00,17.8,65,4.0,991.0,15,17.6
2020-09-07 16:00:00,17.6,65,10.6,990.7,16,15.6
2020-09-07 17:00:00,15.6,72,13.6,990.8,17,14.0
2020-09-07 18:00:00,14.0,79,7.0,990.5,18,11.3
2020-09-07 19:00:00,11.3,89,8.0,989.8,19,9.6
2020-09-07 20:00:00,9.6,93,10.0,989.0,20,10.9
2020-09-07 21:00:00,10.9,91,5.4,989.5,21,10.4
2020-09-07 22:00:00,10.4,93,5.7,989.8,22,8.9
2020-09-07 23:00:00,8.9,96,7.7,989.3,23,9.2
2020-09-08 00:00:00,9.2,95,9.0,989.3,0,9.4
2020-09-08 01:00:00,9.4,90,4.2,990.1,1,9.4
2020-09-08 02:00:00,9.4,89,1.1,990.1,2,8.6
2020-09-08 03:00:00,8.6,93,5.2,989.4,3,8.8
2020-09-08 04:00:00,8.8,91,6.3,989.7,4,8.4
2020-09-08 05:00:00,8.4,93,2.6,990.6,5,8.9
2020-09-08 06:00:00,8.9,89,2.0,991.7,6,8.9
2020-09-08 07:00:00,8.9,91,3.5,992.3,7,9.6
2020-09-08 08:00:00,9.6,91,7.4,991.9,8,9.9
2020-09-08 09:00:00,9.9,89,8.1,993.0,9,10.6
2020-09-08 10:00:00,10.6,81,5.6,993.5,10,10.9
2020-09-08 11:00:00,10.9,78,5.2,994.3,11,11.4
2020-09-08 12:00:00,11.4,76,8.2,995.4,12,11.4
2020-09-08 13:00:00,11.4,73,7.4,995.4,13,10.9
2020-09-08 14:00:00,10.9,78,8.9,994.8,14,10.5
2020-09-08 15:00:00,10.5,78,11.0,994.9,15,10.1
2020-09-08 16:00:00,10.1,86,10.5,995.1,16,9.8
2020-09-08 17:00:00,9.8,89,10.9,994.9,17,9.9
2020-09-08 18:00:00,9.9,89,9.0,995.1,18,9.6
2020-09-08 19:00:00,9.6,92,4.4,995.2,19,9.6
2020-09-08 20:00:00,9.6,92,3.1,995.7,20,9.4
2020-09-08 21:00:00,9.4,92,6.6,996.0,21,9.1
2020-09-08 22:00:00,9.1,89,4.2,996.4,22,8.9
2020-09-08 23:00:00,8.9,91,6.7,996.8,23,8.8
2020-09-09 00:00:00,8.8,90,7.4,997.2,0,8.4
2020-09-09 01:00:00,8.4,92,6.1,997.2,1,8.4
2020-09-09 02:00:00,8.4,94,3.2,997.2,2,8.0
2020-09-09 03:00:00,8.0,95,2.6,996.9,3,7.8
2020-09-09 04:00:00,7.8,95,3.2,996.7,4,7.5
2020-09-09 05:00:00,7.5,96,3.8,996.7,5,7.3
2020-09-09 06:00:00,7.3,97,3.0,996.6,6,7.7
2020-09-09 07:00:00,7.7,97,3.1,996.9,7,8.9
2020-09-09 08:00:00,8.9,95,4.8,997.9,8,10.4
2020-09-09 09:00:00,10.4,89,0.4,998.2,9,12.5
2020-09-09 10:00:00,12.5,82,1.5,998.5,10,15.1
2020-09-09 11:00:00,15.1,69,3.1,998.3,11,16.8
2020-09-09 12:00:00,16.8,60,4.1,997.7,12,18.0
2020-09-09 13:00:00,18.0,59,6.1,997.2,13,18.5
2020-09-09 14:00:00,18.5,60,6.1,996.5,14,18.9
2020-09-09 15:00:00,18.9,60,7.4,995.7,15,18.8
2020-09-09 16:00:00,18.8,60,8.8,995.5,16,18.0
2020-09-09 17:00:00,18.0,63,8.9,995.3,17,15.8
2020-09-09 18:00:00,15.8,80,6.3,995.2,18,12.8
2020-09-09 19:00:00,12.8,85,9.2,994.9,19,11.4
2020-09-09 20:00:00,11.4,89,10.1,995.1,20,10.3
2020-09-09 21:00:00,10.3,94,8.2,995.4,21,9.4
2020-09-09 22:00:00,9.4,97,7.0,995.6,22,8.4
2020-09-09 23:00:00,8.4,99,8.0,995.3,23,8.5
2020-09-10 00:00:00,8.5,99,5.7,994.9,0,9.1
2020-09-10 01:00:00,9.1,100,4.0,994.5,1,8.7
2020-09-10 02:00:00,8.7,100,5.2,994.3,2,6.6
2020-09-10 03:00:00,6.6,100,6.4,993.8,3,7.3
2020-09-10 04:00:00,7.3,100,4.3,994.0,4,7.2
2020-09-10 05:00:00,7.2,100,5.3,994.3,5,7.2
2020-09-10 06:00:00,7.2,100,5.4,995.1,6,6.8
2020-09-10 07:00:00,6.8,100,3.6,995.5,7,7.8
2020-09-10 08:00:00,7.8,99,4.2,996.6,8,9.1
2020-09-10 09:00:00,9.1,98,1.1,997.8,9,10.8
2020-09-10 10:00:00,10.8,86,1.8,998.0,10,13.3
2020-09-10 11:00:00,13.3,76,2.9,998.2,11,14.7
2020-09-10 12:00:00,14.7,74,1.8,997.6,12,16.2
2020-09-10 13:00:00,16.2,66,0.8,996.5,13,17.1
2020-09-10 14:00:00,17.1,61,0.7,995.2,14,17.4
2020-09-10 15:00:00,17.4,61,7.1,994.5,15,17.0
2020-09-10 16:00:00,17.0,62,11.7,994.2,16,16.7
2020-09-10 17:00:00,16.7,62,11.9,994.1,17,14.6
2020-09-10 18:00:00,14.6,75,15.6,994.7,18,12.8
2020-09-10 19:00:00,12.8,82,11.2,995.0,19,11.7
2020-09-10 20:00:00,11.7,89,15.5,995.5,20,11.1
2020-09-10 21:00:00,11.1,91,14.8,995.6,21,10.2
2020-09-10 22:00:00,10.2,95,16.0,995.8,22,9.6
2020-09-10 23:00:00,9.6,94,15.9,995.7,23,9.1
2020-09-11 00:00:00,9.1,93,16.4,995.7,0,8.6
2020-09-11 01:00:00,8.6,93,17.6,995.7,1,7.8
2020-09-11 02:00:00,7.8,95,15.9,995.7,2,7.2
2020-09-11 03:00:00,7.2,96,16.1,995.2,3,6.4
2020-09-11 04:00:00,6.4,97,16.5,995.4,4,5.8
2020-09-11 05:00:00,5.8,97,15.6,995.8,5,5.4
2020-09-11 06:00:00,5.4,97,13.2,996.1,6,4.8
2020-09-11 07:00:00,4.8,98,12.6,996.5,7,5.3
2020-09-11 08:00:00,5.3,96,15.3,997.4,8,6.2
2020-09-11 09:00:00,6.2,91,13.2,997.7,9,8.1
2020-09-11 10:00:00,8.1,82,12.9,997.7,10,10.2
2020-09-11 11:00:00,10.2,73,15.2,997.4,11,12.1
2020-09-11 12:00:00,12.1,65,17.7,997.0,12,13.6
2020-09-11 13:00:00,13.6,60,18.0,996.7,13,14.6
2020-09-11 14:00:00,14.6,58,17.3,995.7,14,15.0
2020-09-11 15:00:00,15.0,56,17.4,994.9,15,14.9
2020-09-11 16:00:00,14.9,55,17.9,994.5,16,14.1
2020-09-11 17:00:00,14.1,56,16.8,994.4,17,12.4
2020-09-11 18:00:00,12.4,60,14.4,994.6,18,10.6
2020-09-11 19:00:00,10.6,62,13.1,994.6,19,9.6
2020-09-11 20:00:00,9.6,63,12.4,994.9,20,8.9
2020-09-11 21:00:00,8.9,65,12.7,995.1,21,7.7
2020-09-11 22:00:00,7.7,71,12.1,995.3,22,6.8
2020-09-11 23:00:00,6.8,77,11.8,995.2,23,6.2
2020-09-12 00:00:00,6.2,82,14.9,994.7,0,5.5
2020-09-12 01:00:00,5.5,89,14.1,994.6,1,4.8
2020-09-12 02:00:00,4.8,94,11.4,994.5,2,4.4
2020-09-12 03:00:00,4.4,96,11.3,994.1,3,4.3
2020-09-12 04:00:00,4.3,98,11.6,993.6,4,4.2
2020-09-12 05:00:00,4.2,97,12.5,993.7,5,3.7
2020-09-12 06:00:00,3.7,100,11.2,993.7,6,3.5
2020-09-12 07:00:00,3.5,98,12.3,994.1,7,4.4
2020-09-12 08:00:00,4.4,93,13.1,994.7,8,6.2
2020-09-12 09:00:00,6.2,85,13.2,995.3,9,8.8
2020-09-12 10:00:00,8.8,73,15.0,995.5,10,11.0
2020-09-12 11:00:00,11.0,65,16.1,995.1,11,12.9
2020-09-12 12:00:00,12.9,60,17.1,994.8,12,14.4
2020-09-12 13:00:00,14.4,56,18.9,994.6,13,15.4
2020-09-12 14:00:00,15.4,54,19.0,994.0,14,15.9
2020-09-12 15:00:00,15.9,52,17.7,993.6,15,15.8
2020-09-12 16:00:00,15.8,54,17.6,993.5,16,15.1
2020-09-12 17:00:00,15.1,59,16.9,993.5,17,13.4
2020-09-12 18:00:00,13.4,65,14.3,994.0,18,11.6
2020-09-12 19:00:00,11.6,70,13.2,994.4,19,10.6
2020-09-12 20:00:00,10.6,71,12.9,994.8,20,10.0
2020-09-12 21:00:00,10.0,72,13.5,995.3,21,9.1
2020-09-12 22:00:00,9.1,76,12.6,995.6,22,8.1
2020-09-12 23:00:00,8.1,81,13.0,995.9,23,7.2
2020-09-13 00:00:00,7.2,88,14.3,995.9,0,6.4
2020-09-13 01:00:00,6.4,94,12.6,995.9,1,5.9
2020-09-13 02:00:00,5.9,97,12.2,996.1,2,5.8
2020-09-13 03:00:00,5.8,98,12.6,995.8,3,5.9
2020-09-13 04:00:00,5.9,99,14.7,996.1,4,5.6
2020-09-13 05:00:00,5.6,98,16.2,996.8,5,5.1
2020-09-13 06:00:00,5.1,98,14.6,997.4,6,4.6
2020-09-13 07:00:00,4.6,98,14.3,997.8,7,4.8
2020-09-13 08:00:00,4.8,95,14.3,998.9,8,5.9
2020-09-13 09:00:00,5.9,87,14.0,999.4,9,8.2
2020-09-13 10:00:00,8.2,76,15.3,999.6,10,10.6
2020-09-13 11:00:00,10.6,66,15.8,999.4,11,12.8
2020-09-13 12:00:00,12.8,58,17.7,998.9,12,14.6
2020-09-13 13:00:00,14.6,54,19.5,998.4,13,16.0
2020-09-13 14:00:00,16.0,50,20.7,997.6,14,16.9
2020-09-13 15:00:00,16.9,49,22.0,996.9,15,16.9
2020-09-13 16:00:00,16.9,50,22.0,996.5,16,16.0
2020-09-13 17:00:00,16.0,53,20.4,996.2,17,14.3
2020-09-13 18:00:00,14.3,57,19.5,996.2,18,12.3
2020-09-13 19:00:00,12.3,63,19.2,996.4,19,10.6
2020-09-13 20:00:00,10.6,67,17.6,996.2,20,9.3
2020-09-13 21:00:00,9.3,73,18.5,996.3,21,8.0
2020-09-13 22:00:00,8.0,84,16.8,996.4,22,6.7
2020-09-13 23:00:00,6.7,93,13.9,995.9,23,5.8
2020-09-14 00:00:00,5.8,97,12.6,995.3,0,5.1
2020-09-14 01:00:00,5.1,99,14.1,994.5,1,4.4
2020-09-14 02:00:00,4.4,99,15.5,993.9,2,3.8
2020-09-14 03:00:00,3.8,98,14.5,992.9,3,2.8
2020-09-14 04:00:00,2.8,99,12.6,992.0,4,2.0
2020-09-14 05:00:00,2.0,99,12.9,991.5,5,1.5
2020-09-14 06:00:00,1.5,99,11.6,991.3,6,1.1
2020-09-14 07:00:00,1.1,98,10.0,991.2,7,1.6
2020-09-14 08:00:00,1.6,98,6.7,991.9,8,2.4
2020-09-14 09:00:00,2.4,95,6.4,991.8,9,5.5
2020-09-14 10:00:00,5.5,82,6.0,991.6,10,9.7
2020-09-14 11:00:00,9.7,70,7.2,991.0,11,13.1
2020-09-14 12:00:00,13.1,61,6.8,990.3,12,15.8
2020-09-14 13:00:00,15.8,55,7.6,989.6,13,17.5
2020-09-14 14:00:00,17.5,52,8.7,989.0,14,18.4
2020-09-14 15:00:00,18.4,51,8.2,988.8,15,18.8
2020-09-14 16:00:00,18.8,52,7.1,988.8,16,18.5
2020-09-14 17:00:00,18.5,54,5.4,988.9,17,16.5
2020-09-14 18:00:00,16.5,64,6.0,989.3,18,16.1
2020-09-14 19:00:00,16.1,57,4.8,989.8,19,11.9
2020-09-14 20:00:00,11.9,76,5.4,990.0,20,10.7
2020-09-14 21:00:00,10.7,83,6.2,990.3,21,10.1
2020-09-14 22:00:00,10.1,89,7.2,990.8,22,9.5
2020-09-14 23:00:00,9.5,94,10.4,991.6,23,8.4
2020-09-15 00:00:00,8.4,88,9.7,992.0,0,7.6
2020-09-15 01:00:00,7.6,86,8.5,992.1,1,6.8
2020-09-15 02:00:00,6.8,90,7.2,992.5,2,6.1
2020-09-15 03:00:00,6.1,94,6.8,992.3,3,5.4
2020-09-15 04:00:00,5.4,95,5.8,992.0,4,5.1
2020-09-15 05:00:00,5.1,96,5.8,992.2,5,4.8
2020-09-15 06:00:00,4.8,97,5.7,993.0,6,4.9
2020-09-15 07:00:00,4.9,97,5.4,993.6,7,7.7
2020-09-15 08:00:00,7.7,92,6.9,994.8,8,8.8
2020-09-15 09:00:00,8.8,87,9.3,995.3,9,9.9
2020-09-15 10:00:00,9.9,83,7.7,995.7,10,11.8
2020-09-15 11:00:00,11.8,79,5.1,996.2,11,13.9
2020-09-15 12:00:00,13.9,75,4.9,996.2,12,15.1
2020-09-15 13:00:00,15.1,72,7.6,995.8,13,16.3
2020-09-15 14:00:00,16.3,67,11.9,995.0,14,15.9
2020-09-15 15:00:00,15.9,66,11.4,995.0,15,15.8
2020-09-15 16:00:00,15.8,64,9.8,995.2,16,15.9
2020-09-15 17:00:00,15.9,61,7.3,995.2,17,14.4
2020-09-15 18:00:00,14.4,78,5.2,995.6,18,11.9
2020-09-15 19:00:00,11.9,82,6.1,995.8,19,11.6
2020-09-15 20:00:00,11.6,88,6.1,996.3,20,11.6
2020-09-15 21:00:00,11.6,84,5.8,996.5,21,10.8
2020-09-15 22:00:00,10.8,88,7.9,997.2,22,10.3
2020-09-15 23:00:00,10.3,92,3.7,997.1,23,10.1
2020-09-16 00:00:00,10.1,93,6.3,996.8,0,9.3
2020-09-16 01:00:00,9.3,96,5.3,996.6,1,9.1
2020-09-16 02:00:00,9.1,97,4.9,995.9,2,8.9
2020-09-16 03:00:00,8.9,97,5.7,995.2,3,8.2
2020-09-16 04:00:00,8.2,100,9.1,994.9,4,8.1
2020-09-16 05:00:00,8.1,100,10.0,995.5,5,8.1
2020-09-16 06:00:00,8.1,100,12.0,995.7,6,8.2
2020-09-16 07:00:00,8.2,100,11.5,996.1,7,8.6
2020-09-16 08:00:00,8.6,99,15.5,996.9,8,9.6
2020-09-16 09:00:00,9.6,95,15.0,996.9,9,11.2
2020-09-16 10:00:00,11.2,86,16.8,997.5,10,13.8
2020-09-16 11:00:00,13.8,78,14.9,997.8,11,15.6
2020-09-16 12:00:00,15.6,73,11.9,997.4,12,17.3
2020-09-16 13:00:00,17.3,67,9.7,997.1,13,18.4
2020-09-16 14:00:00,18.4,64,13.4,996.7,14,18.7
2020-09-16 15:00:00,18.7,62,12.1,995.9,15,18.8
2020-09-16 16:00:00,18.8,62,12.9,996.0,16,18.3
2020-09-16 17:00:00,18.3,63,13.2,996.1,17,16.9
2020-09-16 18:00:00,16.9,71,10.1,996.5,18,14.0
2020-09-16 19:00:00,14.0,81,7.9,996.5,19,12.1
2020-09-16 20:00:00,12.1,89,11.0,996.4,20,12.4
2020-09-16 21:00:00,12.4,88,7.9,996.9,21,11.7
2020-09-16 22:00:00,11.7,91,8.2,997.1,22,11.4
2020-09-16 23:00:00,11.4,91,9.5,997.6,23,10.8
2020-09-17 00:00:00,10.8,92,8.4,997.2,0,10.4
2020-09-17 01:00:00,10.4,94,10.0,997.4,1,9.5
2020-09-17 02:00:00,9.5,97,10.4,997.2,2,9.1
2020-09-17 03:00:00,9.1,99,10.4,997.0,3,8.6
2020-09-17 04:00:00,8.6,100,10.0,996.9,4,8.3
2020-09-17 05:00:00,8.3,100,11.0,997.0,5,7.9
2020-09-17 06:00:00,7.9,100,12.5,997.3,6,7.5
2020-09-17 07:00:00,7.5,100,12.3,997.6,7,8.2
2020-09-17 08:00:00,8.2,97,10.7,997.8,8,9.9
2020-09-17 09:00:00,9.9,90,12.3,998.0,9,11.9
2020-09-17 10:00:00,11.9,82,11.9,998.1,10,14.8
2020-09-17 11:00:00,14.8,73,11.1,997.4,11,17.2
2020-09-17 12:00:00,17.2,66,10.6,996.8,12,18.7
2020-09-17 13:00:00,18.7,63,14.7,996.1,13,19.5
2020-09-17 14:00:00,19.5,60,16.6,995.5,14,19.9
2020-09-17 15:00:00,19.9,59,16.8,994.9,15,19.9
2020-09-17 16:00:00,19.9,59,16.3,994.4,16,19.2
2020-09-17 17:00:00,19.2,63,15.6,994.1,17,17.5
2020-09-17 18:00:00,17.5,72,11.4,993.9,18,15.2
2020-09-17 19:00:00,15.2,81,11.2,993.8,19,14.4
2020-09-17 20:00:00,14.4,81,15.0,994.0,20,13.4
2020-09-17 21:00:00,13.4,82,14.0,994.4,21,12.1
2020-09-17 22:00:00,12.1,88,12.4,994.5,22,11.1
2020-09-17 23:00:00,11.1,91,13.0,994.6,23,10.4
2020-09-18 00:00:00,10.4,93,13.0,994.5,0,9.8
2020-09-18 01:00:00,9.8,95,13.8,994.7,1,9.2
2020-09-18 02:00:00,9.2,97,13.0,994.5,2,8.7
2020-09-18 03:00:00,8.7,99,14.6,994.1,3,8.2
2020-09-18 04:00:00,8.2,99,16.1,993.6,4,7.7
2020-09-18 05:00:00,7.7,100,16.9,993.8,5,7.2
2020-09-18 06:00:00,7.2,99,15.0,994.1,6,6.8
2020-09-18 07:00:00,6.8,98,15.1,994.4,7,7.7
2020-09-18 08:00:00,7.7,90,17.8,994.9,8,9.0
2020-09-18 09:00:00,9.0,81,16.1,995.0,9,11.4
2020-09-18 10:00:00,11.4,69,15.9,995.0,10,13.8
2020-09-18 11:00:00,13.8,60,16.3,994.9,11,15.9
2020-09-18 12:00:00,15.9,54,16.9,994.5,12,17.5
2020-09-18 13:00:00,17.5,50,18.5,993.8,13,18.6
2020-09-18 14:00:00,18.6,47,19.5,993.2,14,18.8
2020-09-18 15:00:00,18.8,47,21.4,993.1,15,18.4
2020-09-18 16:00:00,18.4,46,22.2,993.3,16,17.4
2020-09-18 17:00:00,17.4,49,21.1,993.3,17,15.7
2020-09-18 18:00:00,15.7,54,18.8,993.5,18,13.9
2020-09-18 19:00:00,13.9,56,18.8,993.9,19,12.6
2020-09-18 20:00:00,12.6,60,18.5,994.2,20,10.9
2020-09-18 21:00:00,10.9,66,17.9,994.8,21,9.5
2020-09-18 22:00:00,9.5,69,15.5,995.0,22,8.2
2020-09-18 23:00:00,8.2,70,15.5,994.8,23,7.1
2020-09-19 00:00:00,7.1,74,14.3,994.5,0,5.8
2020-09-19 01:00:00,5.8,81,11.2,994.1,1,4.7
2020-09-19 02:00:00,4.7,89,9.7,993.6,2,3.9
2020-09-19 03:00:00,3.9,96,7.7,993.0,3,3.9
2020-09-19 04:00:00,3.9,98,9.2,992.4,4,3.7
2020-09-19 05:00:00,3.7,99,9.2,992.3,5,3.0
2020-09-19 06:00:00,3.0,99,8.2,992.2,6,2.2
2020-09-19 07:00:00,2.2,97,9.4,992.4,7,3.5
2020-09-19 08:00:00,3.5,87,10.9,992.9,8,5.7
2020-09-19 09:00:00,5.7,77,9.7,993.0,9,8.8
2020-09-19 10:00:00,8.8,68,9.7,993.0,10,12.0
2020-09-19 11:00:00,12.0,60,10.3,992.4,11,15.2
2020-09-19 12:00:00,15.2,53,10.8,992.1,12,17.9
2020-09-19 13:00:00,17.9,50,12.9,991.5,13,19.5
2020-09-19 14:00:00,19.5,50,14.3,990.6,14,20.6
2020-09-19 15:00:00,20.6,49,13.6,990.0,15,21.3
2020-09-19 16:00:00,21.3,49,12.6,989.7,16,21.0
2020-09-19 17:00:00,21.0,54,10.3,989.6,17,18.3
2020-09-19 18:00:00,18.3,69,7.0,989.8,18,18.5
2020-09-19 19:00:00,18.5,59,7.2,990.3,19,16.9
2020-09-19 20:00:00,16.9,65,3.9,989.8,20,15.3
2020-09-19 21:00:00,15.3,74,2.6,990.0,21,14.2
2020-09-19 22:00:00,14.2,79,2.1,990.2,22,12.8
2020-09-19 23:00:00,12.8,84,2.8,990.4,23,9.2
2020-09-20 00:00:00,9.2,93,6.4,990.2,0,8.4
2020-09-20 01:00:00,8.4,95,6.3,990.3,1,7.6
2020-09-20 02:00:00,7.6,97,5.5,990.0,2,8.4
2020-09-20 03:00:00,8.4,95,3.1,989.6,3,7.7
2020-09-20 04:00:00,7.7,97,3.4,989.1,4,7.8
2020-09-20 05:00:00,7.8,97,2.5,989.2,5,7.1
2020-09-20 06:00:00,7.1,100,1.1,989.4,6,6.6
2020-09-20 07:00:00,6.6,100,1.5,989.8,7,6.6
2020-09-20 08:00:00,6.6,98,1.6,990.4,8,10.2
2020-09-20 09:00:00,10.2,87,0.4,990.6,9,13.9
2020-09-20 10:00:00,13.9,77,1.9,990.7,10,16.8
2020-09-20 11:00:00,16.8,69,1.8,990.8,11,19.0
2020-09-20 12:00:00,19.0,62,1.8,991.0,12,20.6
2020-09-20 13:00:00,20.6,59,0.5,990.9,13,21.6
2020-09-20 14:00:00,21.6,57,1.0,990.7,14,22.2
2020-09-20 15:00:00,22.2,57,0.7,990.6,15,22.3
2020-09-20 16:00:00,22.3,57,1.6,990.7,16,21.9
2020-09-20 17:00:00,21.9,58,2.8,990.7,17,19.5
2020-09-20 18:00:00,19.5,76,5.2,991.0,18,15.9
2020-09-20 19:00:00,15.9,80,7.6,991.4,19,13.4
2020-09-20 20:00:00,13.4,89,5.8,991.7,20,11.9
2020-09-20 21:00:00,11.9,93,5.6,991.9,21,10.2
2020-09-20 22:00:00,10.2,97,7.3,992.2,22,9.5
2020-09-20 23:00:00,9.5,97,5.2,992.2,23,9.1
2020-09-21 00:00:00,9.1,98,2.4,992.2,0,8.8
2020-09-21 01:00:00,8.8,99,2.5,992.1,1,8.9
2020-09-21 02:00:00,8.9,100,1.5,992.2,2,8.1
2020-09-21 03:00:00,8.1,100,1.0,992.0,3,7.8
2020-09-21 04:00:00,7.8,100,2.0,991.7,4,7.4
2020-09-21 05:00:00,7.4,100,1.5,991.7,5,7.8
2020-09-21 06:00:00,7.8,99,2.4,991.4,6,8.6
2020-09-21 07:00:00,8.6,99,4.0,991.9,7,9.6
2020-09-21 08:00:00,9.6,99,5.7,992.9,8,10.5
2020-09-21 09:00:00,10.5,97,5.1,993.1,9,12.8
2020-09-21 10:00:00,12.8,89,5.6,993.3,10,15.3
2020-09-21 11:00:00,15.3,78,5.6,993.0,11,17.5
2020-09-21 12:00:00,17.5,70,8.6,992.5,12,19.2
2020-09-21 13:00:00,19.2,64,8.6,991.9,13,20.3
2020-09-21 14:00:00,20.3,59,10.8,991.5,14,20.5
2020-09-21 15:00:00,20.5,58,11.8,991.3,15,20.5
2020-09-21 16:00:00,20.5,59,11.4,991.1,16,19.9
2020-09-21 17:00:00,19.9,62,10.7,991.1,17,18.4
2020-09-21 18:00:00,18.4,70,7.3,991.2,18,15.1
2020-09-21 19:00:00,15.1,82,8.2,991.3,19,14.2
2020-09-21 20:00:00,14.2,84,8.9,991.6,20,14.0
2020-09-21 21:00:00,14.0,86,7.3,992.1,21,12.6
2020-09-21 22:00:00,12.6,91,7.9,992.2,22,12.6
2020-09-21 23:00:00,12.6,91,6.4,992.2,23,11.8
2020-09-22 00:00:00,11.8,92,6.4,992.3,0,11.4
2020-09-22 01:00:00,11.4,92,6.9,992.4,1,10.9
2020-09-22 02:00:00,10.9,94,6.6,992.0,2,10.3
2020-09-22 03:00:00,10.3,96,5.9,992.0,3,9.6
2020-09-22 04:00:00,9.6,98,5.1,991.8,4,9.6
2020-09-22 05:00:00,9.6,100,7.4,991.8,5,9.2
2020-09-22 06:00:00,9.2,100,9.4,992.4,6,9.1
2020-09-22 07:00:00,9.1,97,10.7,993.0,7,9.1
2020-09-22 08:00:00,9.1,97,10.5,993.4,8,10.4
2020-09-22 09:00:00,10.4,90,9.7,993.7,9,12.1
2020-09-22 10:00:00,12.1,85,9.8,993.8,10,14.5
2020-09-22 11:00:00,14.5,78,8.7,993.7,11,16.5
2020-09-22 12:00:00,16.5,71,9.5,993.4,12,18.0
2020-09-22 13:00:00,18.0,65,12.1,992.9,13,19.2
2020-09-22 14:00:00,19.2,58,14.3,992.8,14,19.4
2020-09-22 15:00:00,19.4,56,14.5,992.5,15,18.8
2020-09-22 16:00:00,18.8,58,14.3,992.4,16,17.9
2020-09-22 17:00:00,17.9,61,12.7,992.5,17,16.6
2020-09-22 18:00:00,16.6,67,9.5,992.9,18,14.4
2020-09-22 19:00:00,14.4,73,7.2,993.1,19,13.9
2020-09-22 20:00:00,13.9,70,8.4,993.2,20,13.4
2020-09-22 21:00:00,13.4,70,8.1,993.2,21,12.1
2020-09-22 22:00:00,12.1,75,7.2,993.3,22,11.5
2020-09-22 23:00:00,11.5,77,7.8,993.3,23,10.8
2020-09-23 00:00:00,10.8,82,8.3,993.1,0,10.2
2020-09-23 01:00:00,10.2,84,8.9,993.1,1,9.1
2020-09-23 02:00:00,9.1,91,8.7,992.9,2,8.3
2020-09-23 03:00:00,8.3,94,8.1,992.3,3,7.8
2020-09-23 04:00:00,7.8,97,8.2,992.0,4,7.3
2020-09-23 05:00:00,7.3,100,8.5,992.2,5,7.0
2020-09-23 06:00:00,7.0,100,8.2,992.5,6,6.8
2020-09-23 07:00:00,6.8,100,7.7,992.6,7,7.1
2020-09-23 08:00:00,7.1,96,9.2,992.5,8,8.4
2020-09-23 09:00:00,8.4,91,8.9,992.3,9,11.1
2020-09-23 10:00:00,11.1,81,9.3,992.2,10,14.4
2020-09-23 11:00:00,14.4,72,9.1,991.8,11,17.1
2020-09-23 12:00:00,17.1,63,10.4,991.3,12,19.0
2020-09-23 13:00:00,19.0,56,10.7,990.9,13,20.3
2020-09-23 14:00:00,20.3,54,11.2,990.3,14,21.1
2020-09-23 15:00:00,21.1,52,10.8,989.9,15,21.3
2020-09-23 16:00:00,21.3,51,10.8,989.6,16,20.7
2020-09-23 17:00:00,20.7,53,10.0,989.6,17,18.3
2020-09-23 18:00:00,18.3,69,6.0,989.8,18,14.9
2020-09-23 19:00:00,14.9,78,11.8,989.8,19,15.4
2020-09-23 20:00:00,15.4,73,9.2,990.0,20,14.6
2020-09-23 21:00:00,14.6,77,9.3,990.3,21,13.7
2020-09-23 22:00:00,13.7,79,8.8,990.3,22,12.9
2020-09-23 23:00:00,12.9,81,8.4,990.3,23,13.2
2020-09-24 00:00:00,13.2,79,7.4,990.3,0,12.6
2020-09-24 01:00:00,12.6,82,7.3,990.0,1,12.4
2020-09-24 02:00:00,12.4,85,5.8,990.0,2,11.6
2020-09-24 03:00:00,11.6,90,4.1,989.5,3,10.9
2020-09-24 04:00:00,10.9,94,4.7,989.4,4,10.0
2020-09-24 05:00:00,10.0,99,5.6,989.5,5,8.9
2020-09-24 06:00:00,8.9,100,5.4,989.7,6,8.2
2020-09-24 07:00:00,8.2,100,3.1,990.0,7,9.7
2020-09-24 08:00:00,9.7,99,3.4,990.9,8,12.2
2020-09-24 09:00:00,12.2,93,2.9,990.6,9,16.0
2020-09-24 10:00:00,16.0,79,2.9,990.7,10,18.9
2020-09-24 11:00:00,18.9,69,2.3,990.9,11,21.0
2020-09-24 12:00:00,21.0,60,2.8,990.9,12,22.5
2020-09-24 13:00:00,22.5,54,4.3,990.8,13,23.2
2020-09-24 14:00:00,23.2,50,6.4,990.6,14,23.2
2020-09-24 15:00:00,23.2,49,7.7,990.4,15,22.4
2020-09-24 16:00:00,22.4,53,9.8,990.5,16,20.5
2020-09-24 17:00:00,20.5,62,12.8,990.4,17,18.0
2020-09-24 18:00:00,18.0,70,9.9,990.8,18,15.0
2020-09-24 19:00:00,15.0,81,5.9,990.7,19,13.9
2020-09-24 20:00:00,13.9,82,5.9,990.6,20,11.8
2020-09-24 21:00:00,11.8,91,6.6,990.8,21,10.4
2020-09-24 22:00:00,10.4,96,5.6,990.7,22,9.8
2020-09-24 23:00:00,9.8,98,5.5,990.8,23,9.6
2020-09-25 00:00:00,9.6,98,4.4,990.8,0,9.4
2020-09-25 01:00:00,9.4,98,4.8,991.0,1,9.4
2020-09-25 02:00:00,9.4,98,5.8,991.0,2,10.9
2020-09-25 03:00:00,10.9,92,3.4,991.0,3,11.3
2020-09-25 04:00:00,11.3,88,4.6,991.0,4,11.2
2020-09-25 05:00:00,11.2,87,5.1,991.6,5,10.9
2020-09-25 06:00:00,10.9,88,3.1,992.2,6,11.0
2020-09-25 07:00:00,11.0,88,8.0,992.7,7,11.1
2020-09-25 08:00:00,11.1,82,9.7,993.8,8,11.9
2020-09-25 09:00:00,11.9,77,10.1,994.3,9,12.2
2020-09-25 10:00:00,12.2,74,10.9,994.7,10,12.9
2020-09-25 11:00:00,12.9,71,9.7,995.0,11,14.1
2020-09-25 12:00:00,14.1,68,11.5,994.8,12,14.2
2020-09-25 13:00:00,14.2,68,12.5,994.4,13,14.5
2020-09-25 14:00:00,14.5,66,12.3,994.1,14,15.2
2020-09-25 15:00:00,15.2,62,13.9,993.8,15,14.8
2020-09-25 16:00:00,14.8,62,13.8,993.9,16,14.1
2020-09-25 17:00:00,14.1,63,13.6,994.1,17,13.6
2020-09-25 18:00:00,13.6,64,12.1,994.7,18,12.8
2020-09-25 19:00:00,12.8,66,9.1,995.1,19,10.8
2020-09-25 20:00:00,10.8,74,7.1,996.3,20,10.9
2020-09-25 21:00:00,10.9,74,4.0,996.6,21,10.5
2020-09-25 22:00:00,10.5,75,3.1,996.8,22,9.9
2020-09-25 23:00:00,9.9,80,4.5,996.7,23,9.6
2020-09-26 00:00:00,9.6,83,5.2,996.8,0,9.3
2020-09-26 01:00:00,9.3,84,3.9,996.9,1,9.1
2020-09-26 02:00:00,9.1,86,2.9,996.7,2,9.1
2020-09-26 03:00:00,9.1,86,2.9,996.5,3,8.7
2020-09-26 04:00:00,8.7,92,3.2,996.3,4,8.8
2020-09-26 05:00:00,8.8,89,3.1,996.5,5,8.8
2020-09-26 06:00:00,8.8,87,2.3,996.9,6,8.8
2020-09-26 07:00:00,8.8,88,2.6,997.6,7,9.9
2020-09-26 08:00:00,9.9,84,4.6,998.3,8,10.1
2020-09-26 09:00:00,10.1,82,5.0,998.8,9,11.1
2020-09-26 10:00:00,11.1,77,1.8,998.9,10,12.1
2020-09-26 11:00:00,12.1,70,1.5,998.7,11,13.5
2020-09-26 12:00:00,13.5,63,4.4,998.6,12,14.1
2020-09-26 13:00:00,14.1,57,2.9,998.4,13,15.2
2020-09-26 14:00:00,15.2,52,2.1,997.9,14,15.5
2020-09-26 15:00:00,15.5,51,4.9,997.5,15,14.9
2020-09-26 16:00:00,14.9,56,9.4,997.4,16,14.5
2020-09-26 17:00:00,14.5,56,10.8,997.4,17,13.6
2020-09-26 18:00:00,13.6,60,10.6,997.7,18,11.4
2020-09-26 19:00:00,11.4,71,10.1,997.8,19,10.1
2020-09-26 20:00:00,10.1,78,8.9,997.6,20,9.3
2020-09-26 21:00:00,9.3,82,8.3,997.7,21,8.4
2020-09-26 22:00:00,8.4,86,7.6,997.7,22,7.8
2020-09-26 23:00:00,7.8,86,8.0,997.3,23,7.4
2020-09-27 00:00:00,7.4,85,8.7,997.0,0,6.8
2020-09-27 01:00:00,6.8,90,9.5,996.4,1,6.3
2020-09-27 02:00:00,6.3,93,9.7,996.1,2,5.8
2020-09-27 03:00:00,5.8,96,10.2,995.6,3,5.3
2020-09-27 04:00:00,5.3,98,8.4,995.1,4,5.3
2020-09-27 05:00:00,5.3,99,7.6,995.1,5,5.5
2020-09-27 06:00:00,5.5,100,8.1,995.2,6,5.8
2020-09-27 07:00:00,5.8,99,8.8,995.6,7,6.7
2020-09-27 08:00:00,6.7,97,7.9,996.4,8,7.9
2020-09-27 09:00:00,7.9,91,7.9,996.6,9,10.2
2020-09-27 10:00:00,10.2,80,7.1,996.7,10,12.9
2020-09-27 11:00:00,12.9,72,7.9,996.4,11,15.0
2020-09-27 12:00:00,15.0,64,9.2,996.1,12,16.7
2020-09-27 13:00:00,16.7,57,9.6,995.6,13,17.9
2020-09-27 14:00:00,17.9,53,9.9,995.0,14,18.5
2020-09-27 15:00:00,18.5,51,9.8,994.1,15,18.6
2020-09-27 16:00:00,18.6,49,10.0,993.6,16,18.2
2020-09-27 17:00:00,18.2,49,10.2,993.3,17,16.7
2020-09-27 18:00:00,16.7,60,7.4,993.1,18,12.9
2020-09-27 19:00:00,12.9,72,9.0,992.8,19,11.7
2020-09-27 20:00:00,11.7,77,10.1,992.7,20,10.8
2020-09-27 21:00:00,10.8,81,8.8,992.4,21,10.4
2020-09-27 22:00:00,10.4,81,7.7,992.2,22,9.8
2020-09-27 23:00:00,9.8,82,8.0,991.9,23,8.6
2020-09-28 00:00:00,8.6,87,8.1,991.5,0,7.5
2020-09-28 01:00:00,7.5,90,9.0,991.0,1,6.5
2020-09-28 02:00:00,6.5,93,8.9,990.6,2,5.9
2020-09-28 03:00:00,5.9,95,7.9,989.8,3,6.2
2020-09-28 04:00:00,6.2,96,6.6,989.3,4,5.6
2020-09-28 05:00:00,5.6,98,6.4,988.9,5,5.2
2020-09-28 06:00:00,5.2,100,6.4,988.6,6,5.7
2020-09-28 07:00:00,5.7,100,8.9,988.4,7,6.6
2020-09-28 08:00:00,6.6,98,8.7,988.4,8,8.4
2020-09-28 09:00:00,8.4,89,10.0,988.3,9,11.4
2020-09-28 10:00:00,11.4,76,9.1,987.8,10,14.1
2020-09-28 11:00:00,14.1,66,9.5,987.1,11,16.2
2020-09-28 12:00:00,16.2,58,11.0,986.5,12,17.6
2020-09-28 13:00:00,17.6,54,11.1,986.0,13,18.3
2020-09-28 14:00:00,18.3,52,10.1,985.2,14,18.9
2020-09-28 15:00:00,18.9,51,10.8,984.6,15,19.0
2020-09-28 16:00:00,19.0,48,10.2,984.9,16,18.5
2020-09-28 17:00:00,18.5,49,8.7,985.3,17,17.0
2020-09-28 18:00:00,17.0,68,5.2,985.8,18,15.6
2020-09-28 19:00:00,15.6,59,7.6,986.5,19,12.1
2020-09-28 20:00:00,12.1,85,9.0,986.9,20,11.4
2020-09-28 21:00:00,11.4,91,5.5,988.1,21,10.2
2020-09-28 22:00:00,10.2,94,5.4,988.8,22,9.8
2020-09-28 23:00:00,9.8,94,6.6,989.1,23,8.9
2020-09-29 00:00:00,8.9,94,4.8,989.2,0,8.7
2020-09-29 01:00:00,8.7,94,2.5,989.3,1,8.8
2020-09-29 02:00:00,8.8,93,3.3,989.8,2,8.9
2020-09-29 03:00:00,8.9,88,4.0,989.5,3,8.9
2020-09-29 04:00:00,8.9,86,3.8,989.8,4,8.4
2020-09-29 05:00:00,8.4,90,3.1,989.9,5,7.4
2020-09-29 06:00:00,7.4,95,3.6,990.4,6,8.0
2020-09-29 07:00:00,8.0,92,5.8,991.0,7,8.9
2020-09-29 08:00:00,8.9,82,6.5,992.3,8,9.9
2020-09-29 09:00:00,9.9,73,11.2,992.8,9,11.1
2020-09-29 10:00:00,11.1,71,13.8,993.1,10,12.1
2020-09-29 11:00:00,12.1,67,16.6,993.4,11,13.7
2020-09-29 12:00:00,13.7,60,20.9,993.5,12,14.1
2020-09-29 13:00:00,14.1,56,20.5,993.3,13,15.1
2020-09-29 14:00:00,15.1,52,22.1,993.0,14,15.6
2020-09-29 15:00:00,15.6,48,22.5,992.6,15,14.4
2020-09-29 16:00:00,14.4,53,20.7,992.6,16,14.7
2020-09-29 17:00:00,14.7,49,15.9,992.6,17,13.6
2020-09-29 18:00:00,13.6,55,10.3,993.1,18,10.8
2020-09-29 19:00:00,10.8,68,7.1,993.4,19,10.4
2020-09-29 20:00:00,10.4,73,6.6,993.8,20,9.8
2020-09-29 21:00:00,9.8,72,5.0,994.6,21,8.2
2020-09-29 22:00:00,8.2,80,7.2,994.7,22,8.1
2020-09-29 23:00:00,8.1,77,8.0,994.5,23,7.1
2020-09-30 00:00:00,7.1,84,6.6,994.5,0,7.0
2020-09-30 01:00:00,7.0,86,5.4,994.4,1,6.7
2020-09-30 02:00:00,6.7,90,6.8,994.0,2,8.1
2020-09-30 03:00:00,8.1,81,2.9,993.3,3,7.9
2020-09-30 04:00:00,7.9,86,2.0,993.0,4,8.4
2020-09-30 05:00:00,8.4,81,1.8,993.6,5,8.4
2020-09-30 06:00:00,8.4,85,2.8,994.2,6,8.7
2020-09-30 07:00:00,8.7,85,6.2,994.7,7,9.4
2020-09-30 08:00:00,9.4,85,10.8,995.5,8,9.4
2020-09-30 09:00:00,9.4,86,12.1,995.8,9,9.6
2020-09-30 10:00:00,9.6,85,15.0,995.9,10,9.1
2020-09-30 11:00:00,9.1,84,14.0,996.2,11,9.8
2020-09-30 12:00:00,9.8,79,13.6,996.3,12,10.3
2020-09-30 13:00:00,10.3,75,12.9,996.5,13,10.6
2020-09-30 14:00:00,10.6,69,11.8,996.0,14,10.8
2020-09-30 15:00:00,10.8,66,10.5,995.5,15,11.0
2020-09-30 16:00:00,11.0,64,9.2,995.5,16,10.9
2020-09-30 17:00:00,10.9,68,6.9,995.2,17,11.1
2020-09-30 18:00:00,11.1,71,3.0,995.3,18,10.6
2020-09-30 19:00:00,10.6,71,1.9,995.1,19,10.6
2020-09-30 20:00:00,10.6,68,2.7,994.8,20,8.1
2020-09-30 21:00:00,8.1,81,7.4,994.6,21,8.8
2020-09-30 22:00:00,8.8,74,9.5,994.8,22,7.3
2020-09-30 23:00:00,7.3,73,15.1,994.8,23,6.7
2020-10-01 00:00:00,6.7,76,14.4,994.6,0,6.4
2020-10-01 01:00:00,6.4,77,14.6,994.5,1,6.2
2020-10-01 02:00:00,6.2,79,13.4,994.4,2,5.8
2020-10-01 03:00:00,5.8,82,11.4,994.2,3,5.4
2020-10-01 04:00:00,5.4,83,10.0,993.9,4,5.0
2020-10-01 05:00:00,5.0,85,8.9,994.0,5,5.1
2020-10-01 06:00:00,5.1,85,8.9,994.0,6,4.9
2020-10-01 07:00:00,4.9,87,9.9,994.0,7,5.9
2020-10-01 08:00:00,5.9,84,10.6,994.9,8,7.7
2020-10-01 09:00:00,7.7,77,10.7,994.7,9,8.9
2020-10-01 10:00:00,8.9,71,12.7,994.3,10,9.8
2020-10-01 11:00:00,9.8,64,13.2,994.3,11,10.9
2020-10-01 12:00:00,10.9,59,13.4,994.1,12,12.1
2020-10-01 13:00:00,12.1,54,14.0,993.7,13,12.9
2020-10-01 14:00:00,12.9,49,12.9,993.4,14,13.1
2020-10-01 15:00:00,13.1,48,10.3,992.9,15,13.4
2020-10-01 16:00:00,13.4,47,8.1,992.9,16,13.0
2020-10-01 17:00:00,13.0,52,5.9,992.7,17,12.1
2020-10-01 18:00:00,12.1,68,4.1,993.0,18,10.9
2020-10-01 19:00:00,10.9,63,6.5,993.1,19,9.8
2020-10-01 20:00:00,9.8,65,7.2,992.2,20,8.8
2020-10-01 21:00:00,8.8,63,7.7,992.3,21,8.1
2020-10-01 22:00:00,8.1,62,10.0,992.3,22,7.2
2020-10-01 23:00:00,7.2,65,12.0,992.2,23,6.3
2020-10-02 00:00:00,6.3,73,13.0,992.3,0,5.2
2020-10-02 01:00:00,5.2,85,11.1,992.4,1,4.4
2020-10-02 02:00:00,4.4,92,9.1,992.1,2,3.9
2020-10-02 03:00:00,3.9,94,8.2,991.7,3,3.5
2020-10-02 04:00:00,3.5,95,7.7,991.4,4,3.0
2020-10-02 05:00:00,3.0,96,6.4,991.5,5,2.8
2020-10-02 06:00:00,2.8,96,6.4,992.0,6,3.5
2020-10-02 07:00:00,3.5,94,9.4,992.8,7,5.2
2020-10-02 08:00:00,5.2,88,10.2,993.2,8,7.3
2020-10-02 09:00:00,7.3,80,8.5,993.1,9,9.8
2020-10-02 10:00:00,9.8,71,8.4,992.8,10,12.1
2020-10-02 11:00:00,12.1,61,10.0,992.8,11,13.9
2020-10-02 12:00:00,13.9,51,10.1,992.6,12,15.0
2020-10-02 13:00:00,15.0,48,9.3,992.7,13,15.9
2020-10-02 14:00:00,15.9,46,6.6,992.7,14,16.5
2020-10-02 15:00:00,16.5,44,7.2,992.4,15,16.1
2020-10-02 16:00:00,16.1,43,7.3,992.4,16,15.8
2020-10-02 17:00:00,15.8,46,6.5,992.5,17,14.4
2020-10-02 18:00:00,14.4,55,5.2,993.1,18,11.1
2020-10-02 19:00:00,11.1,64,12.0,993.6,19,9.6
2020-10-02 20:00:00,9.6,72,8.0,993.3,20,8.1
2020-10-02 21:00:00,8.1,81,8.0,993.7,21,9.4
2020-10-02 22:00:00,9.4,70,3.5,994.3,22,8.9
2020-10-02 23:00:00,8.9,73,5.0,994.5,23,6.8
2020-10-03 00:00:00,6.8,86,7.2,994.4,0,6.6
2020-10-03 01:00:00,6.6,87,8.2,994.5,1,6.1
2020-10-03 02:00:00,6.1,86,6.7,994.2,2,5.8
2020-10-03 03:00:00,5.8,86,5.4,993.8,3,4.8
2020-10-03 04:00:00,4.8,90,6.2,993.7,4,4.4
2020-10-03 05:00:00,4.4,90,6.6,993.8,5,4.1
2020-10-03 06:00:00,4.1,91,6.3,994.1,6,5.2
2020-10-03 07:00:00,5.2,84,6.0,994.6,7,7.2
2020-10-03 08:00:00,7.2,76,3.6,995.8,8,8.9
2020-10-03 09:00:00,8.9,69,4.5,996.0,9,10.6
2020-10-03 10:00:00,10.6,64,5.4,996.2,10,12.2
2020-10-03 11:00:00,12.2,59,4.6,996.3,11,13.8
2020-10-03 12:00:00,13.8,54,3.6,996.1,12,15.1
2020-10-03 13:00:00,15.1,48,0.7,995.5,13,16.4
2020-10-03 14:00:00,16.4,37,4.0,994.8,14,16.9
2020-10-03 15:00:00,16.9,35,7.2,994.1,15,16.4
2020-10-03 16:00:00,16.4,36,11.9,994.0,16,13.8
2020-10-03 17:00:00,13.8,52,17.7,994.5,17,12.1
2020-10-03 18:00:00,12.1,53,14.2,995.1,18,9.9
2020-10-03 19:00:00,9.9,56,10.8,995.6,19,8.8
2020-10-03 20:00:00,8.8,63,8.7,995.6,20,8.8
2020-10-03 21:00:00,8.8,65,9.4,995.8,21,9.1
2020-10-03 22:00:00,9.1,66,11.6,996.2,22,8.2
2020-10-03 23:00:00,8.2,69,12.4,996.0,23,7.8
2020-10-04 00:00:00,7.8,69,11.1,996.2,0,7.1
2020-10-04 01:00:00,7.1,72,11.0,996.5,1,6.2
2020-10-04 02:00:00,6.2,76,8.7,996.7,2,5.7
2020-10-04 03:00:00,5.7,76,8.4,996.4,3,5.2
2020-10-04 04:00:00,5.2,76,9.5,996.7,4,4.4
2020-10-04 05:00:00,4.4,81,7.2,997.0,5,3.9
2020-10-04 06:00:00,3.9,85,5.5,997.7,6,4.4
2020-10-04 07:00:00,4.4,85,6.8,998.6,7,6.1
2020-10-04 08:00:00,6.1,80,8.4,998.9,8,8.8
2020-10-04 09:00:00,8.8,74,10.1,999.1,9,11.4
2020-10-04 10:00:00,11.4,63,11.5,999.2,10,13.3
2020-10-04 11:00:00,13.3,52,13.7,999.0,11,14.6
2020-10-04 12:00:00,14.6,44,16.4,998.4,12,15.4
2020-10-04 13:00:00,15.4,38,17.3,997.7,13,16.1
2020-10-04 14:00:00,16.1,34,16.5,996.8,14,16.5
2020-10-04 15:00:00,16.5,33,15.2,995.8,15,16.5
2020-10-04 16:00:00,16.5,34,16.1,995.3,16,15.8
2020-10-04 17:00:00,15.8,40,19.1,994.6,17,14.4
2020-10-04 18:00:00,14.4,44,17.6,994.4,18,12.6
2020-10-04 19:00:00,12.6,49,16.6,994.0,19,11.4
2020-10-04 20:00:00,11.4,53,13.6,993.5,20,10.4
2020-10-04 21:00:00,10.4,58,12.6,993.1,21,9.1
2020-10-04 22:00:00,9.1,64,9.7,993.1,22,7.8
2020-10-04 23:00:00,7.8,71,7.4,992.2,23,6.5
2020-10-05 00:00:00,6.5,78,7.1,991.6,0,5.6
2020-10-05 01:00:00,5.6,83,7.9,991.2,1,4.6
2020-10-05 02:00:00,4.6,87,8.9,990.8,2,3.7
2020-10-05 03:00:00,3.7,90,9.5,989.9,3,4.0
2020-10-05 04:00:00,4.0,88,8.1,989.8,4,4.7
2020-10-05 05:00:00,4.7,86,6.3,990.0,5,4.3
2020-10-05 06:00:00,4.3,87,5.6,990.5,6,4.2
2020-10-05 07:00:00,4.2,89,5.7,991.1,7,6.9
2020-10-05 08:00:00,6.9,79,4.8,992.8,8,9.3
2020-10-05 09:00:00,9.3,72,4.6,992.5,9,11.9
2020-10-05 10:00:00,11.9,65,3.9,991.9,10,14.6
2020-10-05 11:00:00,14.6,57,5.3,992.4,11,16.4
2020-10-05 12:00:00,16.4,51,6.3,992.4,12,17.5
2020-10-05 13:00:00,17.5,48,8.2,991.7,13,18.2
2020-10-05 14:00:00,18.2,46,9.2,991.3,14,18.6
2020-10-05 15:00:00,18.6,45,8.0,991.0,15,18.6
2020-10-05 16:00:00,18.6,46,7.5,990.7,16,18.2
2020-10-05 17:00:00,18.2,47,9.1,990.6,17,16.9
2020-10-05 18:00:00,16.9,56,7.7,991.0,18,13.6
2020-10-05 19:00:00,13.6,69,7.9,991.5,19,12.2
2020-10-05 20:00:00,12.2,78,7.0,990.8,20,12.1
2020-10-05 21:00:00,12.1,79,8.4,991.4,21,11.6
2020-10-05 22:00:00,11.6,81,7.9,992.1,22,11.3
2020-10-05 23:00:00,11.3,80,7.2,992.8,23,10.7
2020-10-06 00:00:00,10.7,80,7.4,993.0,0,10.0
2020-10-06 01:00:00,10.0,80,8.2,993.2,1,9.1
2020-10-06 02:00:00,9.1,82,7.4,993.1,2,8.3
2020-10-06 03:00:00,8.3,84,6.9,992.7,3,7.7
2020-10-06 04:00:00,7.7,86,7.4,992.6,4,7.1
2020-10-06 05:00:00,7.1,86,7.5,992.6,5,6.6
2020-10-06 06:00:00,6.6,87,7.6,992.7,6,6.7
2020-10-06 07:00:00,6.7,86,10.2,993.0,7,7.7
2020-10-06 08:00:00,7.7,84,12.3,993.9,8,9.4
2020-10-06 09:00:00,9.4,79,12.0,994.3,9,11.8
2020-10-06 10:00:00,11.8,72,9.8,994.5,10,13.8
2020-10-06 11:00:00,13.8,65,10.8,994.3,11,15.4
2020-10-06 12:00:00,15.4,58,12.5,994.0,12,16.8
2020-10-06 13:00:00,16.8,53,14.2,993.8,13,18.0
2020-10-06 14:00:00,18.0,48,14.8,993.5,14,18.8
2020-10-06 15:00:00,18.8,44,15.3,993.7,15,18.8
2020-10-06 16:00:00,18.8,43,14.8,994.0,16,18.2
2020-10-06 17:00:00,18.2,42,14.2,994.3,17,16.8
2020-10-06 18:00:00,16.8,47,10.2,995.1,18,13.3
2020-10-06 19:00:00,13.3,56,7.7,995.4,19,11.6
2020-10-06 20:00:00,11.6,66,11.5,995.6,20,11.9
2020-10-06 21:00:00,11.9,63,8.2,996.2,21,12.1
2020-10-06 22:00:00,12.1,64,13.2,996.8,22,10.6
2020-10-06 23:00:00,10.6,81,14.6,996.6,23,9.5
2020-10-07 00:00:00,9.5,89,14.5,996.7,0,8.4
2020-10-07 01:00:00,8.4,93,13.8,996.5,1,7.6
2020-10-07 02:00:00,7.6,95,12.5,996.0,2,6.8
2020-10-07 03:00:00,6.8,97,12.8,995.6,3,6.3
2020-10-07 04:00:00,6.3,99,13.5,995.3,4,6.2
2020-10-07 05:00:00,6.2,98,14.0,995.3,5,5.9
2020-10-07 06:00:00,5.9,96,14.1,995.8,6,5.8
2020-10-07 07:00:00,5.8,95,14.6,996.0,7,6.9
2020-10-07 08:00:00,6.9,87,15.8,996.8,8,9.0
2020-10-07 09:00:00,9.0,77,15.6,996.9,9,12.1
2020-10-07 10:00:00,12.1,64,15.0,996.8,10,14.4
2020-10-07 11:00:00,14.4,55,15.0,996.7,11,16.4
2020-10-07 12:00:00,16.4,48,16.4,996.3,12,17.8
2020-10-07 13:00:00,17.8,44,17.1,996.2,13,18.8
2020-10-07 14:00:00,18.8,40,16.4,995.7,14,19.2
2020-10-07 15:00:00,19.2,38,15.9,995.4,15,19.1
2020-10-07 16:00:00,19.1,36,16.1,995.2,16,18.5
2020-10-07 17:00:00,18.5,37,16.3,995.3,17,17.0
2020-10-07 18:00:00,17.0,43,11.1,995.7,18,13.6
2020-10-07 19:00:00,13.6,52,8.6,995.9,19,12.6
2020-10-07 20:00:00,12.6,55,9.4,996.2,20,12.4
2020-10-07 21:00:00,12.4,54,11.1,997.1,21,11.2
2020-10-07 22:00:00,11.2,58,10.8,997.3,22,10.2
2020-10-07 23:00:00,10.2,63,11.0,997.3,23,9.4
2020-10-08 00:00:00,9.4,67,13.3,997.6,0,8.2
2020-10-08 01:00:00,8.2,76,12.1,997.7,1,7.2
2020-10-08 02:00:00,7.2,84,9.7,997.7,2,6.2
2020-10-08 03:00:00,6.2,91,7.7,997.5,3,5.6
2020-10-08 04:00:00,5.6,93,6.9,997.3,4,5.0
2020-10-08 05:00:00,5.0,95,6.9,997.3,5,4.5
2020-10-08 06:00:00,4.5,96,6.6,997.6,6,5.6
2020-10-08 07:00:00,5.6,93,10.2,998.5,7,7.7
2020-10-08 08:00:00,7.7,84,10.5,999.3,8,10.1
2020-10-08 09:00:00,10.1,73,12.2,999.5,9,12.9
2020-10-08 10:00:00,12.9,61,12.3,999.5,10,15.4
2020-10-08 11:00:00,15.4,52,12.4,999.2,11,17.5
2020-10-08 12:00:00,17.5,46,14.0,998.8,12,18.8
2020-10-08 13:00:00,18.8,41,15.6,998.4,13,19.3
2020-10-08 14:00:00,19.3,39,16.4,997.6,14,19.4
2020-10-08 15:00:00,19.4,38,18.5,996.9,15,18.7
2020-10-08 16:00:00,18.7,39,18.9,996.4,16,17.9
2020-10-08 17:00:00,17.9,43,17.9,996.2,17,16.9
2020-10-08 18:00:00,16.9,48,16.1,996.4,18,15.1
2020-10-08 19:00:00,15.1,52,14.0,996.5,19,14.5
2020-10-08 20:00:00,14.5,53,14.0,996.9,20,13.7
2020-10-08 21:00:00,13.7,54,13.0,997.3,21,12.6
2020-10-08 22:00:00,12.6,59,13.0,997.4,22,11.8
2020-10-08 23:00:00,11.8,65,14.3,997.6,23,10.4
2020-10-09 00:00:00,10.4,79,12.6,997.7,0,9.4
2020-10-09 01:00:00,9.4,89,11.1,997.3,1,8.4
2020-10-09 02:00:00,8.4,95,8.5,997.0,2,7.8
2020-10-09 03:00:00,7.8,98,8.8,996.3,3,7.2
2020-10-09 04:00:00,7.2,100,8.9,995.8,4,7.3
2020-10-09 05:00:00,7.3,100,10.2,995.4,5,7.5
2020-10-09 06:00:00,7.5,100,10.2,995.4,6,8.1
2020-10-09 07:00:00,8.1,96,9.7,995.3,7,8.6
2020-10-09 08:00:00,8.6,92,11.9,995.8,8,10.9
2020-10-09 09:00:00,10.9,79,11.3,995.5,9,14.3
2020-10-09 10:00:00,14.3,64,11.1,994.8,10,17.2
2020-10-09 11:00:00,17.2,54,12.9,994.2,11,19.7
2020-10-09 12:00:00,19.7,47,15.1,993.8,12,21.6
2020-10-09 13:00:00,21.6,43,16.9,993.4,13,23.0
2020-10-09 14:00:00,23.0,39,17.8,992.4,14,23.7
2020-10-09 15:00:00,23.7,38,18.4,991.4,15,23.8
2020-10-09 16:00:00,23.8,37,19.0,990.5,16,23.1
2020-10-09 17:00:00,23.1,38,18.7,990.1,17,21.5
2020-10-09 18:00:00,21.5,42,16.3,990.0,18,19.1
2020-10-09 19:00:00,19.1,42,15.0,989.9,19,17.8
2020-10-09 20:00:00,17.8,46,11.8,990.1,20,17.4
2020-10-09 21:00:00,17.4,47,14.0,990.7,21,16.1
2020-10-09 22:00:00,16.1,48,12.0,991.2,22,14.5
2020-10-09 23:00:00,14.5,53,10.1,991.5,23,13.4
2020-10-10 00:00:00,13.4,59,11.1,991.8,0,12.1
2020-10-10 01:00:00,12.1,70,9.9,991.9,1,10.8
2020-10-10 02:00:00,10.8,81,7.9,991.8,2,10.2
2020-10-10 03:00:00,10.2,87,10.4,991.9,3,10.0
2020-10-10 04:00:00,10.0,92,13.8,992.5,4,9.4
2020-10-10 05:00:00,9.4,96,10.9,992.9,5,9.4
2020-10-10 06:00:00,9.4,98,13.6,993.4,6,9.9
2020-10-10 07:00:00,9.9,93,20.8,994.6,7,10.1
2020-10-10 08:00:00,10.1,88,19.9,995.9,8,11.9
2020-10-10 09:00:00,11.9,78,18.3,996.2,9,13.9
2020-10-10 10:00:00,13.9,69,17.0,996.0,10,16.8
2020-10-10 11:00:00,16.8,58,19.7,995.5,11,18.8
2020-10-10 12:00:00,18.8,48,22.2,995.5,12,20.0
2020-10-10 13:00:00,20.0,40,21.8,995.1,13,20.5
2020-10-10 14:00:00,20.5,35,20.9,995.0,14,20.7
2020-10-10 15:00:00,20.7,33,21.4,994.5,15,20.5
2020-10-10 16:00:00,20.5,30,22.9,994.0,16,19.0
2020-10-10 17:00:00,19.0,33,24.0,994.1,17,17.1
2020-10-10 18:00:00,17.1,38,21.8,994.3,18,15.1
2020-10-10 19:00:00,15.1,45,18.7,994.5,19,13.7
2020-10-10 20:00:00,13.7,52,17.5,994.6,20,12.7
2020-10-10 21:00:00,12.7,58,17.6,994.9,21,11.5
2020-10-10 22:00:00,11.5,63,16.9,994.7,22,10.4
2020-10-10 23:00:00,10.4,68,16.3,994.3,23,9.6
2020-10-11 00:00:00,9.6,73,15.2,994.0,0,8.9
2020-10-11 01:00:00,8.9,79,13.8,993.9,1,8.1
2020-10-11 02:00:00,8.1,85,12.7,993.4,2,7.2
2020-10-11 03:00:00,7.2,91,11.9,992.8,3,6.2
2020-10-11 04:00:00,6.2,97,11.0,992.4,4,5.6
2020-10-11 05:00:00,5.6,100,9.4,992.1,5,5.8
2020-10-11 06:00:00,5.8,100,11.1,992.1,6,6.1
2020-10-11 07:00:00,6.1,98,9.2,992.2,7,6.3
2020-10-11 08:00:00,6.3,97,9.5,992.6,8,8.4
2020-10-11 09:00:00,8.4,87,7.8,992.5,9,12.1
2020-10-11 10:00:00,12.1,70,6.4,992.0,10,16.0
2020-10-11 11:00:00,16.0,56,8.2,991.4,11,19.0
2020-10-11 12:00:00,19.0,47,10.2,990.9,12,21.0
2020-10-11 13:00:00,21.0,42,10.6,990.6,13,22.5
2020-10-11 14:00:00,22.5,38,10.6,990.2,14,23.4
2020-10-11 15:00:00,23.4,36,10.2,990.0,15,23.8
2020-10-11 16:00:00,23.8,35,10.8,989.5,16,23.5
2020-10-11 17:00:00,23.5,35,11.0,989.4,17,21.7
2020-10-11 18:00:00,21.7,46,7.1,989.6,18,16.7
2020-10-11 19:00:00,16.7,60,12.3,989.2,19,16.9
2020-10-11 20:00:00,16.9,56,10.1,989.5,20,15.1
2020-10-11 21:00:00,15.1,63,10.9,990.1,21,14.4
2020-10-11 22:00:00,14.4,63,9.7,990.2,22,14.2
2020-10-11 23:00:00,14.2,65,8.5,990.2,23,13.6
2020-10-12 00:00:00,13.6,70,9.4,990.2,0,12.2
2020-10-12 01:00:00,12.2,78,9.5,990.3,1,11.1
2020-10-12 02:00:00,11.1,83,8.7,990.2,2,9.8
2020-10-12 03:00:00,9.8,89,6.9,989.8,3,9.1
2020-10-12 04:00:00,9.1,91,7.7,989.6,4,8.2
2020-10-12 05:00:00,8.2,95,7.1,989.7,5,6.9
2020-10-12 06:00:00,6.9,98,5.4,990.0,6,8.2
2020-10-12 07:00:00,8.2,96,7.4,990.7,7,9.4
2020-10-12 08:00:00,9.4,94,10.0,992.1,8,11.5
2020-10-12 09:00:00,11.5,86,6.4,992.3,9,14.2
2020-10-12 10:00:00,14.2,75,4.0,991.6,10,17.9
2020-10-12 11:00:00,17.9,62,9.2,991.4,11,20.6
2020-10-12 12:00:00,20.6,52,10.1,990.9,12,22.6
2020-10-12 13:00:00,22.6,43,9.7,990.6,13,24.0
2020-10-12 14:00:00,24.0,40,9.2,990.1,14,24.8
2020-10-12 15:00:00,24.8,42,11.8,989.6,15,25.0
2020-10-12 16:00:00,25.0,42,12.6,988.9,16,24.6
2020-10-12 17:00:00,24.6,41,12.1,988.5,17,23.0
2020-10-12 18:00:00,23.0,48,7.7,988.4,18,18.5
2020-10-12 19:00:00,18.5,61,10.0,988.1,19,17.5
2020-10-12 20:00:00,17.5,65,12.1,988.0,20,17.1
2020-10-12 21:00:00,17.1,64,8.4,988.2,21,16.5
2020-10-12 22:00:00,16.5,60,9.7,988.4,22,15.4
2020-10-12 23:00:00,15.4,56,9.5,988.2,23,13.9
2020-10-13 00:00:00,13.9,58,8.3,988.0,0,12.9
2020-10-13 01:00:00,12.9,64,7.9,987.8,1,11.7
2020-10-13 02:00:00,11.7,69,7.1,987.5,2,10.6
2020-10-13 03:00:00,10.6,75,6.5,987.0,3,9.8
2020-10-13 04:00:00,9.8,81,6.4,986.9,4,8.9
2020-10-13 05:00:00,8.9,88,5.9,986.9,5,8.1
2020-10-13 06:00:00,8.1,94,5.8,987.1,6,9.4
2020-10-13 07:00:00,9.4,93,7.2,987.7,7,11.6
2020-10-13 08:00:00,11.6,88,6.4,988.8,8,13.8
2020-10-13 09:00:00,13.8,78,5.6,988.5,9,16.7
2020-10-13 10:00:00,16.7,69,5.7,988.3,10,19.2
2020-10-13 11:00:00,19.2,64,5.2,988.0,11,21.2
2020-10-13 12:00:00,21.2,60,6.6,988.0,12,22.8
2020-10-13 13:00:00,22.8,55,8.0,988.0,13,23.7
2020-10-13 14:00:00,23.7,53,10.5,988.0,14,24.0
2020-10-13 15:00:00,24.0,51,11.4,987.8,15,24.0
2020-10-13 16:00:00,24.0,50,11.8,987.7,16,23.4
2020-10-13 17:00:00,23.4,49,13.2,987.8,17,22.2
2020-10-13 18:00:00,22.2,52,10.0,988.3,18,18.6
2020-10-13 19:00:00,18.6,64,7.9,988.1,19,17.4
2020-10-13 20:00:00,17.4,71,9.9,987.8,20,16.0
2020-10-13 21:00:00,16.0,78,8.9,988.0,21,15.8
2020-10-13 22:00:00,15.8,79,7.6,988.3,22,15.6
2020-10-13 23:00:00,15.6,70,11.2,988.2,23,14.6
2020-10-14 00:00:00,14.6,70,11.1,987.6,0,13.6
2020-10-14 01:00:00,13.6,77,9.4,987.6,1,12.5
2020-10-14 02:00:00,12.5,85,7.3,987.9,2,11.9
2020-10-14 03:00:00,11.9,89,7.4,987.8,3,10.6
2020-10-14 04:00:00,10.6,94,7.6,988.3,4,11.9
2020-10-14 05:00:00,11.9,90,5.1,989.1,5,12.2
2020-10-14 06:00:00,12.2,87,0.7,989.7,6,12.8
2020-10-14 07:00:00,12.8,85,6.3,990.5,7,12.8
2020-10-14 08:00:00,12.8,82,9.7,991.2,8,13.1
2020-10-14 09:00:00,13.1,80,10.1,991.3,9,14.4
2020-10-14 10:00:00,14.4,74,11.9,991.3,10,14.8
2020-10-14 11:00:00,14.8,73,10.5,991.9,11,16.5
2020-10-14 12:00:00,16.5,67,8.6,991.7,12,18.1
2020-10-14 13:00:00,18.1,63,7.6,991.6,13,19.0
2020-10-14 14:00:00,19.0,61,6.5,991.2,14,20.2
2020-10-14 15:00:00,20.2,57,5.4,990.6,15,20.8
2020-10-14 16:00:00,20.8,55,3.3,990.0,16,20.9
2020-10-14 17:00:00,20.9,55,2.1,989.7,17,20.6
2020-10-14 18:00:00,20.6,56,1.5,989.7,18,20.1
2020-10-14 19:00:00,20.1,55,2.9,990.0,19,16.6
2020-10-14 20:00:00,16.6,74,8.7,990.0,20,15.8
2020-10-14 21:00:00,15.8,77,7.6,990.4,21,13.9
2020-10-14 22:00:00,13.9,89,5.2,990.7,22,12.6
2020-10-14 23:00:00,12.6,95,7.2,990.7,23,11.9
2020-10-15 00:00:00,11.9,97,7.2,990.3,0,11.4
2020-10-15 01:00:00,11.4,99,6.4,989.9,1,11.2
2020-10-15 02:00:00,11.2,100,5.1,989.1,2,10.9
2020-10-15 03:00:00,10.9,100,4.7,988.3,3,10.6
2020-10-15 04:00:00,10.6,99,4.7,988.0,4,10.5
2020-10-15 05:00:00,10.5,100,5.9,987.8,5,10.6
2020-10-15 06:00:00,10.6,100,4.9,987.6,6,11.2
2020-10-15 07:00:00,11.2,97,3.7,987.8,7,11.9
2020-10-15 08:00:00,11.9,97,6.2,988.6,8,14.4
2020-10-15 09:00:00,14.4,88,5.9,989.1,9,17.3
2020-10-15 10:00:00,17.3,77,4.6,989.6,10,19.7
2020-10-15 11:00:00,19.7,68,5.0,989.4,11,22.0
2020-10-15 12:00:00,22.0,59,6.0,988.9,12,23.8
2020-10-15 13:00:00,23.8,53,6.2,988.6,13,25.2
2020-10-15 14:00:00,25.2,48,7.0,987.8,14,26.4
2020-10-15 15:00:00,26.4,44,7.2,987.2,15,26.7
2020-10-15 16:00:00,26.7,42,7.4,986.6,16,26.5
2020-10-15 17:00:00,26.5,43,7.7,986.5,17,25.3
2020-10-15 18:00:00,25.3,52,5.3,986.7,18,21.4
2020-10-15 19:00:00,21.4,65,7.4,986.6,19,19.7
2020-10-15 20:00:00,19.7,78,6.9,986.3,20,17.8
2020-10-15 21:00:00,17.8,88,9.1,986.1,21,16.2
2020-10-15 22:00:00,16.2,94,6.8,985.9,22,15.0
2020-10-15 23:00:00,15.0,96,4.1,986.1,23,14.4
2020-10-16 00:00:00,14.4,97,4.3,986.3,0,13.9
2020-10-16 01:00:00,13.9,98,5.3,986.6,1,13.3
2020-10-16 02:00:00,13.3,94,9.4,986.6,2,12.5
2020-10-16 03:00:00,12.5,91,8.4,987.0,3,11.9
2020-10-16 04:00:00,11.9,92,10.4,988.0,4,11.9
2020-10-16 05:00:00,11.9,90,10.5,989.4,5,11.8
2020-10-16 06:00:00,11.8,89,10.7,990.4,6,12.1
2020-10-16 07:00:00,12.1,87,11.6,991.3,7,12.4
2020-10-16 08:00:00,12.4,83,11.2,992.0,8,12.9
2020-10-16 09:00:00,12.9,81,9.4,992.8,9,13.9
2020-10-16 10:00:00,13.9,78,7.9,993.1,10,15.6
2020-10-16 11:00:00,15.6,72,9.4,993.1,11,17.7
2020-10-16 12:00:00,17.7,68,9.7,993.0,12,20.0
2020-10-16 13:00:00,20.0,62,10.1,992.6,13,21.5
2020-10-16 14:00:00,21.5,56,8.0,992.3,14,22.1
2020-10-16 15:00:00,22.1,52,6.3,991.8,15,22.6
2020-10-16 16:00:00,22.6,50,7.0,991.4,16,22.8
2020-10-16 17:00:00,22.8,47,6.2,990.9,17,21.9
2020-10-16 18:00:00,21.9,50,3.9,990.8,18,18.1
2020-10-16 19:00:00,18.1,63,10.7,991.0,19,15.5
2020-10-16 20:00:00,15.5,78,7.1,991.2,20,14.2
2020-10-16 21:00:00,14.2,85,4.5,991.2,21,13.2
2020-10-16 22:00:00,13.2,90,4.5,991.3,22,12.1
2020-10-16 23:00:00,12.1,95,4.4,991.3,23,11.1
2020-10-17 00:00:00,11.1,98,4.0,990.6,0,10.4
2020-10-17 01:00:00,10.4,99,4.0,990.3,1,9.8
2020-10-17 02:00:00,9.8,100,5.1,989.8,2,9.9
2020-10-17 03:00:00,9.9,100,5.9,989.2,3,9.9
2020-10-17 04:00:00,9.9,100,6.3,989.0,4,10.0
2020-10-17 05:00:00,10.0,100,4.3,988.6,5,10.2
2020-10-17 06:00:00,10.2,99,3.8,988.5,6,10.6
2020-10-17 07:00:00,10.6,98,3.2,988.7,7,11.9
2020-10-17 08:00:00,11.9,94,6.6,989.2,8,13.8
2020-10-17 09:00:00,13.8,86,9.2,989.9,9,15.6
2020-10-17 10:00:00,15.6,79,5.9,990.1,10,18.2
2020-10-17 11:00:00,18.2,70,5.7,990.1,11,20.9
2020-10-17 12:00:00,20.9,61,7.9,990.3,12,22.9
2020-10-17 13:00:00,22.9,53,7.4,990.2,13,24.1
2020-10-17 14:00:00,24.1,48,7.8,990.1,14,24.7
2020-10-17 15:00:00,24.7,43,8.7,990.0,15,24.2
2020-10-17 16:00:00,24.2,45,11.0,989.9,16,22.2
2020-10-17 17:00:00,22.2,53,14.9,990.0,17,19.1
2020-10-17 18:00:00,19.1,62,15.8,990.6,18,16.2
2020-10-17 19:00:00,16.2,69,10.9,991.0,19,15.1
2020-10-17 20:00:00,15.1,73,6.5,991.0,20,14.0
2020-10-17 21:00:00,14.0,76,5.9,991.0,21,13.1
2020-10-17 22:00:00,13.1,79,5.8,991.0,22,12.7
2020-10-17 23:00:00,12.7,76,8.2,990.6,23,12.2
2020-10-18 00:00:00,12.2,70,13.3,990.4,0,11.0
2020-10-18 01:00:00,11.0,74,13.7,990.1,1,9.9
2020-10-18 02:00:00,9.9,80,11.3,989.4,2,9.1
2020-10-18 03:00:00,9.1,85,8.9,988.9,3,8.6
2020-10-18 04:00:00,8.6,88,8.7,988.7,4,8.1
2020-10-18 05:00:00,8.1,93,8.1,989.0,5,7.6
2020-10-18 06:00:00,7.6,97,10.5,989.4,6,8.4
2020-10-18 07:00:00,8.4,93,12.6,990.2,7,10.1
2020-10-18 08:00:00,10.1,86,10.5,990.7,8,12.1
2020-10-18 09:00:00,12.1,79,10.0,991.1,9,14.6
2020-10-18 10:00:00,14.6,70,10.3,991.5,10,17.4
2020-10-18 11:00:00,17.4,61,11.8,991.8,11,19.5
2020-10-18 12:00:00,19.5,53,10.7,991.8,12,20.8
2020-10-18 13:00:00,20.8,47,7.5,991.5,13,22.0
2020-10-18 14:00:00,22.0,42,7.4,991.3,14,22.5
2020-10-18 15:00:00,22.5,40,8.2,991.0,15,22.6
2020-10-18 16:00:00,22.6,39,7.9,990.7,16,22.0
2020-10-18 17:00:00,22.0,42,8.4,990.6,17,20.1
2020-10-18 18:00:00,20.1,48,12.8,991.3,18,16.7
2020-10-18 19:00:00,16.7,51,13.7,991.7,19,15.6
2020-10-18 20:00:00,15.6,54,12.1,991.7,20,14.7
2020-10-18 21:00:00,14.7,55,11.0,992.7,21,13.9
2020-10-18 22:00:00,13.9,54,12.6,993.5,22,12.9
2020-10-18 23:00:00,12.9,52,14.8,993.7,23,11.6
2020-10-19 00:00:00,11.6,52,14.8,993.8,0,10.4
2020-10-19 01:00:00,10.4,57,12.2,993.7,1,9.4
2020-10-19 02:00:00,9.4,63,11.1,993.3,2,8.7
2020-10-19 03:00:00,8.7,69,10.3,993.0,3,7.9
2020-10-19 04:00:00,7.9,76,8.3,993.1,4,7.7
2020-10-19 05:00:00,7.7,80,9.0,993.6,5,7.7
2020-10-19 06:00:00,7.7,84,10.9,994.2,6,8.4
2020-10-19 07:00:00,8.4,83,13.5,994.8,7,10.1
2020-10-19 08:00:00,10.1,76,11.9,995.1,8,12.1
2020-10-19 09:00:00,12.1,69,12.2,995.1,9,14.9
2020-10-19 10:00:00,14.9,59,11.4,994.5,10,17.5
2020-10-19 11:00:00,17.5,52,11.9,994.1,11,19.4
2020-10-19 12:00:00,19.4,46,12.9,993.8,12,20.6
2020-10-19 13:00:00,20.6,42,13.4,993.5,13,21.5
2020-10-19 14:00:00,21.5,39,13.1,992.6,14,22.2
2020-10-19 15:00:00,22.2,36,13.8,991.6,15,22.2
2020-10-19 16:00:00,22.2,34,12.6,990.9,16,21.9
2020-10-19 17:00:00,21.9,33,13.3,990.6,17,20.5
2020-10-19 18:00:00,20.5,34,12.1,991.2,18,18.5
2020-10-19 19:00:00,18.5,33,13.0,992.1,19,18.0
2020-10-19 20:00:00,18.0,31,15.0,992.7,20,17.1
2020-10-19 21:00:00,17.1,37,15.6,993.8,21,15.7
2020-10-19 22:00:00,15.7,43,8.4,994.6,22,15.2
2020-10-19 23:00:00,15.2,47,13.0,995.1,23,13.4
2020-10-20 00:00:00,13.4,62,10.3,995.5,0,12.2
2020-10-20 01:00:00,12.2,70,6.6,995.0,1,11.5
2020-10-20 02:00:00,11.5,73,14.8,994.1,2,10.1
2020-10-20 03:00:00,10.1,80,7.2,993.2,3,9.6
2020-10-20 04:00:00,9.6,82,12.3,993.2,4,9.0
2020-10-20 05:00:00,9.0,83,13.5,992.8,5,8.5
2020-10-20 06:00:00,8.5,87,12.7,992.1,6,9.8
2020-10-20 07:00:00,9.8,83,14.8,992.2,7,11.7
2020-10-20 08:00:00,11.7,75,16.3,991.9,8,14.4
2020-10-20 09:00:00,14.4,64,16.4,991.4,9,17.2
2020-10-20 10:00:00,17.2,53,17.2,990.8,10,19.8
2020-10-20 11:00:00,19.8,46,18.0,990.5,11,21.7
2020-10-20 12:00:00,21.7,41,18.0,989.9,12,23.0
2020-10-20 13:00:00,23.0,36,17.9,989.6,13,24.0
2020-10-20 14:00:00,24.0,32,17.7,989.2,14,24.5
2020-10-20 15:00:00,24.5,30,17.1,988.8,15,24.5
2020-10-20 16:00:00,24.5,29,17.1,988.6,16,23.9
2020-10-20 17:00:00,23.9,29,16.6,988.8,17,22.5
2020-10-20 18:00:00,22.5,33,13.0,989.0,18,19.6
2020-10-20 19:00:00,19.6,38,9.4,989.1,19,18.1
2020-10-20 20:00:00,18.1,43,8.7,989.3,20,17.5
2020-10-20 21:00:00,17.5,44,9.5,989.7,21,16.5
2020-10-20 22:00:00,16.5,47,11.6,990.0,22,15.4
2020-10-20 23:00:00,15.4,54,13.5,989.9,23,13.8
2020-10-21 00:00:00,13.8,65,12.7,989.8,0,12.4
2020-10-21 01:00:00,12.4,71,11.9,989.8,1,11.1
2020-10-21 02:00:00,11.1,77,9.3,989.3,2,10.1
2020-10-21 03:00:00,10.1,81,8.4,989.1,3,9.5
2020-10-21 04:00:00,9.5,83,7.7,989.4,4,8.8
2020-10-21 05:00:00,8.8,86,6.8,990.0,5,8.1
2020-10-21 06:00:00,8.1,90,5.5,990.7,6,9.8
2020-10-21 07:00:00,9.8,82,6.8,991.8,7,11.7
2020-10-21 08:00:00,11.7,74,6.9,992.2,8,14.2
2020-10-21 09:00:00,14.2,67,3.3,992.7,9,16.9
2020-10-21 10:00:00,16.9,59,3.6,993.1,10,19.3
2020-10-21 11:00:00,19.3,53,4.4,993.4,11,21.3
2020-10-21 12:00:00,21.3,47,4.9,993.3,12,22.8
2020-10-21 13:00:00,22.8,42,5.2,993.4,13,23.8
2020-10-21 14:00:00,23.8,39,5.4,993.3,14,24.5
2020-10-21 15:00:00,24.5,36,6.5,992.9,15,23.9
2020-10-21 16:00:00,23.9,37,6.7,992.7,16,23.1
2020-10-21 17:00:00,23.1,40,11.3,992.8,17,21.4
2020-10-21 18:00:00,21.4,47,13.2,992.9,18,18.1
2020-10-21 19:00:00,18.1,57,13.3,993.1,19,15.8
2020-10-21 20:00:00,15.8,64,9.7,993.4,20,14.2
2020-10-21 21:00:00,14.2,76,5.0,994.0,21,13.4
2020-10-21 22:00:00,13.4,72,6.7,993.9,22,12.0
2020-10-21 23:00:00,12.0,78,5.2,993.6,23,10.8
2020-10-22 00:00:00,10.8,83,4.7,992.9,0,10.4
2020-10-22 01:00:00,10.4,84,6.0,992.3,1,10.0
2020-10-22 02:00:00,10.0,87,5.9,991.6,2,9.2
2020-10-22 03:00:00,9.2,92,6.1,991.0,3,8.6
2020-10-22 04:00:00,8.6,93,6.2,990.9,4,8.1
2020-10-22 05:00:00,8.1,95,6.9,990.9,5,7.8
2020-10-22 06:00:00,7.8,95,5.6,990.9,6,9.6
2020-10-22 07:00:00,9.6,89,1.5,991.2,7,10.6
2020-10-22 08:00:00,10.6,85,2.2,992.4,8,12.8
2020-10-22 09:00:00,12.8,77,0.7,991.9,9,16.3
2020-10-22 10:00:00,16.3,64,3.6,991.3,10,19.4
2020-10-22 11:00:00,19.4,52,4.7,991.2,11,21.9
2020-10-22 12:00:00,21.9,44,6.6,991.0,12,23.8
2020-10-22 13:00:00,23.8,38,8.6,990.6,13,25.0
2020-10-22 14:00:00,25.0,35,9.5,990.4,14,25.5
2020-10-22 15:00:00,25.5,34,9.5,990.1,15,25.5
2020-10-22 16:00:00,25.5,36,10.7,989.7,16,24.5
2020-10-22 17:00:00,24.5,41,12.2,989.6,17,22.1
2020-10-22 18:00:00,22.1,50,13.8,989.7,18,19.1
2020-10-22 19:00:00,19.1,58,8.6,989.8,19,17.4
2020-10-22 20:00:00,17.4,64,6.6,989.6,20,15.7
2020-10-22 21:00:00,15.7,69,5.2,989.9,21,14.0
2020-10-22 22:00:00,14.0,78,7.2,990.6,22,14.8
2020-10-22 23:00:00,14.8,68,3.1,991.3,23,13.2
2020-10-23 00:00:00,13.2,75,4.6,991.3,0,12.9
2020-10-23 01:00:00,12.9,75,4.0,990.8,1,11.9
2020-10-23 02:00:00,11.9,79,3.3,990.3,2,11.1
2020-10-23 03:00:00,11.1,83,0.4,989.9,3,9.6
2020-10-23 04:00:00,9.6,91,5.2,989.9,4,8.7
2020-10-23 05:00:00,8.7,94,7.4,990.0,5,9.2
2020-10-23 06:00:00,9.2,93,4.0,990.2,6,10.5
2020-10-23 07:00:00,10.5,87,3.3,990.7,7,11.9
2020-10-23 08:00:00,11.9,82,1.8,991.6,8,14.9
2020-10-23 09:00:00,14.9,72,0.8,991.1,9,18.1
2020-10-23 10:00:00,18.1,61,2.6,990.9,10,21.1
2020-10-23 11:00:00,21.1,51,6.6,991.0,11,23.1
2020-10-23 12:00:00,23.1,44,8.8,990.8,12,24.4
2020-10-23 13:00:00,24.4,40,8.9,990.7,13,25.2
2020-10-23 14:00:00,25.2,38,8.7,990.5,14,25.5
2020-10-23 15:00:00,25.5,38,9.2,990.2,15,25.3
2020-10-23 16:00:00,25.3,39,10.6,989.6,16,24.0
2020-10-23 17:00:00,24.0,43,14.3,989.8,17,21.0
2020-10-23 18:00:00,21.0,49,17.1,990.3,18,17.9
2020-10-23 19:00:00,17.9,53,13.6,990.6,19,15.6
2020-10-23 20:00:00,15.6,59,11.2,990.8,20,14.2
2020-10-23 21:00:00,14.2,63,7.3,991.8,21,13.4
2020-10-23 22:00:00,13.4,65,7.6,991.8,22,13.0
2020-10-23 23:00:00,13.0,65,6.6,991.5,23,12.6
2020-10-24 00:00:00,12.6,61,8.4,991.8,0,11.5
2020-10-24 01:00:00,11.5,63,5.4,991.4,1,10.4
2020-10-24 02:00:00,10.4,70,6.5,990.5,2,9.6
2020-10-24 03:00:00,9.6,75,6.9,989.9,3,9.6
2020-10-24 04:00:00,9.6,72,7.1,990.2,4,8.8
2020-10-24 05:00:00,8.8,78,5.4,990.2,5,8.4
2020-10-24 06:00:00,8.4,81,5.0,990.1,6,9.9
2020-10-24 07:00:00,9.9,76,4.6,990.8,7,11.4
2020-10-24 08:00:00,11.4,71,5.2,992.1,8,13.9
2020-10-24 09:00:00,13.9,62,5.7,992.0,9,16.5
2020-10-24 10:00:00,16.5,54,7.4,991.7,10,19.0
2020-10-24 11:00:00,19.0,48,8.4,991.7,11,20.9
2020-10-24 12:00:00,20.9,42,9.5,991.8,12,22.4
2020-10-24 13:00:00,22.4,36,9.7,991.8,13,23.1
2020-10-24 14:00:00,23.1,33,8.5,991.5,14,23.5
2020-10-24 15:00:00,23.5,31,9.7,991.2,15,22.5
2020-10-24 16:00:00,22.5,36,15.4,991.3,16,20.6
2020-10-24 17:00:00,20.6,46,17.6,991.7,17,18.8
2020-10-24 18:00:00,18.8,53,16.2,992.3,18,16.9
2020-10-24 19:00:00,16.9,61,12.8,992.8,19,16.6
2020-10-24 20:00:00,16.6,61,18.0,993.2,20,13.8
2020-10-24 21:00:00,13.8,65,19.2,994.0,21,12.2
2020-10-24 22:00:00,12.2,69,17.3,994.3,22,11.4
2020-10-24 23:00:00,11.4,71,14.8,994.6,23,11.0
2020-10-25 00:00:00,11.0,72,11.5,994.5,0,10.8
2020-10-25 01:00:00,10.8,73,11.0,994.3,1,10.4
2020-10-25 02:00:00,10.4,74,13.6,994.2,2,9.6
2020-10-25 03:00:00,9.6,78,13.8,994.5,3,9.3
2020-10-25 04:00:00,9.3,81,16.2,994.8,4,9.6
2020-10-25 05:00:00,9.6,82,15.7,995.4,5,9.4
2020-10-25 06:00:00,9.4,88,11.5,995.8,6,9.5
2020-10-25 07:00:00,9.5,95,10.2,996.6,7,10.1
2020-10-25 08:00:00,10.1,90,16.5,996.9,8,12.1
2020-10-25 09:00:00,12.1,80,13.4,997.1,9,14.2
2020-10-25 10:00:00,14.2,69,16.9,997.7,10,15.6
2020-10-25 11:00:00,15.6,61,11.5,997.6,11,18.3
2020-10-25 12:00:00,18.3,52,7.1,997.2,12,19.6
2020-10-25 13:00:00,19.6,45,6.2,996.9,13,20.0
2020-10-25 14:00:00,20.0,40,5.9,996.5,14,21.0
2020-10-25 15:00:00,21.0,37,7.9,996.1,15,21.2
2020-10-25 16:00:00,21.2,35,11.1,995.7,16,20.4
2020-10-25 17:00:00,20.4,36,13.9,995.9,17,19.5
2020-10-25 18:00:00,19.5,36,13.2,996.3,18,17.8
2020-10-25 19:00:00,17.8,40,10.9,996.4,19,15.9
2020-10-25 20:00:00,15.9,44,9.4,996.2,20,14.9
2020-10-25 21:00:00,14.9,44,9.5,996.4,21,13.8
2020-10-25 22:00:00,13.8,47,9.4,996.7,22,12.9
2020-10-25 23:00:00,12.9,49,11.2,996.5,23,11.8
2020-10-26 00:00:00,11.8,54,12.6,996.0,0,10.4
2020-10-26 01:00:00,10.4,63,11.5,995.5,1,9.1
2020-10-26 02:00:00,9.1,72,10.5,994.6,2,8.2
2020-10-26 03:00:00,8.2,78,11.2,994.1,3,7.3
2020-10-26 04:00:00,7.3,83,9.9,993.7,4,6.6
2020-10-26 05:00:00,6.6,87,7.1,992.7,5,5.9
2020-10-26 06:00:00,5.9,92,7.3,992.0,6,7.5
2020-10-26 07:00:00,7.5,83,9.7,992.4,7,9.5
2020-10-26 08:00:00,9.5,81,8.0,993.1,8,12.9
2020-10-26 09:00:00,12.9,68,10.1,993.1,9,15.7
2020-10-26 10:00:00,15.7,57,11.4,992.9,10,18.1
2020-10-26 11:00:00,18.1,48,12.9,992.5,11,20.0
2020-10-26 12:00:00,20.0,43,14.5,991.9,12,21.5
2020-10-26 13:00:00,21.5,39,14.3,991.4,13,22.4
2020-10-26 14:00:00,22.4,37,10.5,990.5,14,23.0
2020-10-26 15:00:00,23.0,35,10.2,989.8,15,23.1
2020-10-26 16:00:00,23.1,33,10.2,989.4,16,22.8
2020-10-26 17:00:00,22.8,33,7.9,989.0,17,21.5
2020-10-26 18:00:00,21.5,38,10.2,988.9,18,18.2
2020-10-26 19:00:00,18.2,50,12.1,988.8,19,16.4
2020-10-26 20:00:00,16.4,56,11.7,989.0,20,14.4
2020-10-26 21:00:00,14.4,62,10.9,989.3,21,13.1
2020-10-26 22:00:00,13.1,65,9.4,989.9,22,12.9
2020-10-26 23:00:00,12.9,66,8.5,990.1,23,11.9
2020-10-27 00:00:00,11.9,66,10.5,990.2,0,11.2
2020-10-27 01:00:00,11.2,66,11.2,989.8,1,10.7
2020-10-27 02:00:00,10.7,69,10.2,989.5,2,10.4
2020-10-27 03:00:00,10.4,72,11.9,989.5,3,10.1
2020-10-27 04:00:00,10.1,74,10.3,989.9,4,10.1
2020-10-27 05:00:00,10.1,76,9.1,990.3,5,9.9
2020-10-27 06:00:00,9.9,77,7.1,990.7,6,10.1
2020-10-27 07:00:00,10.1,76,4.7,991.2,7,10.8
2020-10-27 08:00:00,10.8,72,2.4,992.2,8,11.0
2020-10-27 09:00:00,11.0,71,1.4,992.6,9,12.1
2020-10-27 10:00:00,12.1,66,3.7,993.1,10,12.4
2020-10-27 11:00:00,12.4,64,1.0,993.3,11,13.4
2020-10-27 12:00:00,13.4,59,3.1,993.7,12,14.5
2020-10-27 13:00:00,14.5,54,0.4,993.4,13,16.8
2020-10-27 14:00:00,16.8,47,1.8,992.9,14,17.8
2020-10-27 15:00:00,17.8,43,2.7,992.5,15,18.4
2020-10-27 16:00:00,18.4,41,3.8,992.0,16,15.9
2020-10-27 17:00:00,15.9,61,12.2,992.5,17,13.9
2020-10-27 18:00:00,13.9,75,15.5,993.4,18,13.0
2020-10-27 19:00:00,13.0,80,11.6,993.9,19,12.3
2020-10-27 20:00:00,12.3,83,8.1,994.4,20,11.7
2020-10-27 21:00:00,11.7,81,8.0,995.1,21,10.9
2020-10-27 22:00:00,10.9,80,8.9,995.9,22,10.4
2020-10-27 23:00:00,10.4,79,11.6,996.6,23,9.9
2020-10-28 00:00:00,9.9,81,8.1,996.5,0,9.3
2020-10-28 01:00:00,9.3,81,10.6,996.7,1,8.4
2020-10-28 02:00:00,8.4,85,7.7,996.6,2,7.0
2020-10-28 03:00:00,7.0,92,7.1,996.6,3,7.5
2020-10-28 04:00:00,7.5,87,4.7,996.8,4,5.2
2020-10-28 05:00:00,5.2,94,8.6,997.2,5,5.9
2020-10-28 06:00:00,5.9,94,6.7,997.5,6,8.3
2020-10-28 07:00:00,8.3,87,9.8,998.1,7,11.3
2020-10-28 08:00:00,11.3,69,14.6,998.4,8,13.8
2020-10-28 09:00:00,13.8,55,17.7,998.1,9,15.9
2020-10-28 10:00:00,15.9,44,19.3,997.7,10,18.0
2020-10-28 11:00:00,18.0,37,19.5,997.2,11,19.4
2020-10-28 12:00:00,19.4,33,21.3,996.4,12,20.2
2020-10-28 13:00:00,20.2,33,21.9,995.6,13,20.7
2020-10-28 14:00:00,20.7,33,21.6,994.9,14,20.8
2020-10-28 15:00:00,20.8,32,22.3,994.3,15,20.5
2020-10-28 16:00:00,20.5,31,22.7,993.7,16,19.6
2020-10-28 17:00:00,19.6,33,22.7,993.4,17,18.1
2020-10-28 18:00:00,18.1,37,20.8,993.5,18,16.3
2020-10-28 19:00:00,16.3,41,16.8,993.6,19,14.9
2020-10-28 20:00:00,14.9,46,16.9,993.6,20,14.1
2020-10-28 21:00:00,14.1,48,16.8,993.9,21,12.7
2020-10-28 22:00:00,12.7,54,15.5,993.9,22,11.6
2020-10-28 23:00:00,11.6,59,14.5,993.6,23,10.7
2020-10-29 00:00:00,10.7,63,13.4,993.3,0,9.9
2020-10-29 01:00:00,9.9,67,14.5,992.7,1,8.4
2020-10-29 02:00:00,8.4,74,12.4,992.2,2,7.3
2020-10-29 03:00:00,7.3,81,11.5,991.7,3,6.4
2020-10-29 04:00:00,6.4,86,11.4,991.6,4,5.6
2020-10-29 05:00:00,5.6,92,9.1,991.6,5,4.9
2020-10-29 06:00:00,4.9,96,10.2,991.6,6,6.2
2020-10-29 07:00:00,6.2,89,10.9,992.1,7,8.0
2020-10-29 08:00:00,8.0,87,12.1,992.6,8,11.3
2020-10-29 09:00:00,11.3,73,9.7,992.4,9,14.6
2020-10-29 10:00:00,14.6,62,8.6,991.8,10,17.5
2020-10-29 11:00:00,17.5,54,7.4,991.1,11,20.1
2020-10-29 12:00:00,20.1,47,8.1,990.5,12,22.0
2020-10-29 13:00:00,22.0,41,9.4,990.1,13,23.2
2020-10-29 14:00:00,23.2,38,11.0,990.0,14,23.9
2020-10-29 15:00:00,23.9,36,11.2,989.6,15,24.0
2020-10-29 16:00:00,24.0,35,10.2,989.2,16,23.8
2020-10-29 17:00:00,23.8,35,9.4,989.1,17,23.0
2020-10-29 18:00:00,23.0,39,10.1,989.4,18,19.8
2020-10-29 19:00:00,19.8,49,7.9,989.6,19,16.8
2020-10-29 20:00:00,16.8,62,6.8,990.2,20,15.3
2020-10-29 21:00:00,15.3,71,6.3,990.5,21,13.9
2020-10-29 22:00:00,13.9,77,6.8,990.6,22,12.9
2020-10-29 23:00:00,12.9,81,6.5,990.6,23,12.1
2020-10-30 00:00:00,12.1,84,7.0,990.4,0,14.5
2020-10-30 01:00:00,14.5,70,6.9,990.4,1,14.1
2020-10-30 02:00:00,14.1,72,3.3,989.9,2,12.7
2020-10-30 03:00:00,12.7,76,2.4,989.5,3,11.2
2020-10-30 04:00:00,11.2,78,1.8,989.2,4,10.4
2020-10-30 05:00:00,10.4,77,2.1,989.4,5,8.9
2020-10-30 06:00:00,8.9,78,3.9,990.0,6,11.3
2020-10-30 07:00:00,11.3,68,1.1,991.2,7,13.6
2020-10-30 08:00:00,13.6,63,1.1,992.0,8,17.0
2020-10-30 09:00:00,17.0,62,1.0,992.0,9,20.1
2020-10-30 10:00:00,20.1,53,0.7,991.7,10,22.8
2020-10-30 11:00:00,22.8,46,2.5,991.6,11,25.0
2020-10-30 12:00:00,25.0,38,5.0,991.3,12,26.6
2020-10-30 13:00:00,26.6,33,6.4,991.0,13,27.7
2020-10-30 14:00:00,27.7,30,8.6,990.7,14,28.2
2020-10-30 15:00:00,28.2,29,9.0,990.2,15,28.5
2020-10-30 16:00:00,28.5,28,10.0,989.8,16,28.0
2020-10-30 17:00:00,28.0,27,12.4,989.6,17,26.4
2020-10-30 18:00:00,26.4,33,9.7,989.6,18,22.0
2020-10-30 19:00:00,22.0,51,7.6,989.7,19,19.2
2020-10-30 20:00:00,19.2,70,10.5,989.8,20,17.2
2020-10-30 21:00:00,17.2,78,7.6,990.2,21,14.9
2020-10-30 22:00:00,14.9,88,5.4,990.1,22,13.8
2020-10-30 23:00:00,13.8,92,3.8,990.2,23,12.8
2020-10-31 00:00:00,12.8,95,3.9,990.0,0,12.2
2020-10-31 01:00:00,12.2,95,3.3,989.5,1,12.4
2020-10-31 02:00:00,12.4,94,2.4,989.0,2,11.2
2020-10-31 03:00:00,11.2,97,5.3,988.7,3,11.0
2020-10-31 04:00:00,11.0,97,4.0,988.8,4,10.6
2020-10-31 05:00:00,10.6,97,4.1,988.9,5,10.2
2020-10-31 06:00:00,10.2,96,3.1,989.1,6,12.6
2020-10-31 07:00:00,12.6,90,3.4,989.9,7,14.6
2020-10-31 08:00:00,14.6,83,3.4,990.9,8,17.6
2020-10-31 09:00:00,17.6,71,2.7,990.9,9,20.5
2020-10-31 10:00:00,20.5,62,2.3,990.8,10,23.0
2020-10-31 11:00:00,23.0,54,2.1,991.0,11,25.0
2020-10-31 12:00:00,25.0,47,4.2,990.8,12,26.4
2020-10-31 13:00:00,26.4,42,7.2,990.8,13,27.1
2020-10-31 14:00:00,27.1,39,9.1,990.7,14,27.5
2020-10-31 15:00:00,27.5,38,8.9,990.3,15,27.5
2020-10-31 16:00:00,27.5,39,9.2,990.1,16,26.5
2020-10-31 17:00:00,26.5,42,11.1,989.9,17,24.0
2020-10-31 18:00:00,24.0,50,14.9,990.0,18,20.5
2020-10-31 19:00:00,20.5,59,12.6,990.2,19,18.2
2020-10-31 20:00:00,18.2,66,6.3,990.4,20,16.6
2020-10-31 21:00:00,16.6,72,6.3,991.3,21,15.4
2020-10-31 22:00:00,15.4,76,5.1,991.7,22,14.4
2020-10-31 23:00:00,14.4,81,3.3,992.1,23,13.5
2020-11-01 00:00:00,13.5,87,4.8,992.0,0,12.9
2020-11-01 01:00:00,12.9,87,4.0,991.8,1,12.1
2020-11-01 02:00:00,12.1,90,3.6,991.4,2,11.5
2020-11-01 03:00:00,11.5,92,4.0,991.6,3,11.5
2020-11-01 04:00:00,11.5,91,2.9,991.9,4,11.2
2020-11-01 05:00:00,11.2,91,2.3,992.3,5,10.7
2020-11-01 06:00:00,10.7,95,3.7,992.6,6,11.9
2020-11-01 07:00:00,11.9,85,1.1,993.0,7,12.6
2020-11-01 08:00:00,12.6,83,0.8,993.7,8,14.8
2020-11-01 09:00:00,14.8,75,2.2,993.6,9,17.6
2020-11-01 10:00:00,17.6,66,1.8,993.2,10,20.6
2020-11-01 11:00:00,20.6,58,1.8,993.1,11,23.1
2020-11-01 12:00:00,23.1,51,1.3,993.0,12,24.9
2020-11-01 13:00:00,24.9,47,5.8,992.8,13,25.5
2020-11-01 14:00:00,25.5,45,11.0,992.7,14,25.4
2020-11-01 15:00:00,25.4,45,12.0,992.4,15,25.1
2020-11-01 16:00:00,25.1,45,10.1,991.9,16,24.5
2020-11-01 17:00:00,24.5,46,11.0,991.5,17,22.3
2020-11-01 18:00:00,22.3,52,14.8,991.4,18,19.1
2020-11-01 19:00:00,19.1,60,12.8,991.4,19,16.5
2020-11-01 20:00:00,16.5,67,8.8,991.8,20,15.0
2020-11-01 21:00:00,15.0,71,7.1,992.2,21,13.8
2020-11-01 22:00:00,13.8,76,5.9,992.4,22,12.8
2020-11-01 23:00:00,12.8,80,4.3,992.1,23,11.9
2020-11-02 00:00:00,11.9,85,4.4,992.0,0,11.1
2020-11-02 01:00:00,11.1,89,3.6,992.0,1,10.2
2020-11-02 02:00:00,10.2,93,3.6,991.6,2,9.6
2020-11-02 03:00:00,9.6,96,4.9,991.1,3,9.0
2020-11-02 04:00:00,9.0,98,4.6,991.0,4,8.5
2020-11-02 05:00:00,8.5,100,3.3,991.0,5,8.5
2020-11-02 06:00:00,8.5,100,0.7,991.2,6,10.5
2020-11-02 07:00:00,10.5,90,2.9,991.6,7,12.3
2020-11-02 08:00:00,12.3,84,4.1,992.3,8,15.2
2020-11-02 09:00:00,15.2,74,2.5,992.1,9,18.0
2020-11-02 10:00:00,18.0,66,4.3,992.1,10,20.5
2020-11-02 11:00:00,20.5,59,8.5,992.0,11,22.2
2020-11-02 12:00:00,22.2,54,11.9,992.0,12,23.5
2020-11-02 13:00:00,23.5,51,10.5,991.6,13,24.6
2020-11-02 14:00:00,24.6,48,9.4,991.2,14,25.2
2020-11-02 15:00:00,25.2,46,8.4,990.4,15,25.6
2020-11-02 16:00:00,25.6,44,8.1,989.9,16,25.5
2020-11-02 17:00:00,25.5,44,8.6,989.7,17,24.2
2020-11-02 18:00:00,24.2,49,11.5,989.8,18,20.5
2020-11-02 19:00:00,20.5,63,12.4,989.9,19,17.6
2020-11-02 20:00:00,17.6,70,10.4,989.9,20,16.1
2020-11-02 21:00:00,16.1,74,6.9,990.3,21,15.1
2020-11-02 22:00:00,15.1,78,6.0,990.8,22,14.1
2020-11-02 23:00:00,14.1,82,4.0,991.1,23,13.1
2020-11-03 00:00:00,13.1,88,3.5,991.0,0,12.4
2020-11-03 01:00:00,12.4,92,5.0,990.5,1,12.2
2020-11-03 02:00:00,12.2,92,5.2,990.1,2,12.2
2020-11-03 03:00:00,12.2,92,4.0,989.9,3,11.9
2020-11-03 04:00:00,11.9,94,4.0,990.4,4,10.6
2020-11-03 05:00:00,10.6,98,5.2,990.5,5,10.8
2020-11-03 06:00:00,10.8,99,5.6,991.2,6,12.0
2020-11-03 07:00:00,12.0,92,5.9,991.9,7,13.2
2020-11-03 08:00:00,13.2,88,3.9,993.0,8,14.4
2020-11-03 09:00:00,14.4,83,5.1,993.0,9,17.0
2020-11-03 10:00:00,17.0,75,3.3,992.6,10,20.0
2020-11-03 11:00:00,20.0,65,4.6,992.1,11,22.9
2020-11-03 12:00:00,22.9,56,7.1,991.8,12,25.0
2020-11-03 13:00:00,25.0,50,7.3,991.3,13,26.5
2020-11-03 14:00:00,26.5,45,7.7,990.7,14,27.5
2020-11-03 15:00:00,27.5,40,9.0,989.8,15,27.8
2020-11-03 16:00:00,27.8,37,11.5,989.3,16,27.5
2020-11-03 17:00:00,27.5,37,13.2,988.8,17,25.3
2020-11-03 18:00:00,25.3,45,14.3,988.9,18,20.9
2020-11-03 19:00:00,20.9,63,13.1,989.1,19,19.0
2020-11-03 20:00:00,19.0,71,11.2,988.7,20,17.5
2020-11-03 21:00:00,17.5,75,10.0,989.5,21,16.2
2020-11-03 22:00:00,16.2,79,8.1,989.7,22,15.4
2020-11-03 23:00:00,15.4,82,7.6,990.3,23,14.7
2020-11-04 00:00:00,14.7,84,8.7,990.5,0,14.4
2020-11-04 01:00:00,14.4,83,11.1,990.5,1,13.4
2020-11-04 02:00:00,13.4,79,10.5,990.5,2,12.2
2020-11-04 03:00:00,12.2,78,8.8,990.1,3,11.4
2020-11-04 04:00:00,11.4,78,7.4,990.2,4,10.9
2020-11-04 05:00:00,10.9,77,8.5,990.5,5,10.6
2020-11-04 06:00:00,10.6,76,7.5,991.2,6,11.4
2020-11-04 07:00:00,11.4,73,7.4,992.3,7,13.2
2020-11-04 08:00:00,13.2,72,5.5,993.1,8,15.4
2020-11-04 09:00:00,15.4,67,4.8,993.3,9,18.0
2020-11-04 10:00:00,18.0,57,5.0,993.6,10,20.1
2020-11-04 11:00:00,20.1,47,5.6,994.0,11,22.0
2020-11-04 12:00:00,22.0,39,7.9,993.9,12,23.3
2020-11-04 13:00:00,23.3,36,9.2,993.8,13,24.4
2020-11-04 14:00:00,24.4,36,9.7,993.5,14,24.5
2020-11-04 15:00:00,24.5,39,9.5,993.3,15,25.3
2020-11-04 16:00:00,25.3,39,6.6,992.7,16,23.9
2020-11-04 17:00:00,23.9,47,15.0,992.8,17,21.6
2020-11-04 18:00:00,21.6,50,15.9,993.2,18,20.4
2020-11-04 19:00:00,20.4,45,19.4,993.8,19,18.4
2020-11-04 20:00:00,18.4,43,20.0,994.3,20,17.2
2020-11-04 21:00:00,17.2,42,18.2,994.7,21,16.1
2020-11-04 22:00:00,16.1,40,20.1,995.0,22,14.8
2020-11-04 23:00:00,14.8,41,19.2,995.0,23,13.3
2020-11-05 00:00:00,13.3,45,19.0,995.0,0,12.0
2020-11-05 01:00:00,12.0,51,19.3,994.9,1,10.9
2020-11-05 02:00:00,10.9,59,18.8,994.5,2,10.1
2020-11-05 03:00:00,10.1,63,16.6,994.0,3,9.6
2020-11-05 04:00:00,9.6,65,14.4,993.8,4,9.1
2020-11-05 05:00:00,9.1,67,12.2,993.7,5,8.6
2020-11-05 06:00:00,8.6,69,13.4,993.9,6,9.7
2020-11-05 07:00:00,9.7,66,14.5,994.2,7,11.1
2020-11-05 08:00:00,11.1,65,12.7,995.2,8,13.4
2020-11-05 09:00:00,13.4,58,13.8,994.5,9,16.0
2020-11-05 10:00:00,16.0,50,15.3,994.0,10,18.6
2020-11-05 11:00:00,18.6,42,15.9,993.4,11,21.0
2020-11-05 12:00:00,21.0,36,15.9,992.7,12,22.6
2020-11-05 13:00:00,22.6,31,16.9,992.1,13,23.9
2020-11-05 14:00:00,23.9,26,17.9,991.5,14,24.6
2020-11-05 15:00:00,24.6,23,18.5,991.0,15,24.9
2020-11-05 16:00:00,24.9,21,18.8,990.3,16,24.5
2020-11-05 17:00:00,24.5,22,19.2,990.0,17,23.4
2020-11-05 18:00:00,23.4,25,17.4,989.8,18,21.2
2020-11-05 19:00:00,21.2,30,14.3,989.8,19,19.6
2020-11-05 20:00:00,19.6,33,13.8,990.0,20,18.6
2020-11-05 21:00:00,18.6,37,15.7,990.5,21,17.3
2020-11-05 22:00:00,17.3,42,15.8,990.5,22,15.9
2020-11-05 23:00:00,15.9,49,15.2,990.3,23,14.6
2020-11-06 00:00:00,14.6,55,14.9,989.9,0,13.2
2020-11-06 01:00:00,13.2,62,14.4,989.5,1,11.9
2020-11-06 02:00:00,11.9,69,13.7,989.1,2,10.8
2020-11-06 03:00:00,10.8,75,13.0,988.7,3,9.8
2020-11-06 04:00:00,9.8,81,12.4,988.7,4,8.9
2020-11-06 05:00:00,8.9,86,11.3,989.0,5,8.4
2020-11-06 06:00:00,8.4,90,10.8,989.3,6,9.4
2020-11-06 07:00:00,9.4,86,10.8,989.9,7,10.4
2020-11-06 08:00:00,10.4,85,9.2,990.5,8,12.7
2020-11-06 09:00:00,12.7,76,7.6,990.5,9,16.0
2020-11-06 10:00:00,16.0,64,6.8,990.4,10,19.0
2020-11-06 11:00:00,19.0,54,5.2,990.1,11,21.5
2020-11-06 12:00:00,21.5,48,5.4,989.9,12,23.3
2020-11-06 13:00:00,23.3,42,7.0,989.7,13,24.8
2020-11-06 14:00:00,24.8,37,8.2,989.3,14,25.6
2020-11-06 15:00:00,25.6,34,8.9,989.2,15,25.7
2020-11-06 16:00:00,25.7,31,8.7,988.9,16,25.6
2020-11-06 17:00:00,25.6,30,9.5,988.8,17,24.7
2020-11-06 18:00:00,24.7,33,10.6,988.7,18,21.8
2020-11-06 19:00:00,21.8,42,7.4,989.0,19,19.4
2020-11-06 20:00:00,19.4,53,6.9,989.1,20,18.0
2020-11-06 21:00:00,18.0,60,7.4,989.1,21,16.5
2020-11-06 22:00:00,16.5,67,8.3,988.9,22,15.6
2020-11-06 23:00:00,15.6,70,8.6,988.5,23,15.1
2020-11-07 00:00:00,15.1,70,8.2,988.1,0,15.1
2020-11-07 01:00:00,15.1,68,10.2,987.7,1,14.4
2020-11-07 02:00:00,14.4,70,11.2,987.3,2,13.4
2020-11-07 03:00:00,13.4,77,11.5,987.0,3,12.4
2020-11-07 04:00:00,12.4,86,11.2,987.1,4,11.5
2020-11-07 05:00:00,11.5,92,10.3,987.3,5,10.7
2020-11-07 06:00:00,10.7,97,9.4,987.7,6,11.9
2020-11-07 07:00:00,11.9,91,9.2,988.1,7,12.6
2020-11-07 08:00:00,12.6,88,9.0,988.9,8,15.4
2020-11-07 09:00:00,15.4,75,7.7,988.7,9,19.0
2020-11-07 10:00:00,19.0,62,6.8,988.6,10,22.0
2020-11-07 11:00:00,22.0,52,6.3,988.7,11,24.5
2020-11-07 12:00:00,24.5,44,7.9,988.6,12,26.4
2020-11-07 13:00:00,26.4,39,10.0,988.5,13,27.6
2020-11-07 14:00:00,27.6,35,11.1,988.5,14,28.4
2020-11-07 15:00:00,28.4,33,10.8,988.2,15,28.6
2020-11-07 16:00:00,28.6,31,11.3,988.0,16,28.4
2020-11-07 17:00:00,28.4,30,11.2,987.4,17,27.5
2020-11-07 18:00:00,27.5,32,9.7,987.4,18,24.0
2020-11-07 19:00:00,24.0,45,7.1,987.7,19,20.9
2020-11-07 20:00:00,20.9,64,9.5,988.1,20,18.6
2020-11-07 21:00:00,18.6,73,6.4,988.2,21,16.6
2020-11-07 22:00:00,16.6,83,6.8,988.4,22,15.6
2020-11-07 23:00:00,15.6,85,5.7,988.4,23,15.2
2020-11-08 00:00:00,15.2,83,5.8,988.0,0,14.6
2020-11-08 01:00:00,14.6,84,8.1,987.9,1,13.9
2020-11-08 02:00:00,13.9,86,9.4,987.6,2,13.9
2020-11-08 03:00:00,13.9,86,7.7,987.9,3,12.9
2020-11-08 04:00:00,12.9,90,8.9,988.8,4,13.6
2020-11-08 05:00:00,13.6,87,6.6,989.8,5,13.1
2020-11-08 06:00:00,13.1,91,4.3,990.6,6,14.8
2020-11-08 07:00:00,14.8,83,5.8,991.5,7,16.1
2020-11-08 08:00:00,16.1,79,4.8,992.8,8,18.0
2020-11-08 09:00:00,18.0,72,1.1,992.9,9,20.4
2020-11-08 10:00:00,20.4,64,1.9,992.8,10,22.7
2020-11-08 11:00:00,22.7,57,2.2,992.7,11,24.5
2020-11-08 12:00:00,24.5,51,5.6,992.4,12,25.6
2020-11-08 13:00:00,25.6,45,9.5,992.2,13,26.3
2020-11-08 14:00:00,26.3,40,11.0,992.1,14,26.4
2020-11-08 15:00:00,26.4,40,11.0,991.9,15,26.0
2020-11-08 16:00:00,26.0,43,11.2,991.6,16,25.1
2020-11-08 17:00:00,25.1,47,12.2,991.6,17,23.6
2020-11-08 18:00:00,23.6,51,13.8,991.8,18,21.1
2020-11-08 19:00:00,21.1,57,11.6,991.9,19,18.1
2020-11-08 20:00:00,18.1,66,11.2,992.8,20,16.5
2020-11-08 21:00:00,16.5,72,6.6,993.4,21,15.4
2020-11-08 22:00:00,15.4,75,6.3,993.7,22,14.6
2020-11-08 23:00:00,14.6,76,4.6,993.9,23,13.7
2020-11-09 00:00:00,13.7,79,3.7,993.6,0,12.8
2020-11-09 01:00:00,12.8,81,4.1,992.9,1,11.8
2020-11-09 02:00:00,11.8,87,5.0,992.1,2,11.2
2020-11-09 03:00:00,11.2,87,4.3,991.6,3,11.3
2020-11-09 04:00:00,11.3,83,2.5,991.4,4,10.4
2020-11-09 05:00:00,10.4,88,4.4,991.3,5,10.6
2020-11-09 06:00:00,10.6,86,7.3,991.5,6,13.0
2020-11-09 07:00:00,13.0,75,8.6,991.9,7,14.6
2020-11-09 08:00:00,14.6,74,8.9,992.5,8,17.1
2020-11-09 09:00:00,17.1,66,10.3,992.0,9,19.6
2020-11-09 10:00:00,19.6,60,13.3,991.7,10,21.9
2020-11-09 11:00:00,21.9,54,14.7,991.1,11,24.0
2020-11-09 12:00:00,24.0,47,15.0,990.6,12,25.8
2020-11-09 13:00:00,25.8,42,14.7,990.2,13,26.8
2020-11-09 14:00:00,26.8,37,14.3,989.6,14,27.5
2020-11-09 15:00:00,27.5,33,13.6,988.9,15,27.5
2020-11-09 16:00:00,27.5,31,13.2,988.5,16,27.1
2020-11-09 17:00:00,27.1,29,13.0,988.0,17,26.4
2020-11-09 18:00:00,26.4,29,12.6,988.3,18,23.6
2020-11-09 19:00:00,23.6,37,7.9,988.2,19,21.6
2020-11-09 20:00:00,21.6,45,8.4,988.5,20,20.0
2020-11-09 21:00:00,20.0,56,9.0,989.1,21,19.4
2020-11-09 22:00:00,19.4,56,10.2,989.4,22,19.0
2020-11-09 23:00:00,19.0,55,12.5,989.5,23,18.1
2020-11-10 00:00:00,18.1,62,13.4,989.2,0,16.9
2020-11-10 01:00:00,16.9,70,12.7,988.9,1,15.7
2020-11-10 02:00:00,15.7,77,11.4,988.6,2,14.6
2020-11-10 03:00:00,14.6,83,10.1,988.5,3,13.4
2020-11-10 04:00:00,13.4,89,8.7,988.4,4,12.5
2020-11-10 05:00:00,12.5,95,7.8,988.5,5,12.1
2020-11-10 06:00:00,12.1,96,6.9,988.8,6,13.8
2020-11-10 07:00:00,13.8,87,7.1,989.4,7,15.0
2020-11-10 08:00:00,15.0,81,3.6,990.2,8,17.8
2020-11-10 09:00:00,17.8,71,2.6,990.0,9,20.8
2020-11-10 10:00:00,20.8,61,4.9,989.9,10,23.3
2020-11-10 11:00:00,23.3,51,5.0,989.8,11,25.2
2020-11-10 12:00:00,25.2,44,3.8,989.6,12,26.5
2020-11-10 13:00:00,26.5,40,3.6,989.3,13,27.5
2020-11-10 14:00:00,27.5,37,3.8,988.8,14,28.0
2020-11-10 15:00:00,28.0,35,7.6,988.5,15,27.2
2020-11-10 16:00:00,27.2,38,12.6,988.5,16,25.0
2020-11-10 17:00:00,25.0,41,16.6,988.9,17,23.3
2020-11-10 18:00:00,23.3,44,15.5,989.3,18,20.9
2020-11-10 19:00:00,20.9,53,10.9,990.1,19,18.4
2020-11-10 20:00:00,18.4,63,8.7,990.8,20,16.9
2020-11-10 21:00:00,16.9,69,6.2,991.5,21,15.9
2020-11-10 22:00:00,15.9,73,4.3,992.0,22,14.9
2020-11-10 23:00:00,14.9,77,3.6,992.2,23,13.9
2020-11-11 00:00:00,13.9,85,3.9,992.1,0,13.1
2020-11-11 01:00:00,13.1,87,3.7,991.9,1,12.6
2020-11-11 02:00:00,12.6,87,3.3,991.7,2,12.4
2020-11-11 03:00:00,12.4,84,3.4,991.5,3,12.1
2020-11-11 04:00:00,12.1,85,4.0,991.6,4,11.6
2020-11-11 05:00:00,11.6,88,2.5,991.6,5,12.1
2020-11-11 06:00:00,12.1,85,1.6,992.0,6,13.0
2020-11-11 07:00:00,13.0,80,2.5,992.6,7,13.1
2020-11-11 08:00:00,13.1,80,2.9,993.4,8,14.1
2020-11-11 09:00:00,14.1,76,3.6,993.5,9,16.1
2020-11-11 10:00:00,16.1,69,2.3,993.5,10,18.4
2020-11-11 11:00:00,18.4,62,1.9,993.4,11,20.9
2020-11-11 12:00:00,20.9,55,3.7,992.8,12,23.0
2020-11-11 13:00:00,23.0,49,6.1,992.3,13,24.3
2020-11-11 14:00:00,24.3,44,9.0,991.7,14,24.8
2020-11-11 15:00:00,24.8,42,11.2,991.3,15,24.9
2020-11-11 16:00:00,24.9,41,11.1,991.2,16,24.4
2020-11-11 17:00:00,24.4,42,11.2,990.9,17,23.0
2020-11-11 18:00:00,23.0,46,12.4,990.9,18,20.2
2020-11-11 19:00:00,20.2,55,12.7,991.1,19,18.2
2020-11-11 20:00:00,18.2,63,10.2,991.4,20,16.5
2020-11-11 21:00:00,16.5,69,7.3,991.7,21,15.1
2020-11-11 22:00:00,15.1,75,5.9,992.2,22,14.1
2020-11-11 23:00:00,14.1,80,5.6,992.2,23,13.4
2020-11-12 00:00:00,13.4,83,4.7,992.1,0,12.6
2020-11-12 01:00:00,12.6,88,4.0,991.7,1,12.1
2020-11-12 02:00:00,12.1,92,5.5,991.5,2,11.7
2020-11-12 03:00:00,11.7,93,6.4,991.2,3,11.4
2020-11-12 04:00:00,11.4,95,5.7,991.2,4,11.4
2020-11-12 05:00:00,11.4,95,4.5,991.2,5,11.6
2020-11-12 06:00:00,11.6,96,5.9,991.5,6,13.4
2020-11-12 07:00:00,13.4,89,6.0,991.8,7,13.9
2020-11-12 08:00:00,13.9,88,3.9,992.8,8,15.0
2020-11-12 09:00:00,15.0,84,4.1,992.7,9,17.5
2020-11-12 10:00:00,17.5,74,7.2,992.6,10,20.7
2020-11-12 11:00:00,20.7,61,8.1,992.6,11,23.0
2020-11-12 12:00:00,23.0,52,7.3,992.1,12,24.8
2020-11-12 13:00:00,24.8,45,7.8,991.6,13,26.0
2020-11-12 14:00:00,26.0,41,7.9,991.0,14,26.5
2020-11-12 15:00:00,26.5,38,8.9,990.6,15,26.9
2020-11-12 16:00:00,26.9,36,9.8,990.2,16,25.2
2020-11-12 17:00:00,25.2,47,15.3,990.1,17,22.0
2020-11-12 18:00:00,22.0,59,18.7,990.5,18,19.5
2020-11-12 19:00:00,19.5,61,14.4,991.2,19,18.3
2020-11-12 20:00:00,18.3,65,8.0,991.8,20,17.6
2020-11-12 21:00:00,17.6,66,4.8,993.1,21,16.7
2020-11-12 22:00:00,16.7,69,5.6,993.1,22,15.7
2020-11-12 23:00:00,15.7,72,8.6,992.9,23,15.1
2020-11-13 00:00:00,15.1,70,9.0,993.0,0,14.7
2020-11-13 01:00:00,14.7,69,9.0,992.8,1,14.1
2020-11-13 02:00:00,14.1,71,6.9,992.5,2,14.1
2020-11-13 03:00:00,14.1,70,8.3,992.4,3,13.6
2020-11-13 04:00:00,13.6,74,7.2,992.5,4,13.4
2020-11-13 05:00:00,13.4,76,5.4,992.7,5,13.3
2020-11-13 06:00:00,13.3,78,4.8,993.1,6,13.4
2020-11-13 07:00:00,13.4,78,4.4,993.6,7,13.6
2020-11-13 08:00:00,13.6,78,4.7,993.9,8,14.6
2020-11-13 09:00:00,14.6,74,4.8,993.9,9,16.4
2020-11-13 10:00:00,16.4,67,8.0,994.1,10,17.7
2020-11-13 11:00:00,17.7,61,10.4,994.3,11,18.1
2020-11-13 12:00:00,18.1,60,11.0,994.0,12,18.9
2020-11-13 13:00:00,18.9,58,10.5,993.7,13,19.0
2020-11-13 14:00:00,19.0,56,9.7,993.5,14,19.5
2020-11-13 15:00:00,19.5,54,10.0,993.3,15,19.9
2020-11-13 16:00:00,19.9,51,8.5,992.7,16,19.7
2020-11-13 17:00:00,19.7,50,8.7,992.8,17,18.0
2020-11-13 18:00:00,18.0,57,13.1,993.2,18,16.9
2020-11-13 19:00:00,16.9,60,12.1,993.5,19,15.5
2020-11-13 20:00:00,15.5,67,11.5,993.8,20,14.6
2020-11-13 21:00:00,14.6,73,8.2,994.2,21,14.3
2020-11-13 22:00:00,14.3,75,7.4,994.6,22,13.7
2020-11-13 23:00:00,13.7,78,6.7,994.5,23,13.5
2020-11-14 00:00:00,13.5,79,8.1,994.0,0,13.8
2020-11-14 01:00:00,13.8,76,9.7,993.8,1,13.8
2020-11-14 02:00:00,13.8,75,10.8,993.2,2,13.4
2020-11-14 03:00:00,13.4,76,10.7,992.8,3,12.7
2020-11-14 04:00:00,12.7,77,9.4,992.8,4,12.0
2020-11-14 05:00:00,12.0,79,9.9,993.0,5,11.2
2020-11-14 06:00:00,11.2,82,10.3,993.5,6,12.3
2020-11-14 07:00:00,12.3,80,11.8,994.0,7,13.4
2020-11-14 08:00:00,13.4,78,11.9,994.7,8,15.2
2020-11-14 09:00:00,15.2,69,11.2,994.4,9,17.9
2020-11-14 10:00:00,17.9,55,10.8,994.1,10,19.8
2020-11-14 11:00:00,19.8,46,9.5,993.8,11,21.4
2020-11-14 12:00:00,21.4,40,7.1,993.3,12,21.5
2020-11-14 13:00:00,21.5,38,8.4,992.9,13,22.4
2020-11-14 14:00:00,22.4,36,11.5,992.4,14,23.4
2020-11-14 15:00:00,23.4,32,12.2,991.8,15,23.4
2020-11-14 16:00:00,23.4,30,14.0,991.3,16,23.0
2020-11-14 17:00:00,23.0,28,15.4,991.2,17,22.3
2020-11-14 18:00:00,22.3,29,15.8,991.2,18,20.8
2020-11-14 19:00:00,20.8,31,12.8,991.2,19,19.0
2020-11-14 20:00:00,19.0,34,11.0,990.9,20,18.0
2020-11-14 21:00:00,18.0,34,11.9,991.3,21,17.1
2020-11-14 22:00:00,17.1,33,14.0,991.2,22,16.1
2020-11-14 23:00:00,16.1,36,15.9,991.2,23,14.9
2020-11-15 00:00:00,14.9,41,17.1,991.1,0,13.6
2020-11-15 01:00:00,13.6,47,16.9,990.9,1,12.4
2020-11-15 02:00:00,12.4,55,14.7,990.6,2,11.2
2020-11-15 03:00:00,11.2,62,13.4,990.5,3,10.2
2020-11-15 04:00:00,10.2,68,12.0,990.6,4,9.3
2020-11-15 05:00:00,9.3,74,10.7,991.0,5,8.9
2020-11-15 06:00:00,8.9,77,10.3,991.7,6,10.2
2020-11-15 07:00:00,10.2,74,9.4,992.3,7,11.9
2020-11-15 08:00:00,11.9,71,6.1,992.7,8,14.9
2020-11-15 09:00:00,14.9,62,4.8,992.5,9,18.0
2020-11-15 10:00:00,18.0,54,4.2,992.8,10,20.8
2020-11-15 11:00:00,20.8,45,4.3,992.8,11,22.8
2020-11-15 12:00:00,22.8,38,6.6,992.9,12,24.1
2020-11-15 13:00:00,24.1,35,8.3,992.7,13,25.0
2020-11-15 14:00:00,25.0,33,8.7,992.5,14,25.4
2020-11-15 15:00:00,25.4,32,8.4,992.5,15,25.5
2020-11-15 16:00:00,25.5,31,8.7,992.1,16,24.9
2020-11-15 17:00:00,24.9,33,10.2,992.3,17,23.0
2020-11-15 18:00:00,23.0,41,14.1,992.5,18,20.3
2020-11-15 19:00:00,20.3,48,13.0,993.0,19,18.4
2020-11-15 20:00:00,18.4,52,8.2,992.9,20,17.1
2020-11-15 21:00:00,17.1,60,4.7,993.5,21,15.4
2020-11-15 22:00:00,15.4,68,5.9,994.0,22,15.1
2020-11-15 23:00:00,15.1,66,5.4,994.4,23,13.4
2020-11-16 00:00:00,13.4,75,5.1,993.8,0,12.6
2020-11-16 01:00:00,12.6,78,4.0,993.5,1,11.6
2020-11-16 02:00:00,11.6,83,4.0,993.2,2,10.7
2020-11-16 03:00:00,10.7,88,3.7,992.7,3,10.0
2020-11-16 04:00:00,10.0,92,3.3,992.5,4,9.3
2020-11-16 05:00:00,9.3,96,2.5,992.3,5,9.7
2020-11-16 06:00:00,9.7,94,3.1,992.6,6,12.3
2020-11-16 07:00:00,12.3,80,0.8,992.9,7,13.9
2020-11-16 08:00:00,13.9,71,3.6,993.5,8,16.5
2020-11-16 09:00:00,16.5,60,1.8,993.0,9,19.1
2020-11-16 10:00:00,19.1,54,3.1,992.4,10,21.5
2020-11-16 11:00:00,21.5,48,7.9,992.0,11,23.5
2020-11-16 12:00:00,23.5,43,10.6,991.6,12,25.4
2020-11-16 13:00:00,25.4,37,12.7,990.9,13,26.6
2020-11-16 14:00:00,26.6,31,12.9,990.2,14,27.2
2020-11-16 15:00:00,27.2,28,11.4,989.9,15,27.4
2020-11-16 16:00:00,27.4,26,11.5,989.3,16,26.9
2020-11-16 17:00:00,26.9,28,12.3,989.2,17,24.6
2020-11-16 18:00:00,24.6,41,13.8,989.2,18,21.9
2020-11-16 19:00:00,21.9,49,10.9,989.4,19,19.2
2020-11-16 20:00:00,19.2,56,6.6,989.3,20,17.8
2020-11-16 21:00:00,17.8,63,6.9,989.8,21,16.7
2020-11-16 22:00:00,16.7,65,4.0,990.2,22,15.2
2020-11-16 23:00:00,15.2,68,5.5,990.0,23,14.3
2020-11-17 00:00:00,14.3,70,5.1,989.8,0,13.4
2020-11-17 01:00:00,13.4,74,4.7,989.7,1,12.6
2020-11-17 02:00:00,12.6,77,6.7,989.4,2,11.8
2020-11-17 03:00:00,11.8,80,7.1,989.3,3,11.2
2020-11-17 04:00:00,11.2,84,7.6,989.7,4,10.8
2020-11-17 05:00:00,10.8,90,7.6,990.2,5,10.7
2020-11-17 06:00:00,10.7,93,6.8,990.7,6,12.5
2020-11-17 07:00:00,12.5,83,7.8,991.2,7,13.4
2020-11-17 08:00:00,13.4,77,9.3,992.8,8,14.9
2020-11-17 09:00:00,14.9,70,11.9,993.1,9,17.5
2020-11-17 10:00:00,17.5,60,11.3,993.2,10,19.9
2020-11-17 11:00:00,19.9,52,9.2,993.2,11,21.3
2020-11-17 12:00:00,21.3,47,7.8,993.3,12,22.9
2020-11-17 13:00:00,22.9,42,6.9,993.2,13,24.4
2020-11-17 14:00:00,24.4,38,5.4,992.9,14,25.8
2020-11-17 15:00:00,25.8,32,5.5,992.2,15,25.2
2020-11-17 16:00:00,25.2,33,11.3,992.3,16,21.6
2020-11-17 17:00:00,21.6,52,19.4,993.0,17,20.5
2020-11-17 18:00:00,20.5,53,13.7,993.3,18,18.1
2020-11-17 19:00:00,18.1,62,12.5,993.9,19,15.5
2020-11-17 20:00:00,15.5,70,11.6,994.7,20,13.6
2020-11-17 21:00:00,13.6,78,7.1,994.9,21,13.1
2020-11-17 22:00:00,13.1,79,5.9,995.0,22,12.5
2020-11-17 23:00:00,12.5,82,5.4,994.7,23,12.0
2020-11-18 00:00:00,12.0,85,3.7,994.8,0,11.6
2020-11-18 01:00:00,11.6,87,5.2,994.2,1,11.1
2020-11-18 02:00:00,11.1,90,4.0,993.8,2,10.6
2020-11-18 03:00:00,10.6,93,4.2,993.2,3,10.2
2020-11-18 04:00:00,10.2,95,4.6,992.9,4,10.0
2020-11-18 05:00:00,10.0,96,4.6,992.7,5,10.3
2020-11-18 06:00:00,10.3,95,6.9,992.8,6,11.6
2020-11-18 07:00:00,11.6,89,6.9,992.6,7,12.4
2020-11-18 08:00:00,12.4,84,7.9,993.2,8,15.2
2020-11-18 09:00:00,15.2,74,8.7,992.8,9,18.3
2020-11-18 10:00:00,18.3,63,10.0,992.5,10,20.5
2020-11-18 11:00:00,20.5,56,9.7,992.0,11,22.5
2020-11-18 12:00:00,22.5,51,8.9,991.4,12,24.1
2020-11-18 13:00:00,24.1,46,9.2,990.8,13,25.4
2020-11-18 14:00:00,25.4,43,10.2,990.3,14,25.9
2020-11-18 15:00:00,25.9,42,10.3,989.9,15,26.1
2020-11-18 16:00:00,26.1,40,10.9,989.4,16,26.1
2020-11-18 17:00:00,26.1,39,10.2,989.2,17,25.2
2020-11-18 18:00:00,25.2,41,13.2,989.1,18,21.8
2020-11-18 19:00:00,21.8,55,13.6,989.4,19,19.2
2020-11-18 20:00:00,19.2,63,11.7,989.5,20,18.1
2020-11-18 21:00:00,18.1,65,7.8,989.5,21,17.1
2020-11-18 22:00:00,17.1,68,5.5,989.9,22,16.1
2020-11-18 23:00:00,16.1,71,6.3,990.1,23,15.2
2020-11-19 00:00:00,15.2,75,5.3,989.8,0,14.8
2020-11-19 01:00:00,14.8,77,5.8,989.3,1,14.3
2020-11-19 02:00:00,14.3,78,5.5,989.0,2,13.2
2020-11-19 03:00:00,13.2,85,7.1,988.9,3,13.8
2020-11-19 04:00:00,13.8,80,2.5,989.3,4,11.9
2020-11-19 05:00:00,11.9,91,3.7,989.3,5,12.2
2020-11-19 06:00:00,12.2,89,6.2,990.0,6,14.1
2020-11-19 07:00:00,14.1,78,7.3,990.8,7,15.5
2020-11-19 08:00:00,15.5,72,4.7,991.8,8,17.3
2020-11-19 09:00:00,17.3,66,9.4,991.9,9,18.3
2020-11-19 10:00:00,18.3,63,11.2,992.2,10,20.0
2020-11-19 11:00:00,20.0,58,8.6,992.1,11,21.6
2020-11-19 12:00:00,21.6,53,8.3,991.9,12,22.2
2020-11-19 13:00:00,22.2,52,10.2,991.8,13,21.8
2020-11-19 14:00:00,21.8,54,8.7,991.6,14,23.8
2020-11-19 15:00:00,23.8,47,4.7,991.0,15,24.1
2020-11-19 16:00:00,24.1,45,7.9,990.7,16,21.1
2020-11-19 17:00:00,21.1,55,19.1,990.9,17,19.0
2020-11-19 18:00:00,19.0,60,15.5,991.2,18,17.2
2020-11-19 19:00:00,17.2,64,11.5,991.5,19,15.6
2020-11-19 20:00:00,15.6,69,9.1,992.5,20,14.1
2020-11-19 21:00:00,14.1,74,10.6,992.8,21,13.1
2020-11-19 22:00:00,13.1,77,8.0,993.5,22,12.9
2020-11-19 23:00:00,12.9,77,4.6,993.6,23,13.1
2020-11-20 00:00:00,13.1,76,2.3,993.5,0,13.1
2020-11-20 01:00:00,13.1,76,3.4,993.0,1,12.9
2020-11-20 02:00:00,12.9,77,3.8,992.5,2,12.9
2020-11-20 03:00:00,12.9,78,2.4,992.2,3,12.9
2020-11-20 04:00:00,12.9,78,2.6,992.1,4,12.9
2020-11-20 05:00:00,12.9,78,4.0,992.5,5,12.8
2020-11-20 06:00:00,12.8,78,4.5,993.0,6,12.9
2020-11-20 07:00:00,12.9,77,5.1,993.5,7,13.1
2020-11-20 08:00:00,13.1,74,6.2,994.7,8,14.2
2020-11-20 09:00:00,14.2,68,6.8,994.8,9,15.7
2020-11-20 10:00:00,15.7,62,7.7,994.7,10,17.0
2020-11-20 11:00:00,17.0,58,9.4,994.6,11,18.8
2020-11-20 12:00:00,18.8,52,11.2,994.4,12,20.2
2020-11-20 13:00:00,20.2,44,13.7,994.0,13,21.6
2020-11-20 14:00:00,21.6,39,14.5,993.4,14,21.9
2020-11-20 15:00:00,21.9,35,14.6,993.1,15,22.5
2020-11-20 16:00:00,22.5,32,12.6,992.5,16,21.6
2020-11-20 17:00:00,21.6,36,14.8,992.5,17,18.0
2020-11-20 18:00:00,18.0,52,19.5,993.0,18,16.0
2020-11-20 19:00:00,16.0,59,14.8,993.8,19,14.8
2020-11-20 20:00:00,14.8,61,12.5,994.4,20,13.5
2020-11-20 21:00:00,13.5,69,11.4,995.3,21,13.0
2020-11-20 22:00:00,13.0,73,5.8,995.8,22,12.6
2020-11-20 23:00:00,12.6,76,3.2,995.8,23,12.1
2020-11-21 00:00:00,12.1,79,3.2,995.2,0,11.1
2020-11-21 01:00:00,11.1,85,3.3,994.2,1,10.1
2020-11-21 02:00:00,10.1,91,4.5,993.5,2,9.4
2020-11-21 03:00:00,9.4,94,5.2,993.4,3,9.1
2020-11-21 04:00:00,9.1,94,5.9,993.8,4,8.9
2020-11-21 05:00:00,8.9,95,5.9,994.0,5,9.3
2020-11-21 06:00:00,9.3,95,3.9,994.1,6,11.9
2020-11-21 07:00:00,11.9,80,4.1,994.6,7,14.1
2020-11-21 08:00:00,14.1,70,5.4,995.0,8,16.5
2020-11-21 09:00:00,16.5,59,7.7,994.8,9,18.8
2020-11-21 10:00:00,18.8,51,7.1,994.3,10,20.9
2020-11-21 11:00:00,20.9,44,8.4,994.1,11,22.5
2020-11-21 12:00:00,22.5,39,5.4,993.5,12,23.8
2020-11-21 13:00:00,23.8,35,6.7,993.0,13,24.8
2020-11-21 14:00:00,24.8,31,8.2,992.4,14,25.4
2020-11-21 15:00:00,25.4,28,9.7,992.1,15,25.4
2020-11-21 16:00:00,25.4,26,10.2,991.7,16,25.1
2020-11-21 17:00:00,25.1,26,11.2,991.2,17,23.6
2020-11-21 18:00:00,23.6,32,14.7,991.1,18,21.0
2020-11-21 19:00:00,21.0,42,14.5,991.0,19,18.8
2020-11-21 20:00:00,18.8,53,12.7,991.2,20,17.0
2020-11-21 21:00:00,17.0,59,11.1,991.3,21,16.1
2020-11-21 22:00:00,16.1,63,10.6,991.1,22,15.9
2020-11-21 23:00:00,15.9,58,14.8,990.9,23,14.8
2020-11-22 00:00:00,14.8,63,13.7,990.1,0,13.6
2020-11-22 01:00:00,13.6,68,11.9,989.5,1,12.6
2020-11-22 02:00:00,12.6,71,10.5,988.9,2,11.6
2020-11-22 03:00:00,11.6,76,10.5,988.4,3,10.6
2020-11-22 04:00:00,10.6,83,10.5,988.4,4,9.9
2020-11-22 05:00:00,9.9,88,9.4,988.4,5,9.9
2020-11-22 06:00:00,9.9,89,9.9,988.8,6,11.6
2020-11-22 07:00:00,11.6,80,8.6,989.1,7,13.5
2020-11-22 08:00:00,13.5,74,6.6,989.8,8,16.7
2020-11-22 09:00:00,16.7,62,6.2,989.6,9,19.9
2020-11-22 10:00:00,19.9,50,8.2,989.2,10,22.7
2020-11-22 11:00:00,22.7,40,10.7,988.8,11,24.9
2020-11-22 12:00:00,24.9,33,11.3,988.6,12,26.4
2020-11-22 13:00:00,26.4,29,9.5,988.2,13,27.4
2020-11-22 14:00:00,27.4,27,7.9,987.5,14,28.0
2020-11-22 15:00:00,28.0,26,6.6,987.0,15,28.2
2020-11-22 16:00:00,28.2,25,5.1,986.7,16,28.0
2020-11-22 17:00:00,28.0,26,8.4,986.4,17,25.2
2020-11-22 18:00:00,25.2,38,16.9,986.9,18,22.5
2020-11-22 19:00:00,22.5,43,14.0,987.3,19,20.5
2020-11-22 20:00:00,20.5,46,12.7,987.4,20,19.0
2020-11-22 21:00:00,19.0,50,8.0,987.9,21,18.4
2020-11-22 22:00:00,18.4,54,7.3,988.5,22,18.0
2020-11-22 23:00:00,18.0,55,9.8,988.8,23,16.8
2020-11-23 00:00:00,16.8,59,10.9,988.6,0,15.4
2020-11-23 01:00:00,15.4,64,9.2,988.6,1,14.6
2020-11-23 02:00:00,14.6,68,9.2,988.7,2,13.9
2020-11-23 03:00:00,13.9,72,8.5,989.0,3,13.1
2020-11-23 04:00:00,13.1,76,7.7,989.3,4,12.4
2020-11-23 05:00:00,12.4,81,6.5,990.0,5,12.5
2020-11-23 06:00:00,12.5,81,6.5,990.5,6,14.2
2020-11-23 07:00:00,14.2,74,7.4,991.2,7,16.2
2020-11-23 08:00:00,16.2,68,8.7,991.8,8,18.6
2020-11-23 09:00:00,18.6,58,9.1,992.1,9,20.9
2020-11-23 10:00:00,20.9,51,9.2,991.8,10,23.2
2020-11-23 11:00:00,23.2,44,10.0,991.6,11,25.0
2020-11-23 12:00:00,25.0,39,11.2,991.5,12,26.2
2020-11-23 13:00:00,26.2,34,10.3,991.3,13,27.0
2020-11-23 14:00:00,27.0,31,10.0,991.0,14,27.5
2020-11-23 15:00:00,27.5,29,9.4,990.7,15,27.2
2020-11-23 16:00:00,27.2,28,10.0,990.2,16,25.4
2020-11-23 17:00:00,25.4,34,19.6,990.1,17,24.5
2020-11-23 18:00:00,24.5,34,19.9,990.7,18,22.9
2020-11-23 19:00:00,22.9,35,17.8,991.4,19,21.3
2020-11-23 20:00:00,21.3,39,18.1,991.7,20,20.2
2020-11-23 21:00:00,20.2,42,15.0,991.8,21,19.0
2020-11-23 22:00:00,19.0,46,13.7,992.0,22,17.9
2020-11-23 23:00:00,17.9,49,13.3,992.0,23,16.8
2020-11-24 00:00:00,16.8,50,14.3,991.7,0,15.1
2020-11-24 01:00:00,15.1,52,13.8,991.2,1,13.8
2020-11-24 02:00:00,13.8,56,13.4,990.9,2,12.6
2020-11-24 03:00:00,12.6,62,12.3,991.0,3,11.9
2020-11-24 04:00:00,11.9,67,10.7,991.2,4,11.3
2020-11-24 05:00:00,11.3,71,10.5,991.7,5,11.1
2020-11-24 06:00:00,11.1,75,9.4,992.4,6,12.3
2020-11-24 07:00:00,12.3,73,9.7,992.8,7,14.2
2020-11-24 08:00:00,14.2,69,6.7,993.5,8,17.2
2020-11-24 09:00:00,17.2,59,5.7,993.2,9,20.0
2020-11-24 10:00:00,20.0,50,7.4,993.1,10,22.2
2020-11-24 11:00:00,22.2,42,10.2,993.2,11,23.9
2020-11-24 12:00:00,23.9,36,9.5,993.1,12,25.0
2020-11-24 13:00:00,25.0,31,9.8,993.2,13,25.7
2020-11-24 14:00:00,25.7,28,9.9,993.0,14,25.8
2020-11-24 15:00:00,25.8,27,13.8,992.7,15,25.1
2020-11-24 16:00:00,25.1,27,15.1,992.7,16,23.5
2020-11-24 17:00:00,23.5,30,18.4,992.9,17,21.2
2020-11-24 18:00:00,21.2,37,17.2,993.4,18,19.0
2020-11-24 19:00:00,19.0,43,13.0,994.2,19,18.0
2020-11-24 20:00:00,18.0,46,10.1,994.7,20,17.0
2020-11-24 21:00:00,17.0,52,6.5,995.4,21,16.4
2020-11-24 22:00:00,16.4,54,8.3,995.7,22,16.0
2020-11-24 23:00:00,16.0,52,10.2,995.8,23,15.2
2020-11-25 00:00:00,15.2,54,11.3,995.3,0,14.2
2020-11-25 01:00:00,14.2,63,11.9,994.9,1,13.2
2020-11-25 02:00:00,13.2,73,12.6,994.3,2,12.3
2020-11-25 03:00:00,12.3,81,12.7,993.8,3,11.6
2020-11-25 04:00:00,11.6,87,12.7,993.9,4,10.9
2020-11-25 05:00:00,10.9,93,11.2,994.0,5,10.8
2020-11-25 06:00:00,10.8,95,12.5,994.3,6,12.6
2020-11-25 07:00:00,12.6,85,15.4,994.6,7,14.2
2020-11-25 08:00:00,14.2,77,17.1,995.6,8,16.9
2020-11-25 09:00:00,16.9,64,16.6,995.6,9,19.6
2020-11-25 10:00:00,19.6,50,16.6,995.1,10,22.1
2020-11-25 11:00:00,22.1,40,15.6,994.6,11,23.9
2020-11-25 12:00:00,23.9,33,18.8,994.0,12,25.4
2020-11-25 13:00:00,25.4,27,20.3,993.6,13,26.0
2020-11-25 14:00:00,26.0,23,21.7,992.9,14,26.4
2020-11-25 15:00:00,26.4,23,22.9,992.5,15,26.1
2020-11-25 16:00:00,26.1,25,23.1,992.2,16,25.6
2020-11-25 17:00:00,25.6,26,23.7,992.0,17,24.5
2020-11-25 18:00:00,24.5,27,23.8,992.1,18,23.1
2020-11-25 19:00:00,23.1,28,19.1,992.3,19,21.4
2020-11-25 20:00:00,21.4,29,18.7,992.4,20,20.1
2020-11-25 21:00:00,20.1,31,19.0,992.9,21,18.8
2020-11-25 22:00:00,18.8,33,18.7,993.2,22,17.5
2020-11-25 23:00:00,17.5,38,19.3,993.1,23,16.0
2020-11-26 00:00:00,16.0,47,19.5,992.4,0,14.6
2020-11-26 01:00:00,14.6,56,18.4,991.4,1,13.6
2020-11-26 02:00:00,13.6,61,18.6,990.5,2,12.6
2020-11-26 03:00:00,12.6,65,19.7,989.9,3,11.6
2020-11-26 04:00:00,11.6,68,19.5,989.6,4,10.6
2020-11-26 05:00:00,10.6,68,18.4,989.4,5,10.4
2020-11-26 06:00:00,10.4,66,17.3,989.6,6,11.8
2020-11-26 07:00:00,11.8,56,16.6,989.6,7,13.8
2020-11-26 08:00:00,13.8,52,17.6,989.7,8,17.0
2020-11-26 09:00:00,17.0,40,17.4,989.4,9,20.1
2020-11-26 10:00:00,20.1,32,17.1,989.1,10,23.0
2020-11-26 11:00:00,23.0,25,17.7,988.9,11,25.6
2020-11-26 12:00:00,25.6,21,17.4,988.5,12,27.7
2020-11-26 13:00:00,27.7,17,17.9,988.2,13,29.1
2020-11-26 14:00:00,29.1,15,18.5,988.0,14,29.9
2020-11-26 15:00:00,29.9,14,18.0,987.6,15,30.0
2020-11-26 16:00:00,30.0,13,17.4,987.2,16,29.6
2020-11-26 17:00:00,29.6,14,18.1,987.1,17,28.4
2020-11-26 18:00:00,28.4,15,18.2,987.1,18,26.0
2020-11-26 19:00:00,26.0,18,15.6,987.4,19,23.5
2020-11-26 20:00:00,23.5,19,11.8,987.3,20,22.1
2020-11-26 21:00:00,22.1,21,12.7,987.7,21,20.9
2020-11-26 22:00:00,20.9,22,13.5,988.1,22,19.6
2020-11-26 23:00:00,19.6,25,13.7,988.0,23,18.1
2020-11-27 00:00:00,18.1,30,13.3,987.8,0,16.6
2020-11-27 01:00:00,16.6,36,12.2,987.3,1,15.2
2020-11-27 02:00:00,15.2,43,12.2,987.0,2,13.9
2020-11-27 03:00:00,13.9,53,11.2,986.9,3,12.8
2020-11-27 04:00:00,12.8,61,10.0,987.1,4,11.8
2020-11-27 05:00:00,11.8,68,9.7,987.4,5,11.6
2020-11-27 06:00:00,11.6,73,10.8,988.1,6,13.0
2020-11-27 07:00:00,13.0,71,10.5,988.7,7,14.9
2020-11-27 08:00:00,14.9,65,7.1,990.0,8,17.7
2020-11-27 09:00:00,17.7,55,5.5,990.2,9,20.8
2020-11-27 10:00:00,20.8,45,7.0,990.1,10,23.5
2020-11-27 11:00:00,23.5,36,9.2,990.0,11,25.6
2020-11-27 12:00:00,25.6,28,11.0,990.0,12,27.1
2020-11-27 13:00:00,27.1,22,11.2,989.9,13,28.0
2020-11-27 14:00:00,28.0,20,9.7,989.7,14,28.5
2020-11-27 15:00:00,28.5,19,8.2,989.1,15,28.8
2020-11-27 16:00:00,28.8,20,7.6,988.7,16,28.2
2020-11-27 17:00:00,28.2,23,9.9,988.4,17,26.4
2020-11-27 18:00:00,26.4,31,15.0,988.7,18,23.8
2020-11-27 19:00:00,23.8,36,13.7,989.0,19,21.2
2020-11-27 20:00:00,21.2,42,14.3,989.3,20,19.0
2020-11-27 21:00:00,19.0,48,10.0,990.2,21,18.8
2020-11-27 22:00:00,18.8,49,10.0,991.0,22,17.9
2020-11-27 23:00:00,17.9,50,11.1,991.3,23,16.4
2020-11-28 00:00:00,16.4,56,11.6,991.1,0,14.9
2020-11-28 01:00:00,14.9,63,10.3,990.8,1,13.9
2020-11-28 02:00:00,13.9,69,8.5,990.6,2,13.1
2020-11-28 03:00:00,13.1,74,7.7,990.7,3,12.3
2020-11-28 04:00:00,12.3,78,6.4,990.7,4,11.6
2020-11-28 05:00:00,11.6,83,5.4,991.0,5,11.8
2020-11-28 06:00:00,11.8,82,8.2,991.9,6,13.2
2020-11-28 07:00:00,13.2,78,10.2,992.8,7,14.4
2020-11-28 08:00:00,14.4,75,7.6,993.3,8,17.1
2020-11-28 09:00:00,17.1,64,5.6,993.3,9,19.9
2020-11-28 10:00:00,19.9,54,4.3,993.1,10,22.5
2020-11-28 11:00:00,22.5,46,4.8,993.1,11,24.8
2020-11-28 12:00:00,24.8,40,6.4,993.0,12,26.4
2020-11-28 13:00:00,26.4,35,7.6,992.7,13,27.5
2020-11-28 14:00:00,27.5,31,8.7,992.4,14,28.1
2020-11-28 15:00:00,28.1,28,10.2,992.1,15,27.6
2020-11-28 16:00:00,27.6,29,13.3,992.1,16,26.0
2020-11-28 17:00:00,26.0,31,16.7,991.9,17,23.9
2020-11-28 18:00:00,23.9,32,17.5,992.0,18,21.2
2020-11-28 19:00:00,21.2,38,14.7,992.3,19,19.8
2020-11-28 20:00:00,19.8,42,11.0,992.8,20,19.2
2020-11-28 21:00:00,19.2,45,12.2,993.4,21,18.5
2020-11-28 22:00:00,18.5,47,15.8,994.0,22,17.1
2020-11-28 23:00:00,17.1,52,15.8,993.7,23,15.9
2020-11-29 00:00:00,15.9,60,15.5,993.5,0,14.9
2020-11-29 01:00:00,14.9,70,15.1,993.4,1,13.9
2020-11-29 02:00:00,13.9,78,14.3,993.1,2,13.0
2020-11-29 03:00:00,13.0,84,13.2,993.1,3,12.3
2020-11-29 04:00:00,12.3,88,12.4,993.2,4,11.6
2020-11-29 05:00:00,11.6,94,11.6,993.4,5,11.7
2020-11-29 06:00:00,11.7,95,12.3,993.6,6,13.2
2020-11-29 07:00:00,13.2,87,13.5,993.7,7,15.5
2020-11-29 08:00:00,15.5,76,14.4,993.7,8,18.5
2020-11-29 09:00:00,18.5,61,16.3,993.7,9,21.5
2020-11-29 10:00:00,21.5,48,17.4,993.4,10,24.0
2020-11-29 11:00:00,24.0,38,18.4,993.2,11,26.0
2020-11-29 12:00:00,26.0,31,18.2,992.8,12,27.4
2020-11-29 13:00:00,27.4,27,17.9,992.3,13,28.4
2020-11-29 14:00:00,28.4,24,18.0,991.7,14,28.9
2020-11-29 15:00:00,28.9,23,17.7,991.2,15,29.0
2020-11-29 16:00:00,29.0,22,16.8,990.7,16,28.6
2020-11-29 17:00:00,28.6,22,15.9,990.4,17,27.6
2020-11-29 18:00:00,27.6,23,15.6,990.4,18,25.9
2020-11-29 19:00:00,25.9,23,12.6,990.8,19,23.8
2020-11-29 20:00:00,23.8,23,12.4,991.1,20,22.6
2020-11-29 21:00:00,22.6,18,14.6,991.9,21,20.9
2020-11-29 22:00:00,20.9,19,14.5,992.3,22,19.6
2020-11-29 23:00:00,19.6,23,15.7,992.2,23,18.0
2020-11-30 00:00:00,18.0,30,16.5,991.6,0,16.1
2020-11-30 01:00:00,16.1,40,17.2,990.9,1,14.7
2020-11-30 02:00:00,14.7,47,16.2,990.5,2,13.4
2020-11-30 03:00:00,13.4,54,15.1,990.3,3,12.3
2020-11-30 04:00:00,12.3,60,13.1,990.1,4,11.3
2020-11-30 05:00:00,11.3,66,11.5,990.1,5,10.9
2020-11-30 06:00:00,10.9,69,11.5,990.4,6,12.1
2020-11-30 07:00:00,12.1,66,10.3,990.6,7,14.4
2020-11-30 08:00:00,14.4,66,10.1,991.1,8,17.5
2020-11-30 09:00:00,17.5,56,8.9,990.8,9,21.0
2020-11-30 10:00:00,21.0,47,9.5,990.4,10,24.0
2020-11-30 11:00:00,24.0,38,11.0,990.2,11,26.5
2020-11-30 12:00:00,26.5,31,12.4,989.9,12,28.3
2020-11-30 13:00:00,28.3,27,12.4,989.4,13,29.6
2020-11-30 14:00:00,29.6,23,11.8,988.8,14,30.2
2020-11-30 15:00:00,30.2,21,12.6,988.3,15,30.4
2020-11-30 16:00:00,30.4,21,13.2,987.8,16,30.1
2020-11-30 17:00:00,30.1,20,14.0,987.2,17,29.2
2020-11-30 18:00:00,29.2,21,13.1,987.2,18,27.0
2020-11-30 19:00:00,27.0,27,8.8,987.2,19,24.0
2020-11-30 20:00:00,24.0,31,8.9,987.3,20,21.6
2020-11-30 21:00:00,21.6,39,7.2,987.8,21,20.6
2020-11-30 22:00:00,20.6,40,9.1,987.9,22,19.6
2020-11-30 23:00:00,19.6,36,8.7,987.9,23,19.0
2020-12-01 00:00:00,19.0,34,10.2,987.7,0,18.2
2020-12-01 01:00:00,18.2,36,13.1,987.3,1,16.8
2020-12-01 02:00:00,16.8,46,12.4,986.9,2,15.4
2020-12-01 03:00:00,15.4,57,11.3,986.6,3,14.1
2020-12-01 04:00:00,14.1,68,10.8,986.9,4,12.9
2020-12-01 05:00:00,12.9,78,10.4,987.1,5,12.4
2020-12-01 06:00:00,12.4,82,11.5,987.3,6,13.8
2020-12-01 07:00:00,13.8,76,10.7,987.5,7,15.6
2020-12-01 08:00:00,15.6,74,8.1,988.9,8,18.5
2020-12-01 09:00:00,18.5,62,7.6,989.1,9,21.5
2020-12-01 10:00:00,21.5,52,5.2,989.2,10,24.5
2020-12-01 11:00:00,24.5,42,5.0,989.4,11,27.2
2020-12-01 12:00:00,27.2,32,5.2,989.3,12,28.8
2020-12-01 13:00:00,28.8,25,7.5,988.9,13,29.1
2020-12-01 14:00:00,29.1,22,10.7,988.8,14,28.9
2020-12-01 15:00:00,28.9,23,14.5,989.0,15,26.6
2020-12-01 16:00:00,26.6,35,18.1,989.1,16,25.4
2020-12-01 17:00:00,25.4,35,16.3,989.3,17,24.1
2020-12-01 18:00:00,24.1,35,14.5,989.7,18,22.4
2020-12-01 19:00:00,22.4,36,9.7,990.4,19,20.0
2020-12-01 20:00:00,20.0,41,6.1,990.8,20,18.5
2020-12-01 21:00:00,18.5,45,6.8,991.2,21,17.0
2020-12-01 22:00:00,17.0,52,5.6,991.9,22,15.6
2020-12-01 23:00:00,15.6,59,4.8,992.6,23,14.2
2020-12-02 00:00:00,14.2,64,8.4,992.5,0,12.9
2020-12-02 01:00:00,12.9,70,6.6,992.3,1,12.0
2020-12-02 02:00:00,12.0,74,3.2,992.0,2,11.6
2020-12-02 03:00:00,11.6,77,3.2,991.9,3,10.9
2020-12-02 04:00:00,10.9,81,4.5,991.9,4,10.4
2020-12-02 05:00:00,10.4,84,3.5,992.0,5,10.5
2020-12-02 06:00:00,10.5,83,0.7,992.4,6,13.1
2020-12-02 07:00:00,13.1,72,4.2,992.7,7,14.8
2020-12-02 08:00:00,14.8,66,5.8,993.7,8,17.4
2020-12-02 09:00:00,17.4,57,6.7,993.4,9,20.0
2020-12-02 10:00:00,20.0,48,7.7,993.1,10,22.4
2020-12-02 11:00:00,22.4,41,11.1,992.9,11,24.3
2020-12-02 12:00:00,24.3,34,13.3,992.6,12,25.8
2020-12-02 13:00:00,25.8,28,14.2,992.1,13,26.9
2020-12-02 14:00:00,26.9,24,15.3,991.5,14,27.5
2020-12-02 15:00:00,27.5,22,13.6,990.9,15,27.6
2020-12-02 16:00:00,27.6,20,13.7,990.3,16,27.3
2020-12-02 17:00:00,27.3,20,14.0,990.0,17,26.6
2020-12-02 18:00:00,26.6,21,14.8,989.9,18,25.4
2020-12-02 19:00:00,25.4,24,11.8,989.9,19,22.4
2020-12-02 20:00:00,22.4,32,8.9,990.2,20,20.4
2020-12-02 21:00:00,20.4,41,7.6,990.6,21,20.1
2020-12-02 22:00:00,20.1,39,13.0,991.0,22,19.0
2020-12-02 23:00:00,19.0,52,16.1,991.2,23,17.5
2020-12-03 00:00:00,17.5,59,15.8,990.9,0,16.1
2020-12-03 01:00:00,16.1,64,14.4,990.4,1,15.1
2020-12-03 02:00:00,15.1,68,13.6,989.9,2,14.4
2020-12-03 03:00:00,14.4,70,13.8,989.3,3,13.9
2020-12-03 04:00:00,13.9,69,14.0,989.5,4,13.2
2020-12-03 05:00:00,13.2,69,14.3,989.6,5,12.6
2020-12-03 06:00:00,12.6,71,15.6,990.2,6,13.5
2020-12-03 07:00:00,13.5,67,16.9,990.7,7,14.9
2020-12-03 08:00:00,14.9,61,17.4,991.3,8,17.4
2020-12-03 09:00:00,17.4,47,18.2,991.0,9,20.0
2020-12-03 10:00:00,20.0,36,18.4,991.0,10,22.5
2020-12-03 11:00:00,22.5,29,18.5,990.5,11,24.6
2020-12-03 12:00:00,24.6,21,17.9,990.5,12,26.0
2020-12-03 13:00:00,26.0,18,20.0,989.9,13,27.0
2020-12-03 14:00:00,27.0,17,19.2,989.5,14,27.5
2020-12-03 15:00:00,27.5,16,20.3,988.9,15,27.5
2020-12-03 16:00:00,27.5,16,20.2,988.4,16,27.1
2020-12-03 17:00:00,27.1,16,21.3,988.3,17,26.0
2020-12-03 18:00:00,26.0,14,21.4,988.7,18,24.2
2020-12-03 19:00:00,24.2,16,19.3,989.0,19,22.6
2020-12-03 20:00:00,22.6,16,13.7,989.2,20,21.2
2020-12-03 21:00:00,21.2,19,13.9,989.7,21,19.9
2020-12-03 22:00:00,19.9,22,15.3,989.9,22,18.6
2020-12-03 23:00:00,18.6,28,16.1,990.0,23,17.2
2020-12-04 00:00:00,17.2,37,15.5,989.5,0,15.8
2020-12-04 01:00:00,15.8,46,15.5,989.0,1,14.4
2020-12-04 02:00:00,14.4,52,14.1,988.4,2,13.2
2020-12-04 03:00:00,13.2,58,13.3,988.2,3,12.1
2020-12-04 04:00:00,12.1,63,12.1,987.9,4,11.1
2020-12-04 05:00:00,11.1,67,11.3,988.0,5,10.8
2020-12-04 06:00:00,10.8,70,11.0,988.3,6,11.8
2020-12-04 07:00:00,11.8,66,9.2,988.6,7,13.4
2020-12-04 08:00:00,13.4,65,5.6,989.6,8,17.0
2020-12-04 09:00:00,17.0,54,4.0,989.4,9,20.5
2020-12-04 10:00:00,20.5,44,3.4,989.1,10,23.5
2020-12-04 11:00:00,23.5,37,3.1,989.0,11,26.0
2020-12-04 12:00:00,26.0,31,4.0,988.9,12,28.0
2020-12-04 13:00:00,28.0,27,5.1,988.8,13,29.2
2020-12-04 14:00:00,29.2,25,5.4,988.5,14,30.0
2020-12-04 15:00:00,30.0,23,6.0,988.0,15,30.0
2020-12-04 16:00:00,30.0,23,8.2,987.6,16,29.4
2020-12-04 17:00:00,29.4,24,11.2,987.4,17,27.4
2020-12-04 18:00:00,27.4,27,15.9,987.7,18,24.5
2020-12-04 19:00:00,24.5,31,14.4,988.1,19,21.8
2020-12-04 20:00:00,21.8,38,9.0,988.9,20,19.6
2020-12-04 21:00:00,19.6,46,3.3,989.9,21,18.1
2020-12-04 22:00:00,18.1,50,6.9,990.7,22,16.5
2020-12-04 23:00:00,16.5,57,3.7,991.2,23,15.6
2020-12-05 00:00:00,15.6,63,4.7,991.0,0,14.8
2020-12-05 01:00:00,14.8,62,4.9,990.7,1,14.2
2020-12-05 02:00:00,14.2,61,6.1,990.3,2,13.2
2020-12-05 03:00:00,13.2,66,6.1,990.2,3,12.2
2020-12-05 04:00:00,12.2,72,5.2,990.0,4,11.6
2020-12-05 05:00:00,11.6,76,4.2,990.5,5,11.8
2020-12-05 06:00:00,11.8,78,6.2,990.9,6,14.4
2020-12-05 07:00:00,14.4,67,3.8,991.6,7,16.1
2020-12-05 08:00:00,16.1,60,4.0,992.7,8,19.0
2020-12-05 09:00:00,19.0,49,5.0,992.8,9,22.0
2020-12-05 10:00:00,22.0,41,4.5,993.0,10,24.5
2020-12-05 11:00:00,24.5,36,3.1,993.0,11,26.7
2020-12-05 12:00:00,26.7,33,2.1,992.8,12,28.4
2020-12-05 13:00:00,28.4,30,3.5,992.5,13,29.5
2020-12-05 14:00:00,29.5,27,6.4,991.8,14,30.0
2020-12-05 15:00:00,30.0,26,8.9,991.1,15,29.9
2020-12-05 16:00:00,29.9,27,11.4,990.5,16,28.6
2020-12-05 17:00:00,28.6,31,13.7,990.2,17,26.4
2020-12-05 18:00:00,26.4,36,16.8,990.2,18,23.8
2020-12-05 19:00:00,23.8,42,13.4,990.3,19,21.5
2020-12-05 20:00:00,21.5,50,12.9,990.6,20,19.4
2020-12-05 21:00:00,19.4,58,10.5,991.0,21,17.7
2020-12-05 22:00:00,17.7,64,8.7,991.2,22,16.7
2020-12-05 23:00:00,16.7,69,4.3,991.1,23,15.8
2020-12-06 00:00:00,15.8,75,3.6,990.8,0,15.9
2020-12-06 01:00:00,15.9,73,2.5,990.5,1,15.2
2020-12-06 02:00:00,15.2,76,2.5,990.0,2,14.4
2020-12-06 03:00:00,14.4,81,3.7,989.4,3,13.3
2020-12-06 04:00:00,13.3,87,4.0,989.1,4,12.2
2020-12-06 05:00:00,12.2,93,4.7,989.1,5,12.4
2020-12-06 06:00:00,12.4,92,1.5,989.4,6,14.9
2020-12-06 07:00:00,14.9,79,0.0,989.6,7,16.7
2020-12-06 08:00:00,16.7,68,1.5,990.0,8,19.7
2020-12-06 09:00:00,19.7,56,1.9,989.5,9,22.6
2020-12-06 10:00:00,22.6,46,3.8,989.3,10,25.6
2020-12-06 11:00:00,25.6,38,5.9,989.0,11,27.9
2020-12-06 12:00:00,27.9,32,7.0,988.9,12,29.6
2020-12-06 13:00:00,29.6,28,7.4,988.4,13,30.9
2020-12-06 14:00:00,30.9,25,7.7,987.9,14,31.5
2020-12-06 15:00:00,31.5,23,8.4,987.2,15,31.2
2020-12-06 16:00:00,31.2,24,12.2,986.7,16,29.4
2020-12-06 17:00:00,29.4,29,16.8,986.7,17,26.9
2020-12-06 18:00:00,26.9,30,18.0,986.6,18,24.1
2020-12-06 19:00:00,24.1,35,13.4,986.8,19,21.3
2020-12-06 20:00:00,21.3,43,8.8,987.5,20,19.4
2020-12-06 21:00:00,19.4,49,8.0,988.1,21,17.8
2020-12-06 22:00:00,17.8,56,7.1,988.4,22,16.5
2020-12-06 23:00:00,16.5,61,4.8,988.3,23,15.6
2020-12-07 00:00:00,15.6,66,4.4,988.2,0,14.6
2020-12-07 01:00:00,14.6,71,4.4,988.0,1,13.8
2020-12-07 02:00:00,13.8,77,3.1,987.8,2,13.1
2020-12-07 03:00:00,13.1,80,2.9,987.5,3,12.4
2020-12-07 04:00:00,12.4,84,2.9,987.0,4,11.9
2020-12-07 05:00:00,11.9,89,3.7,987.0,5,12.2
2020-12-07 06:00:00,12.2,84,2.1,987.4,6,14.4
2020-12-07 07:00:00,14.4,73,2.9,988.1,7,16.5
2020-12-07 08:00:00,16.5,63,4.5,988.9,8,19.5
2020-12-07 09:00:00,19.5,53,6.4,989.3,9,22.5
2020-12-07 10:00:00,22.5,44,5.9,989.2,10,25.1
2020-12-07 11:00:00,25.1,38,5.4,989.3,11,27.0
2020-12-07 12:00:00,27.0,34,6.2,989.2,12,28.2
2020-12-07 13:00:00,28.2,33,7.0,989.2,13,29.3
2020-12-07 14:00:00,29.3,30,7.2,989.0,14,29.4
2020-12-07 15:00:00,29.4,29,13.0,988.8,15,26.0
2020-12-07 16:00:00,26.0,33,22.0,989.4,16,23.9
2020-12-07 17:00:00,23.9,36,20.6,990.1,17,21.5
2020-12-07 18:00:00,21.5,42,16.0,990.8,18,18.9
2020-12-07 19:00:00,18.9,51,12.1,991.9,19,16.9
2020-12-07 20:00:00,16.9,59,11.3,992.3,20,15.2
2020-12-07 21:00:00,15.2,65,9.8,992.8,21,14.1
2020-12-07 22:00:00,14.1,70,8.2,993.5,22,12.9
2020-12-07 23:00:00,12.9,75,9.2,994.2,23,11.9
2020-12-08 00:00:00,11.9,79,6.1,994.2,0,11.6
2020-12-08 01:00:00,11.6,81,6.3,993.9,1,11.6
2020-12-08 02:00:00,11.6,80,4.7,993.6,2,11.1
2020-12-08 03:00:00,11.1,82,4.4,993.4,3,11.2
2020-12-08 04:00:00,11.2,82,8.7,994.1,4,10.9
2020-12-08 05:00:00,10.9,83,8.4,994.5,5,11.0
2020-12-08 06:00:00,11.0,79,10.4,994.9,6,12.4
2020-12-08 07:00:00,12.4,72,12.1,995.2,7,14.1
2020-12-08 08:00:00,14.1,69,12.6,996.0,8,16.9
2020-12-08 09:00:00,16.9,59,14.3,995.9,9,19.9
2020-12-08 10:00:00,19.9,49,15.8,995.8,10,22.5
2020-12-08 11:00:00,22.5,41,15.1,995.7,11,24.8
2020-12-08 12:00:00,24.8,35,14.2,995.4,12,26.7
2020-12-08 13:00:00,26.7,29,13.0,994.9,13,28.2
2020-12-08 14:00:00,28.2,24,12.6,994.6,14,29.1
2020-12-08 15:00:00,29.1,21,12.5,994.2,15,29.4
2020-12-08 16:00:00,29.4,19,12.5,993.9,16,29.3
2020-12-08 17:00:00,29.3,19,12.7,993.4,17,28.6
2020-12-08 18:00:00,28.6,20,13.8,993.2,18,27.0
2020-12-08 19:00:00,27.0,24,11.3,993.1,19,24.2
2020-12-08 20:00:00,24.2,28,9.3,992.4,20,22.8
2020-12-08 21:00:00,22.8,33,10.2,992.8,21,21.6
2020-12-08 22:00:00,21.6,34,13.5,993.2,22,20.1
2020-12-08 23:00:00,20.1,40,15.3,993.2,23,18.5
2020-12-09 00:00:00,18.5,51,16.0,992.9,0,17.0
2020-12-09 01:00:00,17.0,59,15.3,992.4,1,15.6
2020-12-09 02:00:00,15.6,65,14.0,991.8,2,14.5
2020-12-09 03:00:00,14.5,69,12.3,991.5,3,13.6
2020-12-09 04:00:00,13.6,73,10.6,991.3,4,12.9
2020-12-09 05:00:00,12.9,76,8.6,991.4,5,12.8
2020-12-09 06:00:00,12.8,76,8.5,991.2,6,14.6
2020-12-09 07:00:00,14.6,68,8.4,991.6,7,16.3
2020-12-09 08:00:00,16.3,64,8.4,992.2,8,19.3
2020-12-09 09:00:00,19.3,53,9.0,991.8,9,22.8
2020-12-09 10:00:00,22.8,40,11.1,991.5,10,25.6
2020-12-09 11:00:00,25.6,30,12.4,991.2,11,27.9
2020-12-09 12:00:00,27.9,24,11.9,991.0,12,29.5
2020-12-09 13:00:00,29.5,20,11.1,990.5,13,30.7
2020-12-09 14:00:00,30.7,17,10.2,989.9,14,31.4
2020-12-09 15:00:00,31.4,16,9.7,989.1,15,31.9
2020-12-09 16:00:00,31.9,15,10.5,988.2,16,31.9
2020-12-09 17:00:00,31.9,15,13.1,987.3,17,29.6
2020-12-09 18:00:00,29.6,22,16.9,987.2,18,25.9
2020-12-09 19:00:00,25.9,30,15.2,987.3,19,22.9
2020-12-09 20:00:00,22.9,40,11.2,987.4,20,20.9
2020-12-09 21:00:00,20.9,44,7.2,987.9,21,18.7
2020-12-09 22:00:00,18.7,52,5.1,988.6,22,17.5
2020-12-09 23:00:00,17.5,55,4.5,988.6,23,16.4
2020-12-10 00:00:00,16.4,61,5.4,988.4,0,15.4
2020-12-10 01:00:00,15.4,65,5.4,988.1,1,14.8
2020-12-10 02:00:00,14.8,68,4.8,987.6,2,15.4
2020-12-10 03:00:00,15.4,63,3.3,987.4,3,14.1
2020-12-10 04:00:00,14.1,70,2.2,987.0,4,12.6
2020-12-10 05:00:00,12.6,80,4.9,987.2,5,13.1
2020-12-10 06:00:00,13.1,79,1.4,987.8,6,14.9
2020-12-10 07:00:00,14.9,66,1.0,988.6,7,15.9
2020-12-10 08:00:00,15.9,60,4.3,989.5,8,17.7
2020-12-10 09:00:00,17.7,53,5.1,990.0,9,20.1
2020-12-10 10:00:00,20.1,43,6.3,990.5,10,21.9
2020-12-10 11:00:00,21.9,38,6.3,990.9,11,23.5
2020-12-10 12:00:00,23.5,35,5.4,991.5,12,24.4
2020-12-10 13:00:00,24.4,34,5.6,991.7,13,25.2
2020-12-10 14:00:00,25.2,32,9.2,991.3,14,25.8
2020-12-10 15:00:00,25.8,28,12.0,990.8,15,25.0
2020-12-10 16:00:00,25.0,32,15.5,990.3,16,24.2
2020-12-10 17:00:00,24.2,33,16.1,990.5,17,21.6
2020-12-10 18:00:00,21.6,40,22.2,991.2,18,19.4
2020-12-10 19:00:00,19.4,51,17.9,992.1,19,19.2
2020-12-10 20:00:00,19.2,52,14.7,992.7,20,18.8
2020-12-10 21:00:00,18.8,53,19.2,993.3,21,17.5
2020-12-10 22:00:00,17.5,57,18.5,994.3,22,16.7
2020-12-10 23:00:00,16.7,55,17.7,994.0,23,15.7
2020-12-11 00:00:00,15.7,52,15.1,993.8,0,14.6
2020-12-11 01:00:00,14.6,53,15.0,993.1,1,13.6
2020-12-11 02:00:00,13.6,59,17.6,992.4,2,12.6
2020-12-11 03:00:00,12.6,67,16.4,991.8,3,11.8
2020-12-11 04:00:00,11.8,74,13.9,991.5,4,11.1
2020-12-11 05:00:00,11.1,79,12.9,991.8,5,10.9
2020-12-11 06:00:00,10.9,82,12.1,992.1,6,12.6
2020-12-11 07:00:00,12.6,75,13.4,992.3,7,14.8
2020-12-11 08:00:00,14.8,65,14.0,993.0,8,17.7
2020-12-11 09:00:00,17.7,48,15.6,993.1,9,20.4
2020-12-11 10:00:00,20.4,37,14.0,992.9,10,22.6
2020-12-11 11:00:00,22.6,30,12.9,992.6,11,24.5
2020-12-11 12:00:00,24.5,24,12.5,992.1,12,26.0
2020-12-11 13:00:00,26.0,20,13.1,991.5,13,27.0
2020-12-11 14:00:00,27.0,18,14.5,991.1,14,27.5
2020-12-11 15:00:00,27.5,17,15.3,990.3,15,27.5
2020-12-11 16:00:00,27.5,17,15.0,989.9,16,27.0
2020-12-11 17:00:00,27.0,17,14.6,989.6,17,26.3
2020-12-11 18:00:00,26.3,18,14.5,989.4,18,25.0
2020-12-11 19:00:00,25.0,21,13.6,989.5,19,22.6
2020-12-11 20:00:00,22.6,24,12.1,989.5,20,20.6
2020-12-11 21:00:00,20.6,28,19.6,990.2,21,18.5
2020-12-11 22:00:00,18.5,33,19.3,990.7,22,16.9
2020-12-11 23:00:00,16.9,39,17.6,990.8,23,15.2
2020-12-12 00:00:00,15.2,48,17.2,990.7,0,13.5
2020-12-12 01:00:00,13.5,59,17.9,990.6,1,12.6
2020-12-12 02:00:00,12.6,65,14.7,990.3,2,11.9
2020-12-12 03:00:00,11.9,70,14.6,990.3,3,11.2
2020-12-12 04:00:00,11.2,76,10.4,990.0,4,10.7
2020-12-12 05:00:00,10.7,80,10.3,990.5,5,10.6
2020-12-12 06:00:00,10.6,83,10.9,990.9,6,12.1
2020-12-12 07:00:00,12.1,77,10.0,991.3,7,14.6
2020-12-12 08:00:00,14.6,68,11.2,992.3,8,17.5
2020-12-12 09:00:00,17.5,55,10.1,992.4,9,20.2
2020-12-12 10:00:00,20.2,44,7.9,992.3,10,22.6
2020-12-12 11:00:00,22.6,35,6.1,992.3,11,24.5
2020-12-12 12:00:00,24.5,30,10.2,992.3,12,25.5
2020-12-12 13:00:00,25.5,29,8.4,991.6,13,26.4
2020-12-12 14:00:00,26.4,29,9.0,991.4,14,26.8
2020-12-12 15:00:00,26.8,30,13.1,991.2,15,25.8
2020-12-12 16:00:00,25.8,33,17.7,991.2,16,23.5
2020-12-12 17:00:00,23.5,37,20.8,991.7,17,22.0
2020-12-12 18:00:00,22.0,46,19.1,992.5,18,20.0
2020-12-12 19:00:00,20.0,51,18.6,993.6,19,18.0
2020-12-12 20:00:00,18.0,61,18.6,994.3,20,17.6
2020-12-12 21:00:00,17.6,64,13.4,994.7,21,16.9
2020-12-12 22:00:00,16.9,68,14.1,995.2,22,16.4
2020-12-12 23:00:00,16.4,69,11.9,995.1,23,15.6
2020-12-13 00:00:00,15.6,73,13.9,994.7,0,14.9
2020-12-13 01:00:00,14.9,76,14.7,994.3,1,14.2
2020-12-13 02:00:00,14.2,81,15.5,993.7,2,13.6
2020-12-13 03:00:00,13.6,86,15.8,993.5,3,12.9
2020-12-13 04:00:00,12.9,91,14.7,993.2,4,12.1
2020-12-13 05:00:00,12.1,97,14.3,993.2,5,12.3
2020-12-13 06:00:00,12.3,95,17.5,993.4,6,13.1
2020-12-13 07:00:00,13.1,88,17.9,993.7,7,14.6
2020-12-13 08:00:00,14.6,78,18.8,994.0,8,17.8
2020-12-13 09:00:00,17.8,60,18.7,993.4,9,21.2
2020-12-13 10:00:00,21.2,43,22.7,993.2,10,24.0
2020-12-13 11:00:00,24.0,30,24.2,993.2,11,26.2
2020-12-13 12:00:00,26.2,21,23.7,992.8,12,28.0
2020-12-13 13:00:00,28.0,16,23.5,992.5,13,29.1
2020-12-13 14:00:00,29.1,14,23.9,992.1,14,29.6
2020-12-13 15:00:00,29.6,12,24.3,991.5,15,29.4
2020-12-13 16:00:00,29.4,12,25.5,991.2,16,28.5
2020-12-13 17:00:00,28.5,12,25.6,990.8,17,27.4
2020-12-13 18:00:00,27.4,13,24.3,990.8,18,25.5
2020-12-13 19:00:00,25.5,16,22.1,990.9,19,23.0
2020-12-13 20:00:00,23.0,18,18.7,990.8,20,21.2
2020-12-13 21:00:00,21.2,21,16.8,991.3,21,19.5
2020-12-13 22:00:00,19.5,26,15.8,991.5,22,18.1
2020-12-13 23:00:00,18.1,33,15.7,991.6,23,16.6
2020-12-14 00:00:00,16.6,40,14.1,991.3,0,15.1
2020-12-14 01:00:00,15.1,47,13.6,990.8,1,14.1
2020-12-14 02:00:00,14.1,55,13.3,990.2,2,13.2
2020-12-14 03:00:00,13.2,60,12.2,990.0,3,12.3
2020-12-14 04:00:00,12.3,67,10.5,989.9,4,11.5
2020-12-14 05:00:00,11.5,72,11.8,990.0,5,11.2
2020-12-14 06:00:00,11.2,74,14.5,990.4,6,12.4
2020-12-14 07:00:00,12.4,67,15.2,990.7,7,14.4
2020-12-14 08:00:00,14.4,59,16.8,991.3,8,17.2
2020-12-14 09:00:00,17.2,45,18.0,991.3,9,20.5
2020-12-14 10:00:00,20.5,33,18.2,990.9,10,23.5
2020-12-14 11:00:00,23.5,25,18.8,990.8,11,25.9
2020-12-14 12:00:00,25.9,19,20.6,990.7,12,27.5
2020-12-14 13:00:00,27.5,18,19.3,990.1,13,28.5
2020-12-14 14:00:00,28.5,19,19.0,989.8,14,28.6
2020-12-14 15:00:00,28.6,21,20.6,989.3,15,27.9
2020-12-14 16:00:00,27.9,25,23.0,989.3,16,26.2
2020-12-14 17:00:00,26.2,26,20.9,989.3,17,25.8
2020-12-14 18:00:00,25.8,26,17.5,989.1,18,24.8
2020-12-14 19:00:00,24.8,27,15.7,989.1,19,22.1
2020-12-14 20:00:00,22.1,33,9.7,989.4,20,21.0
2020-12-14 21:00:00,21.0,43,17.7,990.2,21,19.3
2020-12-14 22:00:00,19.3,54,19.7,990.5,22,18.1
2020-12-14 23:00:00,18.1,60,18.8,990.5,23,16.8
2020-12-15 00:00:00,16.8,67,18.4,990.5,0,15.7
2020-12-15 01:00:00,15.7,73,18.0,990.2,1,14.6
2020-12-15 02:00:00,14.6,79,16.9,989.8,2,13.5
2020-12-15 03:00:00,13.5,85,16.0,989.4,3,12.7
2020-12-15 04:00:00,12.7,89,15.5,989.2,4,12.1
2020-12-15 05:00:00,12.1,93,13.0,989.2,5,12.4
2020-12-15 06:00:00,12.4,91,15.3,989.7,6,13.1
2020-12-15 07:00:00,13.1,85,15.5,990.1,7,14.0
2020-12-15 08:00:00,14.0,80,12.6,990.7,8,16.1
2020-12-15 09:00:00,16.1,68,10.9,990.4,9,19.6
2020-12-15 10:00:00,19.6,51,12.2,990.3,10,22.6
2020-12-15 11:00:00,22.6,38,14.3,989.9,11,25.1
2020-12-15 12:00:00,25.1,30,15.2,989.3,12,27.0
2020-12-15 13:00:00,27.0,23,15.5,988.9,13,28.4
2020-12-15 14:00:00,28.4,19,16.3,988.3,14,29.2
2020-12-15 15:00:00,29.2,15,16.4,987.8,15,29.3
2020-12-15 16:00:00,29.3,12,16.8,987.5,16,28.9
2020-12-15 17:00:00,28.9,12,16.6,987.3,17,27.9
2020-12-15 18:00:00,27.9,13,17.1,987.3,18,26.2
2020-12-15 19:00:00,26.2,16,14.7,987.5,19,24.2
2020-12-15 20:00:00,24.2,19,12.1,987.1,20,22.6
2020-12-15 21:00:00,22.6,21,13.6,987.4,21,21.0
2020-12-15 22:00:00,21.0,25,14.8,988.1,22,19.7
2020-12-15 23:00:00,19.7,30,17.1,988.3,23,18.0
2020-12-16 00:00:00,18.0,38,16.9,988.2,0,16.4
2020-12-16 01:00:00,16.4,46,16.0,988.0,1,14.9
2020-12-16 02:00:00,14.9,53,16.2,987.8,2,13.4
2020-12-16 03:00:00,13.4,60,13.6,987.8,3,12.2
2020-12-16 04:00:00,12.2,68,11.8,987.8,4,11.2
2020-12-16 05:00:00,11.2,75,10.0,987.9,5,10.8
2020-12-16 06:00:00,10.8,79,9.2,988.3,6,12.2
2020-12-16 07:00:00,12.2,73,7.9,988.7,7,14.8
2020-12-16 08:00:00,14.8,67,8.2,989.7,8,18.0
2020-12-16 09:00:00,18.0,55,7.4,989.6,9,21.4
2020-12-16 10:00:00,21.4,45,6.1,989.5,10,24.6
2020-12-16 11:00:00,24.6,34,6.1,989.5,11,27.2
2020-12-16 12:00:00,27.2,27,6.2,989.2,12,29.0
2020-12-16 13:00:00,29.0,23,5.5,989.0,13,30.3
2020-12-16 14:00:00,30.3,20,6.7,988.6,14,31.0
2020-12-16 15:00:00,31.0,18,7.5,988.1,15,31.2
2020-12-16 16:00:00,31.2,17,7.6,987.5,16,31.1
2020-12-16 17:00:00,31.1,16,8.4,986.9,17,30.0
2020-12-16 18:00:00,30.0,20,11.8,986.7,18,26.9
2020-12-16 19:00:00,26.9,31,15.3,986.7,19,23.5
2020-12-16 20:00:00,23.5,38,10.1,986.8,20,21.5
2020-12-16 21:00:00,21.5,43,4.8,987.0,21,20.2
2020-12-16 22:00:00,20.2,46,4.7,987.9,22,18.9
2020-12-16 23:00:00,18.9,50,5.5,988.0,23,17.6
2020-12-17 00:00:00,17.6,53,4.4,988.0,0,16.5
2020-12-17 01:00:00,16.5,56,5.8,988.0,1,15.6
2020-12-17 02:00:00,15.6,58,6.4,987.8,2,14.7
2020-12-17 03:00:00,14.7,60,7.3,987.5,3,13.7
2020-12-17 04:00:00,13.7,64,5.7,987.8,4,13.0
2020-12-17 05:00:00,13.0,68,4.6,988.3,5,13.1
2020-12-17 06:00:00,13.1,69,6.9,989.0,6,14.9
2020-12-17 07:00:00,14.9,65,6.0,989.5,7,17.1
2020-12-17 08:00:00,17.1,62,5.8,989.9,8,20.4
2020-12-17 09:00:00,20.4,49,5.4,989.6,9,23.3
2020-12-17 10:00:00,23.3,40,4.0,989.2,10,26.1
2020-12-17 11:00:00,26.1,34,2.4,989.0,11,28.5
2020-12-17 12:00:00,28.5,29,2.5,988.7,12,30.0
2020-12-17 13:00:00,30.0,27,5.3,988.4,13,31.0
2020-12-17 14:00:00,31.0,26,7.0,988.0,14,31.0
2020-12-17 15:00:00,31.0,27,10.0,987.4,15,30.0
2020-12-17 16:00:00,30.0,31,16.7,987.4,16,27.8
2020-12-17 17:00:00,27.8,34,19.5,987.2,17,25.8
2020-12-17 18:00:00,25.8,36,18.0,987.1,18,23.8
2020-12-17 19:00:00,23.8,39,11.1,987.6,19,19.5
2020-12-17 20:00:00,19.5,54,12.0,988.2,20,17.8
2020-12-17 21:00:00,17.8,60,8.2,988.7,21,16.4
2020-12-17 22:00:00,16.4,64,9.8,989.5,22,14.6
2020-12-17 23:00:00,14.6,70,10.8,989.7,23,13.7
2020-12-18 00:00:00,13.7,73,5.6,990.1,0,13.4
2020-12-18 01:00:00,13.4,72,8.0,990.0,1,12.9
2020-12-18 02:00:00,12.9,73,8.3,990.1,2,12.6
2020-12-18 03:00:00,12.6,73,9.5,989.9,3,12.3
2020-12-18 04:00:00,12.3,74,9.5,990.1,4,12.5
2020-12-18 05:00:00,12.5,72,9.3,990.5,5,12.6
2020-12-18 06:00:00,12.6,71,5.0,991.0,6,13.3
2020-12-18 07:00:00,13.3,68,4.5,991.4,7,14.4
2020-12-18 08:00:00,14.4,62,7.6,992.5,8,16.1
2020-12-18 09:00:00,16.1,56,10.6,992.4,9,17.4
2020-12-18 10:00:00,17.4,52,12.3,992.3,10,18.5
2020-12-18 11:00:00,18.5,46,11.2,992.3,11,20.2
2020-12-18 12:00:00,20.2,36,7.7,992.1,12,22.9
2020-12-18 13:00:00,22.9,29,10.3,991.7,13,23.9
2020-12-18 14:00:00,23.9,29,12.5,991.7,14,22.5
2020-12-18 15:00:00,22.5,31,16.3,992.0,15,22.1
2020-12-18 16:00:00,22.1,32,13.8,991.7,16,21.7
2020-12-18 17:00:00,21.7,34,17.4,991.7,17,19.5
2020-12-18 18:00:00,19.5,48,17.8,992.2,18,17.5
2020-12-18 19:00:00,17.5,57,15.5,993.0,19,17.0
2020-12-18 20:00:00,17.0,57,12.0,993.1,20,16.0
2020-12-18 21:00:00,16.0,62,10.5,993.9,21,15.4
2020-12-18 22:00:00,15.4,65,6.5,994.1,22,14.6
2020-12-18 23:00:00,14.6,70,4.8,993.8,23,13.8
2020-12-19 00:00:00,13.8,75,6.9,993.6,0,12.9
2020-12-19 01:00:00,12.9,80,6.5,992.9,1,12.2
2020-12-19 02:00:00,12.2,85,7.3,992.6,2,11.8
2020-12-19 03:00:00,11.8,87,7.7,992.4,3,11.6
2020-12-19 04:00:00,11.6,87,8.9,991.9,4,11.4
2020-12-19 05:00:00,11.4,88,11.7,991.7,5,11.5
2020-12-19 06:00:00,11.5,87,12.4,991.8,6,12.7
2020-12-19 07:00:00,12.7,81,16.9,992.0,7,14.1
2020-12-19 08:00:00,14.1,75,15.5,991.6,8,17.1
2020-12-19 09:00:00,17.1,61,13.5,991.7,9,19.5
2020-12-19 10:00:00,19.5,51,10.5,991.5,10,21.2
2020-12-19 11:00:00,21.2,45,10.4,991.4,11,22.5
2020-12-19 12:00:00,22.5,39,10.0,991.2,12,23.6
2020-12-19 13:00:00,23.6,35,6.4,990.7,13,24.7
2020-12-19 14:00:00,24.7,32,7.6,990.6,14,25.5
2020-12-19 15:00:00,25.5,30,6.3,990.0,15,25.8
2020-12-19 16:00:00,25.8,29,3.5,989.7,16,25.2
2020-12-19 17:00:00,25.2,29,8.4,989.5,17,22.9
2020-12-19 18:00:00,22.9,38,18.2,989.7,18,21.2
2020-12-19 19:00:00,21.2,41,15.9,989.9,19,19.6
2020-12-19 20:00:00,19.6,45,12.8,990.0,20,18.0
2020-12-19 21:00:00,18.0,50,6.6,990.7,21,17.3
2020-12-19 22:00:00,17.3,53,4.5,991.1,22,16.5
2020-12-19 23:00:00,16.5,57,6.1,991.2,23,16.0
2020-12-20 00:00:00,16.0,58,8.0,990.8,0,15.4
2020-12-20 01:00:00,15.4,61,11.3,990.4,1,14.4
2020-12-20 02:00:00,14.4,66,11.1,990.2,2,13.6
2020-12-20 03:00:00,13.6,71,9.9,989.9,3,12.8
2020-12-20 04:00:00,12.8,74,9.2,990.0,4,12.0
2020-12-20 05:00:00,12.0,78,7.7,990.3,5,11.9
2020-12-20 06:00:00,11.9,79,9.9,990.9,6,13.3
2020-12-20 07:00:00,13.3,73,11.4,991.3,7,15.6
2020-12-20 08:00:00,15.6,64,13.4,992.1,8,18.5
2020-12-20 09:00:00,18.5,52,13.2,991.7,9,21.4
2020-12-20 10:00:00,21.4,40,14.7,991.6,10,23.9
2020-12-20 11:00:00,23.9,32,14.7,991.4,11,25.8
2020-12-20 12:00:00,25.8,28,12.7,991.0,12,27.3
2020-12-20 13:00:00,27.3,25,12.5,990.2,13,28.5
2020-12-20 14:00:00,28.5,23,13.7,989.8,14,29.1
2020-12-20 15:00:00,29.1,21,15.5,989.4,15,29.1
2020-12-20 16:00:00,29.1,19,16.4,988.7,16,28.8
2020-12-20 17:00:00,28.8,18,16.5,988.3,17,27.9
2020-12-20 18:00:00,27.9,19,17.2,988.0,18,26.6
2020-12-20 19:00:00,26.6,20,15.8,987.9,19,24.4
2020-12-20 20:00:00,24.4,23,11.4,987.8,20,23.1
2020-12-20 21:00:00,23.1,25,13.0,988.0,21,22.0
2020-12-20 22:00:00,22.0,27,15.5,988.7,22,20.5
2020-12-20 23:00:00,20.5,30,17.2,988.7,23,19.0
2020-12-21 00:00:00,19.0,36,16.8,988.3,0,17.7
2020-12-21 01:00:00,17.7,41,15.8,988.1,1,16.5
2020-12-21 02:00:00,16.5,47,15.0,987.8,2,15.2
2020-12-21 03:00:00,15.2,56,12.9,987.4,3,14.1
2020-12-21 04:00:00,14.1,64,12.1,987.5,4,13.0
2020-12-21 05:00:00,13.0,72,10.9,987.9,5,12.6
2020-12-21 06:00:00,12.6,78,11.4,988.7,6,13.6
2020-12-21 07:00:00,13.6,76,9.7,989.2,7,15.6
2020-12-21 08:00:00,15.6,70,8.4,989.9,8,18.8
2020-12-21 09:00:00,18.8,58,7.2,989.9,9,22.2
2020-12-21 10:00:00,22.2,47,6.3,989.6,10,25.5
2020-12-21 11:00:00,25.5,37,6.4,989.5,11,28.1
2020-12-21 12:00:00,28.1,29,6.6,989.5,12,30.1
2020-12-21 13:00:00,30.1,25,7.1,989.2,13,31.5
2020-12-21 14:00:00,31.5,24,8.4,989.0,14,32.0
2020-12-21 15:00:00,32.0,22,9.7,988.5,15,32.3
2020-12-21 16:00:00,32.3,21,9.4,988.0,16,32.2
2020-12-21 17:00:00,32.2,21,11.6,987.5,17,31.0
2020-12-21 18:00:00,31.0,24,14.8,987.4,18,28.4
2020-12-21 19:00:00,28.4,33,15.3,987.3,19,25.0
2020-12-21 20:00:00,25.0,43,11.5,986.8,20,23.1
2020-12-21 21:00:00,23.1,49,7.1,986.8,21,21.5
2020-12-21 22:00:00,21.5,54,6.5,987.3,22,19.8
2020-12-21 23:00:00,19.8,61,6.6,987.5,23,19.8
2020-12-22 00:00:00,19.8,58,5.4,987.7,0,19.8
2020-12-22 01:00:00,19.8,56,5.7,987.7,1,18.0
2020-12-22 02:00:00,18.0,61,8.8,987.4,2,17.0
2020-12-22 03:00:00,17.0,59,7.8,987.0,3,16.9
2020-12-22 04:00:00,16.9,56,8.4,987.0,4,15.7
2020-12-22 05:00:00,15.7,63,9.8,987.3,5,14.9
2020-12-22 06:00:00,14.9,72,10.2,987.7,6,16.1
2020-12-22 07:00:00,16.1,71,10.5,988.3,7,17.9
2020-12-22 08:00:00,17.9,66,9.0,989.7,8,20.4
2020-12-22 09:00:00,20.4,58,6.9,989.5,9,23.2
2020-12-22 10:00:00,23.2,49,7.4,989.6,10,25.8
2020-12-22 11:00:00,25.8,40,8.9,989.7,11,28.0
2020-12-22 12:00:00,28.0,33,10.2,989.7,12,29.6
2020-12-22 13:00:00,29.6,28,10.0,989.5,13,30.9
2020-12-22 14:00:00,30.9,24,10.0,989.2,14,31.8
2020-12-22 15:00:00,31.8,22,10.6,988.6,15,32.2
2020-12-22 16:00:00,32.2,20,11.6,987.8,16,32.0
2020-12-22 17:00:00,32.0,19,13.0,987.1,17,31.4
2020-12-22 18:00:00,31.4,20,14.3,986.7,18,29.8
2020-12-22 19:00:00,29.8,24,10.9,986.5,19,26.4
2020-12-22 20:00:00,26.4,36,9.2,986.6,20,23.8
2020-12-22 21:00:00,23.8,47,8.0,986.9,21,22.6
2020-12-22 22:00:00,22.6,48,11.5,987.3,22,23.1
2020-12-22 23:00:00,23.1,29,15.8,987.4,23,21.6
2020-12-23 00:00:00,21.6,32,15.6,987.3,0,20.0
2020-12-23 01:00:00,20.0,40,15.1,986.8,1,18.5
2020-12-23 02:00:00,18.5,50,15.1,986.4,2,17.0
2020-12-23 03:00:00,17.0,60,15.1,986.1,3,15.6
2020-12-23 04:00:00,15.6,70,14.4,986.3,4,14.3
2020-12-23 05:00:00,14.3,78,14.4,986.6,5,13.6
2020-12-23 06:00:00,13.6,82,14.2,987.1,6,14.4
2020-12-23 07:00:00,14.4,78,12.4,987.7,7,15.4
2020-12-23 08:00:00,15.4,78,6.4,988.9,8,18.4
2020-12-23 09:00:00,18.4,65,4.1,989.0,9,21.5
2020-12-23 10:00:00,21.5,53,4.8,989.0,10,24.4
2020-12-23 11:00:00,24.4,43,6.7,989.4,11,26.6
2020-12-23 12:00:00,26.6,35,8.7,989.5,12,28.1
2020-12-23 13:00:00,28.1,29,10.1,989.2,13,29.4
2020-12-23 14:00:00,29.4,25,10.6,988.8,14,30.3
2020-12-23 15:00:00,30.3,23,11.6,988.3,15,30.6
2020-12-23 16:00:00,30.6,23,13.1,987.6,16,29.8
2020-12-23 17:00:00,29.8,27,14.9,987.2,17,28.0
2020-12-23 18:00:00,28.0,36,15.3,987.1,18,25.7
2020-12-23 19:00:00,25.7,42,15.0,987.1,19,23.2
2020-12-23 20:00:00,23.2,47,10.7,987.4,20,21.0
2020-12-23 21:00:00,21.0,55,5.1,987.5,21,20.1
2020-12-23 22:00:00,20.1,59,5.4,988.0,22,18.8
2020-12-23 23:00:00,18.8,62,5.1,988.0,23,17.9
2020-12-24 00:00:00,17.9,65,7.4,987.9,0,18.0
2020-12-24 01:00:00,18.0,61,7.2,987.7,1,17.6
2020-12-24 02:00:00,17.6,58,8.5,987.3,2,16.5
2020-12-24 03:00:00,16.5,61,7.3,987.3,3,15.9
2020-12-24 04:00:00,15.9,63,7.6,987.4,4,15.3
2020-12-24 05:00:00,15.3,67,8.4,988.1,5,14.9
2020-12-24 06:00:00,14.9,70,9.7,989.0,6,15.9
2020-12-24 07:00:00,15.9,68,9.8,989.5,7,17.7
2020-12-24 08:00:00,17.7,63,7.1,990.8,8,20.4
2020-12-24 09:00:00,20.4,54,7.9,990.7,9,23.2
2020-12-24 10:00:00,23.2,44,11.0,990.7,10,25.8
2020-12-24 11:00:00,25.8,35,12.9,990.8,11,27.9
2020-12-24 12:00:00,27.9,28,14.0,990.6,12,29.6
2020-12-24 13:00:00,29.6,24,15.0,990.1,13,30.9
2020-12-24 14:00:00,30.9,20,15.6,989.7,14,31.7
2020-12-24 15:00:00,31.7,17,16.5,989.1,15,31.8
2020-12-24 16:00:00,31.8,16,17.1,988.7,16,31.5
2020-12-24 17:00:00,31.5,15,17.2,988.0,17,30.9
2020-12-24 18:00:00,30.9,15,18.7,987.9,18,29.5
2020-12-24 19:00:00,29.5,16,16.8,987.8,19,27.0
2020-12-24 20:00:00,27.0,18,13.2,987.3,20,25.6
2020-12-24 21:00:00,25.6,19,13.7,987.7,21,24.2
2020-12-24 22:00:00,24.2,23,14.5,987.9,22,22.7
2020-12-24 23:00:00,22.7,31,15.1,988.1,23,21.1
2020-12-25 00:00:00,21.1,40,15.9,987.8,0,19.8
2020-12-25 01:00:00,19.8,44,14.9,987.5,1,18.7
2020-12-25 02:00:00,18.7,46,14.1,986.9,2,17.6
2020-12-25 03:00:00,17.6,49,13.5,986.5,3,16.5
2020-12-25 04:00:00,16.5,56,13.0,986.4,4,15.2
2020-12-25 05:00:00,15.2,64,11.5,986.5,5,14.6
2020-12-25 06:00:00,14.6,71,11.3,987.2,6,15.7
2020-12-25 07:00:00,15.7,70,11.3,987.7,7,17.5
2020-12-25 08:00:00,17.5,65,9.3,988.7,8,19.9
2020-12-25 09:00:00,19.9,57,8.0,989.0,9,22.5
2020-12-25 10:00:00,22.5,49,8.4,988.7,10,25.2
2020-12-25 11:00:00,25.2,40,8.9,988.5,11,27.8
2020-12-25 12:00:00,27.8,33,9.7,988.0,12,29.9
2020-12-25 13:00:00,29.9,27,11.5,987.7,13,31.4
2020-12-25 14:00:00,31.4,22,12.9,987.3,14,32.5
2020-12-25 15:00:00,32.5,20,14.9,986.8,15,32.6
2020-12-25 16:00:00,32.6,19,15.1,986.5,16,32.8
2020-12-25 17:00:00,32.8,17,15.4,985.9,17,32.3
2020-12-25 18:00:00,32.3,16,15.8,985.8,18,30.7
2020-12-25 19:00:00,30.7,20,10.7,986.1,19,26.2
2020-12-25 20:00:00,26.2,36,8.3,986.4,20,23.6
2020-12-25 21:00:00,23.6,45,8.0,986.9,21,22.0
2020-12-25 22:00:00,22.0,51,9.4,987.5,22,21.6
2020-12-25 23:00:00,21.6,52,10.7,987.7,23,21.4
2020-12-26 00:00:00,21.4,54,11.8,987.7,0,20.5
2020-12-26 01:00:00,20.5,57,11.9,987.4,1,19.5
2020-12-26 02:00:00,19.5,62,10.2,987.0,2,18.5
2020-12-26 03:00:00,18.5,67,10.0,986.7,3,17.6
2020-12-26 04:00:00,17.6,73,9.8,986.6,4,16.6
2020-12-26 05:00:00,16.6,79,9.7,986.6,5,16.0
2020-12-26 06:00:00,16.0,84,10.0,986.9,6,17.2
2020-12-26 07:00:00,17.2,79,9.5,987.4,7,18.8
2020-12-26 08:00:00,18.8,74,9.2,988.0,8,21.1
2020-12-26 09:00:00,21.1,65,6.6,988.2,9,23.6
2020-12-26 10:00:00,23.6,55,4.1,988.3,10,26.0
2020-12-26 11:00:00,26.0,47,4.1,988.4,11,28.0
2020-12-26 12:00:00,28.0,38,6.6,988.1,12,29.7
2020-12-26 13:00:00,29.7,31,8.2,987.6,13,31.0
2020-12-26 14:00:00,31.0,26,9.7,987.2,14,31.8
2020-12-26 15:00:00,31.8,24,10.3,986.4,15,31.8
2020-12-26 16:00:00,31.8,26,11.6,985.9,16,29.9
2020-12-26 17:00:00,29.9,34,17.2,985.7,17,27.6
2020-12-26 18:00:00,27.6,38,17.3,985.6,18,25.0
2020-12-26 19:00:00,25.0,44,12.6,986.0,19,21.8
2020-12-26 20:00:00,21.8,55,8.7,985.8,20,19.9
2020-12-26 21:00:00,19.9,61,8.7,986.5,21,18.6
2020-12-26 22:00:00,18.6,65,6.0,987.2,22,18.2
2020-12-26 23:00:00,18.2,66,3.6,987.7,23,17.7
2020-12-27 00:00:00,17.7,69,7.6,987.6,0,16.6
2020-12-27 01:00:00,16.6,74,8.3,987.2,1,15.8
2020-12-27 02:00:00,15.8,78,8.1,986.7,2,15.3
2020-12-27 03:00:00,15.3,80,8.1,987.0,3,15.1
2020-12-27 04:00:00,15.1,82,8.0,987.4,4,15.0
2020-12-27 05:00:00,15.0,82,7.8,988.1,5,15.1
2020-12-27 06:00:00,15.1,82,8.8,988.8,6,16.0
2020-12-27 07:00:00,16.0,78,9.8,989.6,7,16.2
2020-12-27 08:00:00,16.2,77,8.6,990.7,8,17.6
2020-12-27 09:00:00,17.6,72,9.0,991.0,9,20.9
2020-12-27 10:00:00,20.9,60,9.7,991.0,10,23.2
2020-12-27 11:00:00,23.2,52,9.1,991.4,11,25.5
2020-12-27 12:00:00,25.5,46,8.4,991.3,12,27.2
2020-12-27 13:00:00,27.2,41,6.6,991.0,13,28.7
2020-12-27 14:00:00,28.7,37,5.6,990.4,14,29.2
2020-12-27 15:00:00,29.2,36,6.8,989.7,15,29.2
2020-12-27 16:00:00,29.2,36,8.8,989.0,16,28.8
2020-12-27 17:00:00,28.8,37,9.8,988.4,17,28.0
2020-12-27 18:00:00,28.0,38,12.1,988.3,18,26.3
2020-12-27 19:00:00,26.3,41,14.2,988.3,19,24.5
2020-12-27 20:00:00,24.5,47,13.1,988.1,20,21.7
2020-12-27 21:00:00,21.7,56,11.8,988.2,21,19.6
2020-12-27 22:00:00,19.6,63,9.9,988.9,22,18.2
2020-12-27 23:00:00,18.2,68,8.3,989.6,23,17.4
2020-12-28 00:00:00,17.4,71,7.2,989.7,0,16.9
2020-12-28 01:00:00,16.9,73,4.3,989.3,1,16.6
2020-12-28 02:00:00,16.6,74,5.4,989.1,2,16.2
2020-12-28 03:00:00,16.2,76,4.7,989.1,3,15.6
2020-12-28 04:00:00,15.6,79,4.6,989.1,4,14.9
2020-12-28 05:00:00,14.9,85,6.5,989.4,5,15.2
2020-12-28 06:00:00,15.2,83,2.5,990.0,6,17.0
2020-12-28 07:00:00,17.0,75,1.8,990.3,7,18.4
2020-12-28 08:00:00,18.4,72,2.5,991.0,8,21.1
2020-12-28 09:00:00,21.1,61,2.4,990.9,9,24.0
2020-12-28 10:00:00,24.0,51,5.3,990.9,10,26.6
2020-12-28 11:00:00,26.6,44,8.7,991.0,11,28.5
2020-12-28 12:00:00,28.5,38,10.2,991.4,12,30.0
2020-12-28 13:00:00,30.0,34,10.5,991.3,13,30.9
2020-12-28 14:00:00,30.9,32,10.5,990.9,14,31.4
2020-12-28 15:00:00,31.4,31,11.8,990.2,15,31.0
2020-12-28 16:00:00,31.0,32,14.0,989.7,16,29.9
2020-12-28 17:00:00,29.9,34,16.3,989.3,17,28.1
2020-12-28 18:00:00,28.1,37,17.8,989.4,18,26.0
2020-12-28 19:00:00,26.0,41,17.2,989.6,19,23.7
2020-12-28 20:00:00,23.7,48,14.5,989.9,20,22.0
2020-12-28 21:00:00,22.0,52,7.6,990.4,21,20.8
2020-12-28 22:00:00,20.8,56,6.5,990.9,22,19.5
2020-12-28 23:00:00,19.5,60,5.9,991.0,23,18.5
2020-12-29 00:00:00,18.5,64,4.0,990.9,0,18.0
2020-12-29 01:00:00,18.0,65,6.3,990.6,1,17.5
2020-12-29 02:00:00,17.5,66,8.1,990.2,2,16.9
2020-12-29 03:00:00,16.9,66,8.9,989.9,3,16.1
2020-12-29 04:00:00,16.1,69,8.2,990.3,4,15.4
2020-12-29 05:00:00,15.4,73,6.6,990.9,5,15.2
2020-12-29 06:00:00,15.2,74,6.9,991.6,6,16.5
2020-12-29 07:00:00,16.5,69,7.7,992.5,7,18.3
2020-12-29 08:00:00,18.3,67,5.9,993.3,8,20.4
2020-12-29 09:00:00,20.4,59,6.2,993.4,9,22.6
2020-12-29 10:00:00,22.6,52,6.1,993.3,10,24.8
2020-12-29 11:00:00,24.8,44,7.5,993.5,11,26.7
2020-12-29 12:00:00,26.7,35,9.6,993.4,12,28.0
2020-12-29 13:00:00,28.0,29,10.8,993.1,13,29.1
2020-12-29 14:00:00,29.1,23,11.8,992.6,14,29.5
2020-12-29 15:00:00,29.5,19,14.6,991.8,15,28.6
2020-12-29 16:00:00,28.6,18,18.4,991.7,16,26.8
2020-12-29 17:00:00,26.8,22,20.6,991.6,17,25.4
2020-12-29 18:00:00,25.4,31,19.7,991.7,18,23.7
2020-12-29 19:00:00,23.7,42,18.5,992.3,19,22.2
2020-12-29 20:00:00,22.2,49,17.3,992.7,20,20.8
2020-12-29 21:00:00,20.8,51,19.8,993.8,21,19.5
2020-12-29 22:00:00,19.5,51,16.8,994.6,22,18.6
2020-12-29 23:00:00,18.6,53,12.9,994.7,23,17.7
2020-12-30 00:00:00,17.7,56,17.3,994.3,0,16.2
2020-12-30 01:00:00,16.2,61,17.3,993.8,1,15.2
2020-12-30 02:00:00,15.2,60,15.9,992.9,2,14.4
2020-12-30 03:00:00,14.4,61,15.0,992.2,3,13.5
2020-12-30 04:00:00,13.5,65,15.8,991.9,4,12.8
2020-12-30 05:00:00,12.8,71,16.3,992.0,5,12.4
2020-12-30 06:00:00,12.4,76,15.1,992.4,6,13.6
2020-12-30 07:00:00,13.6,71,16.9,992.7,7,15.8
2020-12-30 08:00:00,15.8,62,18.0,993.2,8,18.4
2020-12-30 09:00:00,18.4,49,20.0,993.1,9,21.1
2020-12-30 10:00:00,21.1,38,20.1,992.9,10,23.8
2020-12-30 11:00:00,23.8,30,18.8,992.4,11,26.0
2020-12-30 12:00:00,26.0,24,19.2,991.9,12,27.9
2020-12-30 13:00:00,27.9,18,19.8,991.3,13,29.0
2020-12-30 14:00:00,29.0,15,20.1,990.5,14,29.5
2020-12-30 15:00:00,29.5,14,20.6,989.8,15,29.6
2020-12-30 16:00:00,29.6,13,21.6,989.2,16,29.1
2020-12-30 17:00:00,29.1,13,23.0,988.8,17,27.8
2020-12-30 18:00:00,27.8,13,22.5,988.8,18,26.4
2020-12-30 19:00:00,26.4,15,19.7,988.8,19,23.9
2020-12-30 20:00:00,23.9,18,15.4,988.9,20,22.5
2020-12-30 21:00:00,22.5,21,17.7,989.0,21,20.9
2020-12-30 22:00:00,20.9,25,17.9,989.1,22,19.5
2020-12-30 23:00:00,19.5,31,17.6,988.9,23,18.0
2020-12-31 00:00:00,18.0,38,17.1,988.4,0,16.5
2020-12-31 01:00:00,16.5,44,16.4,987.6,1,15.2
2020-12-31 02:00:00,15.2,51,15.1,986.6,2,14.1
2020-12-31 03:00:00,14.1,57,14.8,986.0,3,13.0
2020-12-31 04:00:00,13.0,63,14.1,985.6,4,12.0
2020-12-31 05:00:00,12.0,68,13.7,985.7,5,11.4
2020-12-31 06:00:00,11.4,73,12.8,985.8,6,12.6
2020-12-31 07:00:00,12.6,69,11.6,986.1,7,14.2
2020-12-31 08:00:00,14.2,67,12.2,987.0,8,17.1
2020-12-31 09:00:00,17.1,56,10.1,987.2,9,20.4
2020-12-31 10:00:00,20.4,45,7.1,987.5,10,23.4
2020-12-31 11:00:00,23.4,37,6.2,987.9,11,26.1
2020-12-31 12:00:00,26.1,30,6.9,988.2,12,28.5
2020-12-31 13:00:00,28.5,26,7.4,987.7,13,30.2
2020-12-31 14:00:00,30.2,23,8.0,987.4,14,31.0
2020-12-31 15:00:00,31.0,22,8.7,987.1,15,31.6
2020-12-31 16:00:00,31.6,21,8.4,986.4,16,31.2
2020-12-31 17:00:00,31.2,22,9.6,985.9,17,29.5
2020-12-31 18:00:00,29.5,28,13.3,985.7,18,27.0
2020-12-31 19:00:00,27.0,36,14.1,985.6,19,24.0
2020-12-31 20:00:00,24.0,39,9.0,986.0,20,22.1
2020-12-31 21:00:00,22.1,44,4.3,985.8,21,20.9
2020-12-31 22:00:00,20.9,48,4.3,985.6,22,19.6
2020-12-31 23:00:00,19.6,54,5.6,985.4,23,19.6
